order_id,order_timestamp,item_name,quantity,price,weather_good,event_day
1000,2024-01-01 22:18:48,Milkshake,2,28,1,1
1000,2024-01-01 22:18:48,Classic Burger,3,45,1,1
1001,2024-01-01 17:48:03,Fries,1,20,1,1
1001,2024-01-01 17:48:03,Soft Drink,3,15,1,1
1001,2024-01-01 17:48:03,Onion Rings,3,22,1,1
1001,2024-01-01 17:48:03,Milkshake,2,28,1,1
1001,2024-01-01 17:48:03,Cheese Burger,2,50,1,1
1002,2024-01-01 17:08:31,Milkshake,1,28,1,1
1003,2024-01-01 22:59:26,Cheese Burger,2,50,1,1
1004,2024-01-01 20:04:23,Fries,2,20,1,1
1004,2024-01-01 20:04:23,Cheese Burger,3,50,1,1
1004,2024-01-01 20:04:23,Onion Rings,2,22,1,1
1004,2024-01-01 20:04:23,Milkshake,3,28,1,1
1005,2024-01-01 16:12:12,Fries,3,20,1,1
1005,2024-01-01 16:12:12,Cheese Burger,2,50,1,1
1006,2024-01-01 19:29:34,Milkshake,3,28,1,1
1006,2024-01-01 19:29:34,Ice Cream,1,18,1,1
1007,2024-01-01 16:14:52,Chicken Nuggets,3,30,1,1
1007,2024-01-01 16:14:52,Chicken Burger,1,55,1,1
1007,2024-01-01 16:14:52,Soft Drink,1,15,1,1
1007,2024-01-01 16:14:52,Fries,1,20,1,1
1007,2024-01-01 16:14:52,Onion Rings,3,22,1,1
1008,2024-01-01 16:37:48,Chicken Nuggets,3,30,1,1
1009,2024-01-01 18:57:16,Classic Burger,1,45,1,1
1009,2024-01-01 18:57:16,Double Burger,2,65,1,1
1009,2024-01-01 18:57:16,Cheese Burger,3,50,1,1
1009,2024-01-01 18:57:16,Soft Drink,1,15,1,1
1009,2024-01-01 18:57:16,Chicken Nuggets,3,30,1,1
1010,2024-01-01 12:30:36,Double Burger,3,65,1,1
1010,2024-01-01 12:30:36,Classic Burger,1,45,1,1
1010,2024-01-01 12:30:36,Onion Rings,2,22,1,1
1011,2024-01-01 12:22:20,Fries,2,20,1,1
1011,2024-01-01 12:22:20,Double Burger,2,65,1,1
1011,2024-01-01 12:22:20,Soft Drink,3,15,1,1
1011,2024-01-01 12:22:20,Milkshake,3,28,1,1
1012,2024-01-01 16:18:31,Fries,3,20,1,1
1012,2024-01-01 16:18:31,Soft Drink,3,15,1,1
1012,2024-01-01 16:18:31,Cheese Burger,3,50,1,1
1012,2024-01-01 16:18:31,Ice Cream,3,18,1,1
1012,2024-01-01 16:18:31,Chicken Burger,1,55,1,1
1013,2024-01-01 14:52:21,Chicken Nuggets,3,30,1,1
1014,2024-01-01 18:53:09,Onion Rings,2,22,1,1
1015,2024-01-01 15:47:21,Double Burger,3,65,1,1
1015,2024-01-01 15:47:21,Onion Rings,2,22,1,1
1015,2024-01-01 15:47:21,Soft Drink,2,15,1,1
1015,2024-01-01 15:47:21,Chicken Burger,1,55,1,1
1015,2024-01-01 15:47:21,Ice Cream,3,18,1,1
1016,2024-01-01 13:29:52,Chicken Nuggets,3,30,1,1
1016,2024-01-01 13:29:52,Classic Burger,2,45,1,1
1016,2024-01-01 13:29:52,Soft Drink,3,15,1,1
1016,2024-01-01 13:29:52,Chicken Burger,1,55,1,1
1017,2024-01-01 22:05:27,Chicken Burger,2,55,1,1
1017,2024-01-01 22:05:27,Ice Cream,1,18,1,1
1017,2024-01-01 22:05:27,Cheese Burger,1,50,1,1
1017,2024-01-01 22:05:27,Classic Burger,2,45,1,1
1018,2024-01-01 17:33:20,Chicken Nuggets,3,30,1,1
1018,2024-01-01 17:33:20,Ice Cream,3,18,1,1
1019,2024-01-01 18:10:28,Classic Burger,3,45,1,1
1019,2024-01-01 18:10:28,Chicken Nuggets,3,30,1,1
1019,2024-01-01 18:10:28,Chicken Burger,1,55,1,1
1019,2024-01-01 18:10:28,Fries,1,20,1,1
1019,2024-01-01 18:10:28,Ice Cream,1,18,1,1
1020,2024-01-01 13:12:36,Onion Rings,2,22,1,1
1020,2024-01-01 13:12:36,Ice Cream,3,18,1,1
1021,2024-01-01 16:44:47,Double Burger,1,65,1,1
1021,2024-01-01 16:44:47,Classic Burger,1,45,1,1
1022,2024-01-01 18:25:23,Cheese Burger,1,50,1,1
1022,2024-01-01 18:25:23,Onion Rings,1,22,1,1
1022,2024-01-01 18:25:23,Milkshake,2,28,1,1
1022,2024-01-01 18:25:23,Chicken Burger,3,55,1,1
1022,2024-01-01 18:25:23,Double Burger,3,65,1,1
1023,2024-01-01 14:49:58,Milkshake,2,28,1,1
1023,2024-01-01 14:49:58,Chicken Burger,1,55,1,1
1023,2024-01-01 14:49:58,Cheese Burger,1,50,1,1
1023,2024-01-01 14:49:58,Soft Drink,2,15,1,1
1024,2024-01-01 19:47:21,Chicken Nuggets,1,30,1,1
1024,2024-01-01 19:47:21,Chicken Burger,2,55,1,1
1024,2024-01-01 19:47:21,Soft Drink,1,15,1,1
1024,2024-01-01 19:47:21,Cheese Burger,2,50,1,1
1024,2024-01-01 19:47:21,Fries,1,20,1,1
1025,2024-01-01 16:56:18,Ice Cream,1,18,1,1
1025,2024-01-01 16:56:18,Milkshake,3,28,1,1
1025,2024-01-01 16:56:18,Chicken Burger,1,55,1,1
1025,2024-01-01 16:56:18,Soft Drink,3,15,1,1
1026,2024-01-01 17:12:44,Classic Burger,1,45,1,1
1026,2024-01-01 17:12:44,Milkshake,3,28,1,1
1026,2024-01-01 17:12:44,Cheese Burger,3,50,1,1
1026,2024-01-01 17:12:44,Ice Cream,3,18,1,1
1026,2024-01-01 17:12:44,Double Burger,2,65,1,1
1027,2024-01-01 16:08:41,Ice Cream,3,18,1,1
1027,2024-01-01 16:08:41,Onion Rings,3,22,1,1
1027,2024-01-01 16:08:41,Chicken Burger,2,55,1,1
1027,2024-01-01 16:08:41,Fries,1,20,1,1
1027,2024-01-01 16:08:41,Chicken Nuggets,3,30,1,1
1028,2024-01-01 23:03:39,Cheese Burger,2,50,1,1
1028,2024-01-01 23:03:39,Ice Cream,2,18,1,1
1028,2024-01-01 23:03:39,Soft Drink,2,15,1,1
1028,2024-01-01 23:03:39,Onion Rings,1,22,1,1
1028,2024-01-01 23:03:39,Fries,2,20,1,1
1029,2024-01-01 17:36:33,Chicken Burger,1,55,1,1
1029,2024-01-01 17:36:33,Soft Drink,1,15,1,1
1029,2024-01-01 17:36:33,Double Burger,3,65,1,1
1029,2024-01-01 17:36:33,Fries,2,20,1,1
1029,2024-01-01 17:36:33,Cheese Burger,2,50,1,1
1030,2024-01-01 14:33:40,Fries,3,20,1,1
1031,2024-01-01 20:29:26,Chicken Nuggets,3,30,1,1
1031,2024-01-01 20:29:26,Double Burger,3,65,1,1
1031,2024-01-01 20:29:26,Fries,2,20,1,1
1031,2024-01-01 20:29:26,Milkshake,1,28,1,1
1032,2024-01-01 14:27:52,Ice Cream,2,18,1,1
1032,2024-01-01 14:27:52,Double Burger,3,65,1,1
1032,2024-01-01 14:27:52,Classic Burger,2,45,1,1
1033,2024-01-01 18:24:51,Chicken Burger,1,55,1,1
1033,2024-01-01 18:24:51,Soft Drink,1,15,1,1
1034,2024-01-01 12:28:45,Chicken Burger,3,55,1,1
1034,2024-01-01 12:28:45,Classic Burger,1,45,1,1
1035,2024-01-01 14:54:07,Chicken Nuggets,1,30,1,1
1035,2024-01-01 14:54:07,Classic Burger,2,45,1,1
1036,2024-01-01 18:59:19,Milkshake,3,28,1,1
1037,2024-01-01 20:16:31,Onion Rings,2,22,1,1
1037,2024-01-01 20:16:31,Ice Cream,3,18,1,1
1037,2024-01-01 20:16:31,Chicken Burger,2,55,1,1
1037,2024-01-01 20:16:31,Chicken Nuggets,2,30,1,1
1038,2024-01-01 18:35:11,Milkshake,3,28,1,1
1038,2024-01-01 18:35:11,Cheese Burger,1,50,1,1
1038,2024-01-01 18:35:11,Ice Cream,1,18,1,1
1038,2024-01-01 18:35:11,Onion Rings,3,22,1,1
1038,2024-01-01 18:35:11,Classic Burger,1,45,1,1
1039,2024-01-01 17:37:52,Cheese Burger,2,50,1,1
1039,2024-01-01 17:37:52,Ice Cream,2,18,1,1
1040,2024-01-01 17:57:12,Onion Rings,3,22,1,1
1041,2024-01-01 13:47:07,Cheese Burger,3,50,1,1
1041,2024-01-01 13:47:07,Soft Drink,1,15,1,1
1042,2024-01-01 15:56:37,Double Burger,3,65,1,1
1042,2024-01-01 15:56:37,Onion Rings,2,22,1,1
1042,2024-01-01 15:56:37,Soft Drink,2,15,1,1
1042,2024-01-01 15:56:37,Milkshake,1,28,1,1
1043,2024-01-01 16:43:35,Double Burger,1,65,1,1
1043,2024-01-01 16:43:35,Milkshake,1,28,1,1
1043,2024-01-01 16:43:35,Cheese Burger,3,50,1,1
1043,2024-01-01 16:43:35,Fries,1,20,1,1
1043,2024-01-01 16:43:35,Onion Rings,1,22,1,1
1044,2024-01-01 21:08:50,Cheese Burger,2,50,1,1
1044,2024-01-01 21:08:50,Onion Rings,1,22,1,1
1044,2024-01-01 21:08:50,Fries,3,20,1,1
1044,2024-01-01 21:08:50,Double Burger,1,65,1,1
1045,2024-01-01 19:57:58,Milkshake,1,28,1,1
1045,2024-01-01 19:57:58,Cheese Burger,1,50,1,1
1046,2024-01-01 12:56:13,Chicken Burger,3,55,1,1
1046,2024-01-01 12:56:13,Ice Cream,2,18,1,1
1046,2024-01-01 12:56:13,Milkshake,1,28,1,1
1047,2024-01-01 18:35:16,Ice Cream,3,18,1,1
1047,2024-01-01 18:35:16,Fries,1,20,1,1
1047,2024-01-01 18:35:16,Onion Rings,2,22,1,1
1047,2024-01-01 18:35:16,Classic Burger,3,45,1,1
1048,2024-01-01 16:04:44,Soft Drink,3,15,1,1
1048,2024-01-01 16:04:44,Chicken Burger,3,55,1,1
1048,2024-01-01 16:04:44,Milkshake,1,28,1,1
1048,2024-01-01 16:04:44,Cheese Burger,3,50,1,1
1049,2024-01-01 15:01:10,Chicken Nuggets,3,30,1,1
1049,2024-01-01 15:01:10,Soft Drink,1,15,1,1
1050,2024-01-01 19:14:43,Onion Rings,2,22,1,1
1050,2024-01-01 19:14:43,Chicken Nuggets,2,30,1,1
1050,2024-01-01 19:14:43,Fries,3,20,1,1
1050,2024-01-01 19:14:43,Double Burger,3,65,1,1
1050,2024-01-01 19:14:43,Classic Burger,2,45,1,1
1051,2024-01-01 21:10:13,Classic Burger,2,45,1,1
1051,2024-01-01 21:10:13,Double Burger,1,65,1,1
1052,2024-01-01 20:19:20,Chicken Nuggets,3,30,1,1
1052,2024-01-01 20:19:20,Double Burger,2,65,1,1
1052,2024-01-01 20:19:20,Chicken Burger,3,55,1,1
1052,2024-01-01 20:19:20,Soft Drink,1,15,1,1
1053,2024-01-01 15:14:06,Milkshake,2,28,1,1
1053,2024-01-01 15:14:06,Onion Rings,3,22,1,1
1053,2024-01-01 15:14:06,Ice Cream,1,18,1,1
1054,2024-01-01 17:53:50,Cheese Burger,3,50,1,1
1054,2024-01-01 17:53:50,Fries,2,20,1,1
1054,2024-01-01 17:53:50,Double Burger,1,65,1,1
1055,2024-01-01 18:16:35,Chicken Nuggets,2,30,1,1
1055,2024-01-01 18:16:35,Classic Burger,2,45,1,1
1055,2024-01-01 18:16:35,Double Burger,2,65,1,1
1055,2024-01-01 18:16:35,Ice Cream,3,18,1,1
1055,2024-01-01 18:16:35,Chicken Burger,3,55,1,1
1056,2024-01-01 20:11:12,Fries,2,20,1,1
1056,2024-01-01 20:11:12,Milkshake,2,28,1,1
1056,2024-01-01 20:11:12,Cheese Burger,1,50,1,1
1056,2024-01-01 20:11:12,Classic Burger,3,45,1,1
1057,2024-01-01 16:07:49,Fries,2,20,1,1
1058,2024-01-01 17:51:53,Double Burger,3,65,1,1
1058,2024-01-01 17:51:53,Milkshake,2,28,1,1
1058,2024-01-01 17:51:53,Soft Drink,2,15,1,1
1058,2024-01-01 17:51:53,Cheese Burger,2,50,1,1
1059,2024-01-01 14:18:25,Chicken Nuggets,1,30,1,1
1059,2024-01-01 14:18:25,Milkshake,3,28,1,1
1059,2024-01-01 14:18:25,Soft Drink,1,15,1,1
1060,2024-01-01 14:49:23,Ice Cream,1,18,1,1
1060,2024-01-01 14:49:23,Fries,2,20,1,1
1061,2024-01-01 20:51:24,Ice Cream,3,18,1,1
1061,2024-01-01 20:51:24,Cheese Burger,1,50,1,1
1061,2024-01-01 20:51:24,Double Burger,1,65,1,1
1061,2024-01-01 20:51:24,Fries,2,20,1,1
1061,2024-01-01 20:51:24,Soft Drink,1,15,1,1
1062,2024-01-01 22:46:06,Milkshake,2,28,1,1
1062,2024-01-01 22:46:06,Cheese Burger,1,50,1,1
1062,2024-01-01 22:46:06,Onion Rings,1,22,1,1
1063,2024-01-01 17:34:12,Milkshake,2,28,1,1
1064,2024-01-01 21:08:10,Fries,3,20,1,1
1065,2024-01-01 19:18:04,Milkshake,1,28,1,1
1065,2024-01-01 19:18:04,Soft Drink,1,15,1,1
1065,2024-01-01 19:18:04,Chicken Nuggets,1,30,1,1
1065,2024-01-01 19:18:04,Chicken Burger,1,55,1,1
1065,2024-01-01 19:18:04,Onion Rings,3,22,1,1
1066,2024-01-01 16:37:42,Onion Rings,2,22,1,1
1066,2024-01-01 16:37:42,Classic Burger,2,45,1,1
1066,2024-01-01 16:37:42,Chicken Burger,3,55,1,1
1067,2024-01-01 19:43:30,Ice Cream,3,18,1,1
1067,2024-01-01 19:43:30,Soft Drink,2,15,1,1
1067,2024-01-01 19:43:30,Chicken Nuggets,2,30,1,1
1067,2024-01-01 19:43:30,Milkshake,3,28,1,1
1067,2024-01-01 19:43:30,Cheese Burger,1,50,1,1
1068,2024-01-01 22:29:47,Cheese Burger,3,50,1,1
1068,2024-01-01 22:29:47,Soft Drink,2,15,1,1
1068,2024-01-01 22:29:47,Onion Rings,3,22,1,1
1068,2024-01-01 22:29:47,Fries,3,20,1,1
1068,2024-01-01 22:29:47,Milkshake,2,28,1,1
1069,2024-01-01 17:02:45,Chicken Burger,1,55,1,1
1070,2024-01-01 22:49:11,Soft Drink,3,15,1,1
1070,2024-01-01 22:49:11,Classic Burger,1,45,1,1
1070,2024-01-01 22:49:11,Chicken Burger,1,55,1,1
1071,2024-01-01 10:33:48,Chicken Nuggets,2,30,1,1
1071,2024-01-01 10:33:48,Double Burger,1,65,1,1
1071,2024-01-01 10:33:48,Classic Burger,2,45,1,1
1072,2024-01-01 20:06:54,Ice Cream,1,18,1,1
1072,2024-01-01 20:06:54,Cheese Burger,1,50,1,1
1072,2024-01-01 20:06:54,Fries,3,20,1,1
1072,2024-01-01 20:06:54,Soft Drink,2,15,1,1
1072,2024-01-01 20:06:54,Classic Burger,3,45,1,1
1073,2024-01-01 18:03:04,Onion Rings,2,22,1,1
1073,2024-01-01 18:03:04,Soft Drink,1,15,1,1
1073,2024-01-01 18:03:04,Cheese Burger,3,50,1,1
1073,2024-01-01 18:03:04,Double Burger,3,65,1,1
1073,2024-01-01 18:03:04,Ice Cream,2,18,1,1
1074,2024-01-02 17:29:48,Classic Burger,1,45,1,0
1074,2024-01-02 17:29:48,Onion Rings,1,22,1,0
1074,2024-01-02 17:29:48,Double Burger,1,65,1,0
1074,2024-01-02 17:29:48,Fries,2,20,1,0
1074,2024-01-02 17:29:48,Soft Drink,2,15,1,0
1075,2024-01-02 19:47:54,Soft Drink,2,15,1,0
1075,2024-01-02 19:47:54,Ice Cream,1,18,1,0
1076,2024-01-02 22:05:50,Soft Drink,3,15,1,0
1076,2024-01-02 22:05:50,Fries,3,20,1,0
1077,2024-01-02 16:07:52,Chicken Nuggets,2,30,1,0
1077,2024-01-02 16:07:52,Onion Rings,2,22,1,0
1077,2024-01-02 16:07:52,Milkshake,3,28,1,0
1077,2024-01-02 16:07:52,Cheese Burger,2,50,1,0
1077,2024-01-02 16:07:52,Ice Cream,2,18,1,0
1078,2024-01-02 15:56:05,Fries,1,20,1,0
1078,2024-01-02 15:56:05,Milkshake,3,28,1,0
1078,2024-01-02 15:56:05,Chicken Nuggets,3,30,1,0
1078,2024-01-02 15:56:05,Classic Burger,1,45,1,0
1079,2024-01-02 16:08:35,Chicken Burger,2,55,1,0
1079,2024-01-02 16:08:35,Chicken Nuggets,2,30,1,0
1079,2024-01-02 16:08:35,Double Burger,1,65,1,0
1080,2024-01-02 20:08:19,Classic Burger,3,45,1,0
1080,2024-01-02 20:08:19,Fries,1,20,1,0
1081,2024-01-02 18:51:39,Double Burger,1,65,1,0
1082,2024-01-02 16:39:09,Milkshake,1,28,1,0
1082,2024-01-02 16:39:09,Ice Cream,2,18,1,0
1082,2024-01-02 16:39:09,Soft Drink,1,15,1,0
1083,2024-01-02 19:32:38,Classic Burger,1,45,1,0
1084,2024-01-02 18:24:28,Double Burger,2,65,1,0
1085,2024-01-02 20:15:18,Classic Burger,3,45,1,0
1085,2024-01-02 20:15:18,Chicken Nuggets,2,30,1,0
1085,2024-01-02 20:15:18,Onion Rings,2,22,1,0
1085,2024-01-02 20:15:18,Soft Drink,3,15,1,0
1086,2024-01-02 15:22:58,Double Burger,2,65,1,0
1086,2024-01-02 15:22:58,Cheese Burger,3,50,1,0
1087,2024-01-02 17:53:22,Classic Burger,3,45,1,0
1087,2024-01-02 17:53:22,Milkshake,2,28,1,0
1088,2024-01-02 16:51:56,Chicken Nuggets,2,30,1,0
1088,2024-01-02 16:51:56,Soft Drink,3,15,1,0
1089,2024-01-02 13:37:23,Soft Drink,3,15,1,0
1090,2024-01-02 18:19:49,Chicken Nuggets,2,30,1,0
1090,2024-01-02 18:19:49,Double Burger,3,65,1,0
1091,2024-01-02 18:59:15,Milkshake,3,28,1,0
1091,2024-01-02 18:59:15,Onion Rings,3,22,1,0
1091,2024-01-02 18:59:15,Ice Cream,2,18,1,0
1092,2024-01-02 18:38:58,Chicken Burger,1,55,1,0
1092,2024-01-02 18:38:58,Milkshake,2,28,1,0
1092,2024-01-02 18:38:58,Ice Cream,1,18,1,0
1092,2024-01-02 18:38:58,Classic Burger,1,45,1,0
1092,2024-01-02 18:38:58,Onion Rings,2,22,1,0
1093,2024-01-02 17:30:12,Milkshake,2,28,1,0
1094,2024-01-02 13:08:08,Onion Rings,1,22,1,0
1094,2024-01-02 13:08:08,Fries,3,20,1,0
1095,2024-01-02 16:57:21,Soft Drink,1,15,1,0
1095,2024-01-02 16:57:21,Classic Burger,3,45,1,0
1095,2024-01-02 16:57:21,Cheese Burger,2,50,1,0
1095,2024-01-02 16:57:21,Chicken Nuggets,3,30,1,0
1096,2024-01-02 16:47:42,Chicken Burger,3,55,1,0
1096,2024-01-02 16:47:42,Ice Cream,3,18,1,0
1096,2024-01-02 16:47:42,Soft Drink,1,15,1,0
1096,2024-01-02 16:47:42,Fries,3,20,1,0
1096,2024-01-02 16:47:42,Double Burger,2,65,1,0
1097,2024-01-02 15:32:43,Double Burger,2,65,1,0
1098,2024-01-02 17:20:37,Classic Burger,2,45,1,0
1098,2024-01-02 17:20:37,Double Burger,1,65,1,0
1098,2024-01-02 17:20:37,Soft Drink,2,15,1,0
1098,2024-01-02 17:20:37,Onion Rings,2,22,1,0
1098,2024-01-02 17:20:37,Fries,2,20,1,0
1099,2024-01-02 19:36:24,Milkshake,3,28,1,0
1100,2024-01-02 23:54:49,Double Burger,2,65,1,0
1100,2024-01-02 23:54:49,Milkshake,1,28,1,0
1100,2024-01-02 23:54:49,Ice Cream,2,18,1,0
1101,2024-01-02 18:29:43,Soft Drink,2,15,1,0
1101,2024-01-02 18:29:43,Chicken Nuggets,1,30,1,0
1101,2024-01-02 18:29:43,Classic Burger,3,45,1,0
1102,2024-01-02 18:48:05,Fries,2,20,1,0
1103,2024-01-02 17:51:54,Milkshake,3,28,1,0
1103,2024-01-02 17:51:54,Classic Burger,3,45,1,0
1103,2024-01-02 17:51:54,Soft Drink,3,15,1,0
1104,2024-01-02 12:51:46,Chicken Burger,3,55,1,0
1104,2024-01-02 12:51:46,Fries,3,20,1,0
1105,2024-01-02 17:40:34,Chicken Burger,1,55,1,0
1106,2024-01-02 18:39:00,Ice Cream,1,18,1,0
1106,2024-01-02 18:39:00,Onion Rings,3,22,1,0
1106,2024-01-02 18:39:00,Soft Drink,2,15,1,0
1106,2024-01-02 18:39:00,Chicken Nuggets,1,30,1,0
1106,2024-01-02 18:39:00,Double Burger,3,65,1,0
1107,2024-01-02 23:46:20,Soft Drink,1,15,1,0
1107,2024-01-02 23:46:20,Double Burger,1,65,1,0
1107,2024-01-02 23:46:20,Cheese Burger,3,50,1,0
1108,2024-01-02 17:11:55,Chicken Burger,1,55,1,0
1109,2024-01-02 18:20:38,Ice Cream,2,18,1,0
1109,2024-01-02 18:20:38,Milkshake,3,28,1,0
1109,2024-01-02 18:20:38,Chicken Burger,3,55,1,0
1110,2024-01-02 17:10:32,Milkshake,2,28,1,0
1110,2024-01-02 17:10:32,Onion Rings,1,22,1,0
1110,2024-01-02 17:10:32,Chicken Burger,1,55,1,0
1110,2024-01-02 17:10:32,Chicken Nuggets,2,30,1,0
1111,2024-01-02 14:49:08,Fries,3,20,1,0
1111,2024-01-02 14:49:08,Classic Burger,1,45,1,0
1111,2024-01-02 14:49:08,Chicken Nuggets,2,30,1,0
1111,2024-01-02 14:49:08,Ice Cream,1,18,1,0
1112,2024-01-02 21:09:46,Double Burger,3,65,1,0
1112,2024-01-02 21:09:46,Cheese Burger,3,50,1,0
1112,2024-01-02 21:09:46,Onion Rings,3,22,1,0
1112,2024-01-02 21:09:46,Chicken Burger,2,55,1,0
1112,2024-01-02 21:09:46,Soft Drink,3,15,1,0
1113,2024-01-02 20:12:57,Chicken Burger,3,55,1,0
1113,2024-01-02 20:12:57,Double Burger,3,65,1,0
1113,2024-01-02 20:12:57,Onion Rings,3,22,1,0
1114,2024-01-02 20:22:41,Chicken Burger,3,55,1,0
1114,2024-01-02 20:22:41,Cheese Burger,3,50,1,0
1114,2024-01-02 20:22:41,Classic Burger,3,45,1,0
1114,2024-01-02 20:22:41,Onion Rings,2,22,1,0
1114,2024-01-02 20:22:41,Chicken Nuggets,2,30,1,0
1115,2024-01-02 15:27:21,Soft Drink,1,15,1,0
1115,2024-01-02 15:27:21,Cheese Burger,2,50,1,0
1115,2024-01-02 15:27:21,Classic Burger,1,45,1,0
1116,2024-01-02 22:06:18,Double Burger,2,65,1,0
1116,2024-01-02 22:06:18,Cheese Burger,3,50,1,0
1116,2024-01-02 22:06:18,Ice Cream,2,18,1,0
1116,2024-01-02 22:06:18,Fries,3,20,1,0
1116,2024-01-02 22:06:18,Soft Drink,1,15,1,0
1117,2024-01-02 13:02:34,Onion Rings,1,22,1,0
1118,2024-01-02 19:01:39,Classic Burger,3,45,1,0
1119,2024-01-02 23:16:45,Classic Burger,1,45,1,0
1120,2024-01-02 15:21:31,Chicken Nuggets,3,30,1,0
1120,2024-01-02 15:21:31,Soft Drink,3,15,1,0
1121,2024-01-03 13:31:24,Cheese Burger,2,50,0,0
1121,2024-01-03 13:31:24,Milkshake,1,28,0,0
1122,2024-01-03 18:26:34,Chicken Nuggets,2,30,0,0
1122,2024-01-03 18:26:34,Soft Drink,3,15,0,0
1122,2024-01-03 18:26:34,Fries,3,20,0,0
1122,2024-01-03 18:26:34,Cheese Burger,3,50,0,0
1122,2024-01-03 18:26:34,Onion Rings,2,22,0,0
1123,2024-01-03 14:00:06,Cheese Burger,1,50,0,0
1123,2024-01-03 14:00:06,Onion Rings,3,22,0,0
1123,2024-01-03 14:00:06,Double Burger,2,65,0,0
1123,2024-01-03 14:00:06,Fries,2,20,0,0
1124,2024-01-03 19:33:32,Cheese Burger,2,50,0,0
1124,2024-01-03 19:33:32,Double Burger,1,65,0,0
1124,2024-01-03 19:33:32,Soft Drink,2,15,0,0
1125,2024-01-03 15:09:46,Cheese Burger,3,50,0,0
1126,2024-01-03 22:15:48,Fries,3,20,0,0
1127,2024-01-03 15:31:35,Cheese Burger,1,50,0,0
1127,2024-01-03 15:31:35,Ice Cream,2,18,0,0
1127,2024-01-03 15:31:35,Double Burger,3,65,0,0
1127,2024-01-03 15:31:35,Chicken Burger,3,55,0,0
1127,2024-01-03 15:31:35,Milkshake,1,28,0,0
1128,2024-01-03 17:52:26,Cheese Burger,1,50,0,0
1128,2024-01-03 17:52:26,Double Burger,2,65,0,0
1129,2024-01-03 20:26:55,Double Burger,3,65,0,0
1129,2024-01-03 20:26:55,Ice Cream,1,18,0,0
1130,2024-01-03 14:33:30,Soft Drink,2,15,0,0
1130,2024-01-03 14:33:30,Ice Cream,2,18,0,0
1130,2024-01-03 14:33:30,Onion Rings,1,22,0,0
1130,2024-01-03 14:33:30,Milkshake,1,28,0,0
1131,2024-01-03 18:30:03,Classic Burger,2,45,0,0
1132,2024-01-03 21:52:02,Ice Cream,1,18,0,0
1132,2024-01-03 21:52:02,Double Burger,1,65,0,0
1132,2024-01-03 21:52:02,Soft Drink,3,15,0,0
1132,2024-01-03 21:52:02,Classic Burger,3,45,0,0
1132,2024-01-03 21:52:02,Onion Rings,3,22,0,0
1133,2024-01-03 13:52:03,Chicken Nuggets,1,30,0,0
1133,2024-01-03 13:52:03,Cheese Burger,2,50,0,0
1133,2024-01-03 13:52:03,Chicken Burger,2,55,0,0
1133,2024-01-03 13:52:03,Milkshake,2,28,0,0
1134,2024-01-03 18:05:20,Double Burger,2,65,0,0
1134,2024-01-03 18:05:20,Milkshake,1,28,0,0
1135,2024-01-03 18:19:13,Soft Drink,2,15,0,0
1135,2024-01-03 18:19:13,Classic Burger,3,45,0,0
1135,2024-01-03 18:19:13,Ice Cream,1,18,0,0
1135,2024-01-03 18:19:13,Onion Rings,1,22,0,0
1136,2024-01-03 20:07:38,Double Burger,2,65,0,0
1136,2024-01-03 20:07:38,Cheese Burger,2,50,0,0
1136,2024-01-03 20:07:38,Onion Rings,3,22,0,0
1136,2024-01-03 20:07:38,Chicken Burger,1,55,0,0
1136,2024-01-03 20:07:38,Milkshake,3,28,0,0
1137,2024-01-03 14:51:54,Soft Drink,1,15,0,0
1137,2024-01-03 14:51:54,Double Burger,3,65,0,0
1137,2024-01-03 14:51:54,Ice Cream,2,18,0,0
1138,2024-01-03 14:27:43,Classic Burger,2,45,0,0
1138,2024-01-03 14:27:43,Chicken Nuggets,1,30,0,0
1139,2024-01-03 19:44:09,Classic Burger,1,45,0,0
1139,2024-01-03 19:44:09,Cheese Burger,1,50,0,0
1139,2024-01-03 19:44:09,Chicken Nuggets,2,30,0,0
1140,2024-01-03 18:25:07,Chicken Nuggets,3,30,0,0
1140,2024-01-03 18:25:07,Fries,1,20,0,0
1140,2024-01-03 18:25:07,Cheese Burger,2,50,0,0
1141,2024-01-03 18:30:41,Onion Rings,2,22,0,0
1141,2024-01-03 18:30:41,Soft Drink,1,15,0,0
1141,2024-01-03 18:30:41,Chicken Nuggets,1,30,0,0
1141,2024-01-03 18:30:41,Double Burger,3,65,0,0
1142,2024-01-03 19:33:56,Classic Burger,1,45,0,0
1142,2024-01-03 19:33:56,Soft Drink,2,15,0,0
1142,2024-01-03 19:33:56,Onion Rings,2,22,0,0
1142,2024-01-03 19:33:56,Milkshake,2,28,0,0
1142,2024-01-03 19:33:56,Chicken Burger,1,55,0,0
1143,2024-01-03 15:50:32,Chicken Nuggets,1,30,0,0
1143,2024-01-03 15:50:32,Ice Cream,3,18,0,0
1143,2024-01-03 15:50:32,Soft Drink,2,15,0,0
1143,2024-01-03 15:50:32,Onion Rings,2,22,0,0
1144,2024-01-03 18:57:31,Classic Burger,1,45,0,0
1144,2024-01-03 18:57:31,Double Burger,1,65,0,0
1144,2024-01-03 18:57:31,Milkshake,2,28,0,0
1145,2024-01-03 18:57:28,Chicken Burger,2,55,0,0
1146,2024-01-03 15:38:41,Onion Rings,2,22,0,0
1146,2024-01-03 15:38:41,Classic Burger,3,45,0,0
1146,2024-01-03 15:38:41,Chicken Burger,3,55,0,0
1146,2024-01-03 15:38:41,Chicken Nuggets,2,30,0,0
1146,2024-01-03 15:38:41,Soft Drink,1,15,0,0
1147,2024-01-03 23:08:28,Milkshake,2,28,0,0
1147,2024-01-03 23:08:28,Double Burger,2,65,0,0
1148,2024-01-03 19:44:26,Chicken Burger,1,55,0,0
1148,2024-01-03 19:44:26,Double Burger,3,65,0,0
1149,2024-01-03 14:10:49,Double Burger,1,65,0,0
1149,2024-01-03 14:10:49,Cheese Burger,2,50,0,0
1149,2024-01-03 14:10:49,Milkshake,3,28,0,0
1150,2024-01-03 19:32:27,Chicken Burger,1,55,0,0
1150,2024-01-03 19:32:27,Chicken Nuggets,2,30,0,0
1150,2024-01-03 19:32:27,Ice Cream,1,18,0,0
1150,2024-01-03 19:32:27,Cheese Burger,1,50,0,0
1150,2024-01-03 19:32:27,Soft Drink,1,15,0,0
1151,2024-01-03 15:25:14,Ice Cream,2,18,0,0
1151,2024-01-03 15:25:14,Chicken Burger,2,55,0,0
1151,2024-01-03 15:25:14,Double Burger,3,65,0,0
1152,2024-01-03 20:07:57,Double Burger,1,65,0,0
1152,2024-01-03 20:07:57,Cheese Burger,3,50,0,0
1152,2024-01-03 20:07:57,Classic Burger,1,45,0,0
1153,2024-01-03 21:12:08,Chicken Nuggets,1,30,0,0
1153,2024-01-03 21:12:08,Chicken Burger,2,55,0,0
1153,2024-01-03 21:12:08,Cheese Burger,2,50,0,0
1154,2024-01-03 15:05:44,Chicken Nuggets,3,30,0,0
1154,2024-01-03 15:05:44,Chicken Burger,2,55,0,0
1155,2024-01-03 20:03:43,Double Burger,1,65,0,0
1155,2024-01-03 20:03:43,Cheese Burger,2,50,0,0
1156,2024-01-03 19:44:18,Cheese Burger,2,50,0,0
1156,2024-01-03 19:44:18,Chicken Burger,3,55,0,0
1157,2024-01-04 15:04:41,Milkshake,2,28,1,0
1157,2024-01-04 15:04:41,Ice Cream,1,18,1,0
1158,2024-01-04 15:07:49,Fries,1,20,1,0
1158,2024-01-04 15:07:49,Cheese Burger,1,50,1,0
1158,2024-01-04 15:07:49,Milkshake,2,28,1,0
1158,2024-01-04 15:07:49,Chicken Burger,3,55,1,0
1159,2024-01-04 15:32:51,Soft Drink,3,15,1,0
1159,2024-01-04 15:32:51,Ice Cream,1,18,1,0
1159,2024-01-04 15:32:51,Cheese Burger,3,50,1,0
1159,2024-01-04 15:32:51,Onion Rings,2,22,1,0
1159,2024-01-04 15:32:51,Chicken Burger,3,55,1,0
1160,2024-01-04 17:31:28,Double Burger,1,65,1,0
1161,2024-01-04 19:15:09,Chicken Nuggets,2,30,1,0
1161,2024-01-04 19:15:09,Chicken Burger,2,55,1,0
1161,2024-01-04 19:15:09,Onion Rings,3,22,1,0
1161,2024-01-04 19:15:09,Soft Drink,3,15,1,0
1161,2024-01-04 19:15:09,Ice Cream,1,18,1,0
1162,2024-01-04 18:31:19,Milkshake,2,28,1,0
1162,2024-01-04 18:31:19,Fries,2,20,1,0
1162,2024-01-04 18:31:19,Cheese Burger,3,50,1,0
1163,2024-01-04 20:52:47,Onion Rings,3,22,1,0
1164,2024-01-04 18:38:03,Onion Rings,2,22,1,0
1165,2024-01-04 22:47:14,Chicken Burger,3,55,1,0
1165,2024-01-04 22:47:14,Double Burger,2,65,1,0
1165,2024-01-04 22:47:14,Cheese Burger,1,50,1,0
1165,2024-01-04 22:47:14,Ice Cream,2,18,1,0
1165,2024-01-04 22:47:14,Milkshake,1,28,1,0
1166,2024-01-04 17:58:00,Classic Burger,2,45,1,0
1166,2024-01-04 17:58:00,Ice Cream,3,18,1,0
1167,2024-01-04 23:27:35,Chicken Burger,2,55,1,0
1167,2024-01-04 23:27:35,Cheese Burger,2,50,1,0
1167,2024-01-04 23:27:35,Double Burger,2,65,1,0
1167,2024-01-04 23:27:35,Classic Burger,3,45,1,0
1167,2024-01-04 23:27:35,Chicken Nuggets,2,30,1,0
1168,2024-01-04 19:03:16,Chicken Burger,1,55,1,0
1168,2024-01-04 19:03:16,Classic Burger,1,45,1,0
1168,2024-01-04 19:03:16,Soft Drink,1,15,1,0
1169,2024-01-04 15:26:24,Onion Rings,1,22,1,0
1169,2024-01-04 15:26:24,Soft Drink,1,15,1,0
1169,2024-01-04 15:26:24,Chicken Nuggets,2,30,1,0
1169,2024-01-04 15:26:24,Double Burger,1,65,1,0
1170,2024-01-04 14:59:13,Onion Rings,1,22,1,0
1170,2024-01-04 14:59:13,Fries,3,20,1,0
1170,2024-01-04 14:59:13,Cheese Burger,2,50,1,0
1170,2024-01-04 14:59:13,Classic Burger,1,45,1,0
1171,2024-01-04 19:07:06,Soft Drink,1,15,1,0
1172,2024-01-04 17:18:24,Classic Burger,2,45,1,0
1172,2024-01-04 17:18:24,Milkshake,1,28,1,0
1173,2024-01-04 20:27:42,Cheese Burger,1,50,1,0
1173,2024-01-04 20:27:42,Fries,3,20,1,0
1173,2024-01-04 20:27:42,Chicken Burger,3,55,1,0
1173,2024-01-04 20:27:42,Soft Drink,1,15,1,0
1173,2024-01-04 20:27:42,Milkshake,1,28,1,0
1174,2024-01-04 19:49:17,Soft Drink,1,15,1,0
1174,2024-01-04 19:49:17,Fries,1,20,1,0
1174,2024-01-04 19:49:17,Milkshake,2,28,1,0
1174,2024-01-04 19:49:17,Double Burger,3,65,1,0
1175,2024-01-04 17:13:12,Chicken Nuggets,2,30,1,0
1175,2024-01-04 17:13:12,Double Burger,3,65,1,0
1175,2024-01-04 17:13:12,Chicken Burger,2,55,1,0
1176,2024-01-04 15:03:24,Onion Rings,2,22,1,0
1176,2024-01-04 15:03:24,Classic Burger,3,45,1,0
1176,2024-01-04 15:03:24,Fries,2,20,1,0
1176,2024-01-04 15:03:24,Double Burger,2,65,1,0
1176,2024-01-04 15:03:24,Chicken Nuggets,1,30,1,0
1177,2024-01-04 13:20:30,Onion Rings,2,22,1,0
1177,2024-01-04 13:20:30,Ice Cream,2,18,1,0
1177,2024-01-04 13:20:30,Chicken Burger,1,55,1,0
1178,2024-01-04 16:47:01,Ice Cream,1,18,1,0
1178,2024-01-04 16:47:01,Soft Drink,3,15,1,0
1178,2024-01-04 16:47:01,Milkshake,2,28,1,0
1178,2024-01-04 16:47:01,Classic Burger,2,45,1,0
1179,2024-01-04 20:33:47,Milkshake,1,28,1,0
1180,2024-01-04 18:34:04,Milkshake,3,28,1,0
1180,2024-01-04 18:34:04,Cheese Burger,2,50,1,0
1181,2024-01-04 14:14:40,Classic Burger,3,45,1,0
1181,2024-01-04 14:14:40,Chicken Nuggets,1,30,1,0
1182,2024-01-04 18:47:42,Chicken Nuggets,2,30,1,0
1182,2024-01-04 18:47:42,Chicken Burger,2,55,1,0
1183,2024-01-04 19:42:53,Chicken Nuggets,3,30,1,0
1183,2024-01-04 19:42:53,Ice Cream,3,18,1,0
1184,2024-01-04 15:43:28,Cheese Burger,3,50,1,0
1184,2024-01-04 15:43:28,Double Burger,3,65,1,0
1184,2024-01-04 15:43:28,Onion Rings,3,22,1,0
1184,2024-01-04 15:43:28,Chicken Nuggets,2,30,1,0
1185,2024-01-04 18:17:45,Cheese Burger,1,50,1,0
1185,2024-01-04 18:17:45,Fries,1,20,1,0
1185,2024-01-04 18:17:45,Chicken Nuggets,2,30,1,0
1186,2024-01-04 18:06:12,Chicken Burger,2,55,1,0
1186,2024-01-04 18:06:12,Double Burger,3,65,1,0
1186,2024-01-04 18:06:12,Classic Burger,2,45,1,0
1187,2024-01-04 14:10:14,Onion Rings,3,22,1,0
1188,2024-01-04 19:31:29,Milkshake,1,28,1,0
1188,2024-01-04 19:31:29,Double Burger,2,65,1,0
1188,2024-01-04 19:31:29,Onion Rings,3,22,1,0
1188,2024-01-04 19:31:29,Fries,3,20,1,0
1189,2024-01-04 19:56:13,Chicken Nuggets,1,30,1,0
1189,2024-01-04 19:56:13,Onion Rings,3,22,1,0
1190,2024-01-04 21:00:36,Chicken Nuggets,2,30,1,0
1190,2024-01-04 21:00:36,Ice Cream,3,18,1,0
1190,2024-01-04 21:00:36,Cheese Burger,3,50,1,0
1190,2024-01-04 21:00:36,Milkshake,2,28,1,0
1191,2024-01-04 21:55:10,Chicken Nuggets,3,30,1,0
1191,2024-01-04 21:55:10,Fries,1,20,1,0
1192,2024-01-04 13:07:23,Chicken Nuggets,2,30,1,0
1192,2024-01-04 13:07:23,Onion Rings,2,22,1,0
1192,2024-01-04 13:07:23,Soft Drink,2,15,1,0
1192,2024-01-04 13:07:23,Fries,3,20,1,0
1192,2024-01-04 13:07:23,Classic Burger,1,45,1,0
1193,2024-01-04 15:57:17,Cheese Burger,2,50,1,0
1194,2024-01-04 19:16:42,Onion Rings,1,22,1,0
1194,2024-01-04 19:16:42,Fries,3,20,1,0
1194,2024-01-04 19:16:42,Soft Drink,3,15,1,0
1194,2024-01-04 19:16:42,Chicken Nuggets,2,30,1,0
1194,2024-01-04 19:16:42,Double Burger,2,65,1,0
1195,2024-01-04 19:17:40,Milkshake,3,28,1,0
1195,2024-01-04 19:17:40,Ice Cream,3,18,1,0
1195,2024-01-04 19:17:40,Soft Drink,1,15,1,0
1195,2024-01-04 19:17:40,Chicken Nuggets,1,30,1,0
1195,2024-01-04 19:17:40,Fries,1,20,1,0
1196,2024-01-04 19:49:44,Soft Drink,2,15,1,0
1196,2024-01-04 19:49:44,Milkshake,2,28,1,0
1196,2024-01-04 19:49:44,Chicken Nuggets,2,30,1,0
1196,2024-01-04 19:49:44,Chicken Burger,3,55,1,0
1196,2024-01-04 19:49:44,Cheese Burger,2,50,1,0
1197,2024-01-04 23:18:58,Onion Rings,1,22,1,0
1198,2024-01-04 19:58:54,Onion Rings,1,22,1,0
1198,2024-01-04 19:58:54,Fries,2,20,1,0
1199,2024-01-04 21:41:08,Soft Drink,1,15,1,0
1199,2024-01-04 21:41:08,Classic Burger,3,45,1,0
1199,2024-01-04 21:41:08,Ice Cream,2,18,1,0
1199,2024-01-04 21:41:08,Chicken Burger,3,55,1,0
1199,2024-01-04 21:41:08,Chicken Nuggets,2,30,1,0
1200,2024-01-04 20:10:27,Chicken Nuggets,2,30,1,0
1200,2024-01-04 20:10:27,Double Burger,3,65,1,0
1200,2024-01-04 20:10:27,Soft Drink,2,15,1,0
1200,2024-01-04 20:10:27,Cheese Burger,3,50,1,0
1201,2024-01-04 19:57:56,Chicken Burger,2,55,1,0
1201,2024-01-04 19:57:56,Ice Cream,2,18,1,0
1202,2024-01-04 17:48:25,Soft Drink,1,15,1,0
1203,2024-01-04 20:04:20,Cheese Burger,1,50,1,0
1203,2024-01-04 20:04:20,Onion Rings,3,22,1,0
1203,2024-01-04 20:04:20,Classic Burger,3,45,1,0
1203,2024-01-04 20:04:20,Milkshake,3,28,1,0
1204,2024-01-04 15:35:03,Cheese Burger,1,50,1,0
1204,2024-01-04 15:35:03,Onion Rings,2,22,1,0
1204,2024-01-04 15:35:03,Chicken Nuggets,3,30,1,0
1205,2024-01-05 23:59:34,Classic Burger,3,45,1,0
1205,2024-01-05 23:59:34,Onion Rings,3,22,1,0
1205,2024-01-05 23:59:34,Soft Drink,3,15,1,0
1205,2024-01-05 23:59:34,Cheese Burger,2,50,1,0
1205,2024-01-05 23:59:34,Milkshake,3,28,1,0
1206,2024-01-05 12:02:15,Cheese Burger,2,50,1,0
1206,2024-01-05 12:02:15,Soft Drink,3,15,1,0
1206,2024-01-05 12:02:15,Onion Rings,2,22,1,0
1207,2024-01-05 20:30:27,Cheese Burger,2,50,1,0
1207,2024-01-05 20:30:27,Double Burger,2,65,1,0
1208,2024-01-05 13:46:59,Chicken Nuggets,2,30,1,0
1208,2024-01-05 13:46:59,Double Burger,2,65,1,0
1209,2024-01-05 16:25:41,Chicken Burger,2,55,1,0
1209,2024-01-05 16:25:41,Milkshake,2,28,1,0
1209,2024-01-05 16:25:41,Classic Burger,1,45,1,0
1209,2024-01-05 16:25:41,Fries,2,20,1,0
1210,2024-01-05 21:35:24,Soft Drink,2,15,1,0
1210,2024-01-05 21:35:24,Cheese Burger,2,50,1,0
1210,2024-01-05 21:35:24,Classic Burger,3,45,1,0
1210,2024-01-05 21:35:24,Chicken Burger,3,55,1,0
1211,2024-01-05 18:56:10,Onion Rings,3,22,1,0
1211,2024-01-05 18:56:10,Chicken Nuggets,1,30,1,0
1211,2024-01-05 18:56:10,Soft Drink,1,15,1,0
1212,2024-01-05 14:58:39,Chicken Burger,1,55,1,0
1212,2024-01-05 14:58:39,Milkshake,2,28,1,0
1212,2024-01-05 14:58:39,Onion Rings,1,22,1,0
1213,2024-01-05 15:02:38,Chicken Nuggets,2,30,1,0
1213,2024-01-05 15:02:38,Onion Rings,1,22,1,0
1213,2024-01-05 15:02:38,Classic Burger,1,45,1,0
1214,2024-01-05 20:28:09,Classic Burger,3,45,1,0
1214,2024-01-05 20:28:09,Ice Cream,1,18,1,0
1215,2024-01-05 15:49:47,Double Burger,1,65,1,0
1215,2024-01-05 15:49:47,Chicken Nuggets,1,30,1,0
1215,2024-01-05 15:49:47,Fries,1,20,1,0
1216,2024-01-05 18:42:18,Chicken Nuggets,2,30,1,0
1217,2024-01-05 18:17:13,Cheese Burger,2,50,1,0
1217,2024-01-05 18:17:13,Onion Rings,1,22,1,0
1217,2024-01-05 18:17:13,Milkshake,1,28,1,0
1217,2024-01-05 18:17:13,Double Burger,1,65,1,0
1217,2024-01-05 18:17:13,Chicken Burger,1,55,1,0
1218,2024-01-05 16:56:12,Chicken Nuggets,2,30,1,0
1218,2024-01-05 16:56:12,Double Burger,3,65,1,0
1219,2024-01-05 23:18:56,Milkshake,2,28,1,0
1219,2024-01-05 23:18:56,Fries,3,20,1,0
1219,2024-01-05 23:18:56,Double Burger,1,65,1,0
1219,2024-01-05 23:18:56,Onion Rings,2,22,1,0
1220,2024-01-05 19:39:31,Chicken Nuggets,1,30,1,0
1221,2024-01-05 11:21:05,Cheese Burger,1,50,1,0
1221,2024-01-05 11:21:05,Double Burger,2,65,1,0
1221,2024-01-05 11:21:05,Classic Burger,3,45,1,0
1221,2024-01-05 11:21:05,Soft Drink,1,15,1,0
1222,2024-01-05 18:40:17,Chicken Nuggets,3,30,1,0
1222,2024-01-05 18:40:17,Milkshake,1,28,1,0
1222,2024-01-05 18:40:17,Onion Rings,2,22,1,0
1222,2024-01-05 18:40:17,Cheese Burger,1,50,1,0
1223,2024-01-05 16:44:24,Milkshake,2,28,1,0
1223,2024-01-05 16:44:24,Classic Burger,1,45,1,0
1223,2024-01-05 16:44:24,Cheese Burger,2,50,1,0
1223,2024-01-05 16:44:24,Chicken Nuggets,1,30,1,0
1223,2024-01-05 16:44:24,Fries,1,20,1,0
1224,2024-01-05 20:36:13,Soft Drink,3,15,1,0
1224,2024-01-05 20:36:13,Milkshake,2,28,1,0
1225,2024-01-05 15:02:53,Chicken Burger,3,55,1,0
1225,2024-01-05 15:02:53,Onion Rings,3,22,1,0
1225,2024-01-05 15:02:53,Chicken Nuggets,1,30,1,0
1225,2024-01-05 15:02:53,Cheese Burger,1,50,1,0
1225,2024-01-05 15:02:53,Ice Cream,1,18,1,0
1226,2024-01-05 17:02:42,Ice Cream,1,18,1,0
1227,2024-01-05 19:29:28,Fries,3,20,1,0
1228,2024-01-05 20:47:12,Fries,1,20,1,0
1228,2024-01-05 20:47:12,Double Burger,2,65,1,0
1228,2024-01-05 20:47:12,Classic Burger,3,45,1,0
1229,2024-01-05 14:32:18,Chicken Burger,2,55,1,0
1229,2024-01-05 14:32:18,Chicken Nuggets,2,30,1,0
1229,2024-01-05 14:32:18,Classic Burger,2,45,1,0
1230,2024-01-05 16:46:04,Chicken Burger,2,55,1,0
1231,2024-01-05 16:20:13,Soft Drink,2,15,1,0
1232,2024-01-05 16:32:28,Fries,3,20,1,0
1232,2024-01-05 16:32:28,Classic Burger,2,45,1,0
1232,2024-01-05 16:32:28,Cheese Burger,3,50,1,0
1232,2024-01-05 16:32:28,Ice Cream,2,18,1,0
1233,2024-01-05 23:40:10,Onion Rings,2,22,1,0
1233,2024-01-05 23:40:10,Ice Cream,2,18,1,0
1234,2024-01-05 19:28:20,Onion Rings,1,22,1,0
1235,2024-01-05 14:26:24,Classic Burger,2,45,1,0
1235,2024-01-05 14:26:24,Onion Rings,3,22,1,0
1235,2024-01-05 14:26:24,Chicken Nuggets,3,30,1,0
1235,2024-01-05 14:26:24,Soft Drink,3,15,1,0
1236,2024-01-05 20:31:10,Milkshake,3,28,1,0
1236,2024-01-05 20:31:10,Chicken Burger,3,55,1,0
1236,2024-01-05 20:31:10,Double Burger,1,65,1,0
1236,2024-01-05 20:31:10,Classic Burger,3,45,1,0
1237,2024-01-05 23:06:08,Onion Rings,2,22,1,0
1237,2024-01-05 23:06:08,Fries,1,20,1,0
1237,2024-01-05 23:06:08,Soft Drink,3,15,1,0
1238,2024-01-05 21:21:27,Fries,3,20,1,0
1238,2024-01-05 21:21:27,Chicken Burger,1,55,1,0
1238,2024-01-05 21:21:27,Classic Burger,3,45,1,0
1238,2024-01-05 21:21:27,Milkshake,2,28,1,0
1239,2024-01-05 13:38:15,Soft Drink,1,15,1,0
1240,2024-01-05 16:09:44,Onion Rings,1,22,1,0
1240,2024-01-05 16:09:44,Double Burger,3,65,1,0
1241,2024-01-05 21:52:02,Cheese Burger,1,50,1,0
1242,2024-01-05 15:05:52,Chicken Burger,3,55,1,0
1242,2024-01-05 15:05:52,Soft Drink,3,15,1,0
1242,2024-01-05 15:05:52,Ice Cream,1,18,1,0
1243,2024-01-05 19:58:28,Classic Burger,1,45,1,0
1243,2024-01-05 19:58:28,Soft Drink,2,15,1,0
1243,2024-01-05 19:58:28,Ice Cream,2,18,1,0
1243,2024-01-05 19:58:28,Cheese Burger,1,50,1,0
1244,2024-01-05 20:59:24,Ice Cream,1,18,1,0
1244,2024-01-05 20:59:24,Soft Drink,3,15,1,0
1244,2024-01-05 20:59:24,Fries,2,20,1,0
1245,2024-01-05 15:13:07,Milkshake,2,28,1,0
1245,2024-01-05 15:13:07,Ice Cream,1,18,1,0
1245,2024-01-05 15:13:07,Chicken Burger,3,55,1,0
1245,2024-01-05 15:13:07,Cheese Burger,3,50,1,0
1246,2024-01-05 17:48:50,Fries,1,20,1,0
1246,2024-01-05 17:48:50,Onion Rings,3,22,1,0
1246,2024-01-05 17:48:50,Classic Burger,2,45,1,0
1246,2024-01-05 17:48:50,Cheese Burger,2,50,1,0
1246,2024-01-05 17:48:50,Soft Drink,2,15,1,0
1247,2024-01-05 10:10:41,Double Burger,2,65,1,0
1247,2024-01-05 10:10:41,Milkshake,3,28,1,0
1248,2024-01-05 14:57:36,Chicken Burger,2,55,1,0
1248,2024-01-05 14:57:36,Soft Drink,1,15,1,0
1248,2024-01-05 14:57:36,Ice Cream,1,18,1,0
1248,2024-01-05 14:57:36,Classic Burger,1,45,1,0
1248,2024-01-05 14:57:36,Fries,1,20,1,0
1249,2024-01-05 17:18:30,Cheese Burger,3,50,1,0
1250,2024-01-05 14:04:12,Chicken Burger,1,55,1,0
1250,2024-01-05 14:04:12,Fries,1,20,1,0
1251,2024-01-05 22:21:23,Milkshake,1,28,1,0
1251,2024-01-05 22:21:23,Fries,2,20,1,0
1252,2024-01-05 13:06:05,Soft Drink,2,15,1,0
1252,2024-01-05 13:06:05,Onion Rings,2,22,1,0
1252,2024-01-05 13:06:05,Chicken Burger,2,55,1,0
1253,2024-01-06 13:36:38,Chicken Burger,3,55,1,0
1253,2024-01-06 13:36:38,Ice Cream,3,18,1,0
1253,2024-01-06 13:36:38,Fries,1,20,1,0
1254,2024-01-06 21:14:22,Classic Burger,2,45,1,0
1254,2024-01-06 21:14:22,Milkshake,2,28,1,0
1254,2024-01-06 21:14:22,Double Burger,3,65,1,0
1254,2024-01-06 21:14:22,Onion Rings,3,22,1,0
1254,2024-01-06 21:14:22,Soft Drink,1,15,1,0
1255,2024-01-06 18:29:21,Fries,1,20,1,0
1255,2024-01-06 18:29:21,Milkshake,2,28,1,0
1255,2024-01-06 18:29:21,Soft Drink,2,15,1,0
1256,2024-01-06 15:08:12,Double Burger,3,65,1,0
1256,2024-01-06 15:08:12,Classic Burger,1,45,1,0
1256,2024-01-06 15:08:12,Ice Cream,3,18,1,0
1256,2024-01-06 15:08:12,Soft Drink,2,15,1,0
1257,2024-01-06 19:29:59,Fries,1,20,1,0
1257,2024-01-06 19:29:59,Double Burger,1,65,1,0
1257,2024-01-06 19:29:59,Soft Drink,3,15,1,0
1257,2024-01-06 19:29:59,Onion Rings,2,22,1,0
1258,2024-01-06 18:57:07,Soft Drink,2,15,1,0
1259,2024-01-06 16:53:20,Milkshake,2,28,1,0
1259,2024-01-06 16:53:20,Double Burger,1,65,1,0
1259,2024-01-06 16:53:20,Fries,2,20,1,0
1259,2024-01-06 16:53:20,Onion Rings,3,22,1,0
1259,2024-01-06 16:53:20,Chicken Burger,1,55,1,0
1260,2024-01-06 18:06:49,Onion Rings,1,22,1,0
1260,2024-01-06 18:06:49,Chicken Nuggets,2,30,1,0
1261,2024-01-06 16:51:45,Ice Cream,1,18,1,0
1261,2024-01-06 16:51:45,Soft Drink,2,15,1,0
1261,2024-01-06 16:51:45,Milkshake,3,28,1,0
1262,2024-01-06 18:24:09,Soft Drink,1,15,1,0
1262,2024-01-06 18:24:09,Fries,1,20,1,0
1262,2024-01-06 18:24:09,Classic Burger,3,45,1,0
1263,2024-01-06 19:37:01,Milkshake,1,28,1,0
1263,2024-01-06 19:37:01,Onion Rings,1,22,1,0
1263,2024-01-06 19:37:01,Chicken Nuggets,1,30,1,0
1264,2024-01-06 22:04:55,Chicken Nuggets,2,30,1,0
1264,2024-01-06 22:04:55,Ice Cream,3,18,1,0
1265,2024-01-06 14:14:30,Chicken Nuggets,2,30,1,0
1266,2024-01-06 23:05:01,Ice Cream,1,18,1,0
1266,2024-01-06 23:05:01,Onion Rings,1,22,1,0
1267,2024-01-06 12:45:54,Classic Burger,1,45,1,0
1268,2024-01-06 17:49:32,Double Burger,3,65,1,0
1268,2024-01-06 17:49:32,Milkshake,1,28,1,0
1268,2024-01-06 17:49:32,Chicken Burger,1,55,1,0
1268,2024-01-06 17:49:32,Ice Cream,1,18,1,0
1268,2024-01-06 17:49:32,Chicken Nuggets,3,30,1,0
1269,2024-01-06 19:15:38,Onion Rings,1,22,1,0
1269,2024-01-06 19:15:38,Chicken Nuggets,1,30,1,0
1270,2024-01-06 18:24:14,Milkshake,1,28,1,0
1270,2024-01-06 18:24:14,Chicken Burger,3,55,1,0
1270,2024-01-06 18:24:14,Soft Drink,1,15,1,0
1270,2024-01-06 18:24:14,Fries,1,20,1,0
1271,2024-01-06 16:00:30,Double Burger,2,65,1,0
1271,2024-01-06 16:00:30,Cheese Burger,3,50,1,0
1272,2024-01-06 17:37:57,Classic Burger,3,45,1,0
1273,2024-01-06 16:49:57,Onion Rings,2,22,1,0
1274,2024-01-06 16:20:05,Milkshake,3,28,1,0
1274,2024-01-06 16:20:05,Onion Rings,1,22,1,0
1274,2024-01-06 16:20:05,Chicken Burger,2,55,1,0
1275,2024-01-06 20:12:14,Fries,1,20,1,0
1275,2024-01-06 20:12:14,Ice Cream,1,18,1,0
1276,2024-01-06 19:47:32,Soft Drink,3,15,1,0
1276,2024-01-06 19:47:32,Onion Rings,1,22,1,0
1276,2024-01-06 19:47:32,Classic Burger,1,45,1,0
1277,2024-01-06 15:42:37,Chicken Nuggets,2,30,1,0
1277,2024-01-06 15:42:37,Onion Rings,2,22,1,0
1277,2024-01-06 15:42:37,Soft Drink,3,15,1,0
1277,2024-01-06 15:42:37,Fries,3,20,1,0
1277,2024-01-06 15:42:37,Chicken Burger,1,55,1,0
1278,2024-01-06 20:32:05,Onion Rings,1,22,1,0
1278,2024-01-06 20:32:05,Chicken Nuggets,3,30,1,0
1278,2024-01-06 20:32:05,Fries,3,20,1,0
1279,2024-01-06 18:35:42,Ice Cream,1,18,1,0
1279,2024-01-06 18:35:42,Cheese Burger,3,50,1,0
1279,2024-01-06 18:35:42,Classic Burger,2,45,1,0
1279,2024-01-06 18:35:42,Chicken Burger,1,55,1,0
1279,2024-01-06 18:35:42,Onion Rings,1,22,1,0
1280,2024-01-06 20:56:08,Milkshake,3,28,1,0
1280,2024-01-06 20:56:08,Double Burger,3,65,1,0
1281,2024-01-06 19:35:29,Cheese Burger,1,50,1,0
1281,2024-01-06 19:35:29,Fries,3,20,1,0
1282,2024-01-06 15:23:28,Milkshake,1,28,1,0
1282,2024-01-06 15:23:28,Double Burger,2,65,1,0
1282,2024-01-06 15:23:28,Ice Cream,1,18,1,0
1282,2024-01-06 15:23:28,Onion Rings,2,22,1,0
1282,2024-01-06 15:23:28,Chicken Nuggets,1,30,1,0
1283,2024-01-06 16:04:23,Milkshake,3,28,1,0
1283,2024-01-06 16:04:23,Fries,2,20,1,0
1283,2024-01-06 16:04:23,Onion Rings,2,22,1,0
1284,2024-01-06 20:40:05,Fries,1,20,1,0
1284,2024-01-06 20:40:05,Ice Cream,1,18,1,0
1284,2024-01-06 20:40:05,Onion Rings,1,22,1,0
1284,2024-01-06 20:40:05,Chicken Nuggets,2,30,1,0
1285,2024-01-06 19:31:09,Soft Drink,3,15,1,0
1285,2024-01-06 19:31:09,Milkshake,1,28,1,0
1285,2024-01-06 19:31:09,Ice Cream,1,18,1,0
1285,2024-01-06 19:31:09,Onion Rings,3,22,1,0
1286,2024-01-06 17:34:49,Classic Burger,3,45,1,0
1286,2024-01-06 17:34:49,Chicken Burger,1,55,1,0
1286,2024-01-06 17:34:49,Chicken Nuggets,2,30,1,0
1287,2024-01-06 18:13:51,Fries,3,20,1,0
1288,2024-01-06 21:16:59,Chicken Burger,3,55,1,0
1288,2024-01-06 21:16:59,Milkshake,1,28,1,0
1288,2024-01-06 21:16:59,Chicken Nuggets,2,30,1,0
1288,2024-01-06 21:16:59,Classic Burger,2,45,1,0
1288,2024-01-06 21:16:59,Soft Drink,3,15,1,0
1289,2024-01-06 16:38:14,Classic Burger,2,45,1,0
1289,2024-01-06 16:38:14,Chicken Nuggets,2,30,1,0
1290,2024-01-06 19:05:11,Classic Burger,1,45,1,0
1290,2024-01-06 19:05:11,Chicken Burger,2,55,1,0
1290,2024-01-06 19:05:11,Ice Cream,1,18,1,0
1290,2024-01-06 19:05:11,Milkshake,2,28,1,0
1291,2024-01-06 17:34:09,Fries,1,20,1,0
1291,2024-01-06 17:34:09,Cheese Burger,1,50,1,0
1291,2024-01-06 17:34:09,Milkshake,2,28,1,0
1291,2024-01-06 17:34:09,Soft Drink,2,15,1,0
1291,2024-01-06 17:34:09,Double Burger,3,65,1,0
1292,2024-01-06 17:56:07,Cheese Burger,1,50,1,0
1292,2024-01-06 17:56:07,Chicken Nuggets,2,30,1,0
1292,2024-01-06 17:56:07,Double Burger,3,65,1,0
1292,2024-01-06 17:56:07,Fries,1,20,1,0
1293,2024-01-06 21:10:05,Cheese Burger,1,50,1,0
1294,2024-01-06 20:15:20,Chicken Burger,2,55,1,0
1295,2024-01-06 20:29:03,Ice Cream,2,18,1,0
1296,2024-01-06 21:43:06,Classic Burger,2,45,1,0
1296,2024-01-06 21:43:06,Fries,3,20,1,0
1296,2024-01-06 21:43:06,Double Burger,3,65,1,0
1297,2024-01-06 18:23:43,Classic Burger,2,45,1,0
1297,2024-01-06 18:23:43,Milkshake,2,28,1,0
1298,2024-01-06 20:39:20,Ice Cream,3,18,1,0
1298,2024-01-06 20:39:20,Classic Burger,3,45,1,0
1298,2024-01-06 20:39:20,Chicken Nuggets,3,30,1,0
1298,2024-01-06 20:39:20,Onion Rings,1,22,1,0
1299,2024-01-06 17:20:37,Soft Drink,1,15,1,0
1299,2024-01-06 17:20:37,Onion Rings,3,22,1,0
1299,2024-01-06 17:20:37,Milkshake,3,28,1,0
1300,2024-01-06 18:13:52,Chicken Burger,3,55,1,0
1300,2024-01-06 18:13:52,Cheese Burger,1,50,1,0
1301,2024-01-06 17:27:26,Soft Drink,1,15,1,0
1302,2024-01-06 18:49:25,Fries,1,20,1,0
1302,2024-01-06 18:49:25,Chicken Burger,1,55,1,0
1302,2024-01-06 18:49:25,Chicken Nuggets,2,30,1,0
1302,2024-01-06 18:49:25,Soft Drink,3,15,1,0
1302,2024-01-06 18:49:25,Onion Rings,2,22,1,0
1303,2024-01-06 19:56:19,Chicken Burger,3,55,1,0
1303,2024-01-06 19:56:19,Double Burger,2,65,1,0
1303,2024-01-06 19:56:19,Cheese Burger,2,50,1,0
1303,2024-01-06 19:56:19,Soft Drink,2,15,1,0
1303,2024-01-06 19:56:19,Fries,1,20,1,0
1304,2024-01-06 15:17:30,Classic Burger,3,45,1,0
1304,2024-01-06 15:17:30,Ice Cream,1,18,1,0
1304,2024-01-06 15:17:30,Onion Rings,3,22,1,0
1305,2024-01-06 23:52:51,Double Burger,2,65,1,0
1305,2024-01-06 23:52:51,Fries,2,20,1,0
1305,2024-01-06 23:52:51,Milkshake,1,28,1,0
1305,2024-01-06 23:52:51,Cheese Burger,3,50,1,0
1306,2024-01-06 14:21:18,Double Burger,3,65,1,0
1306,2024-01-06 14:21:18,Chicken Nuggets,1,30,1,0
1307,2024-01-06 14:53:59,Fries,3,20,1,0
1307,2024-01-06 14:53:59,Double Burger,1,65,1,0
1307,2024-01-06 14:53:59,Onion Rings,3,22,1,0
1307,2024-01-06 14:53:59,Ice Cream,3,18,1,0
1308,2024-01-06 21:01:49,Onion Rings,1,22,1,0
1309,2024-01-06 20:27:37,Chicken Nuggets,2,30,1,0
1309,2024-01-06 20:27:37,Cheese Burger,1,50,1,0
1309,2024-01-06 20:27:37,Soft Drink,3,15,1,0
1309,2024-01-06 20:27:37,Onion Rings,1,22,1,0
1309,2024-01-06 20:27:37,Milkshake,1,28,1,0
1310,2024-01-06 19:56:21,Soft Drink,1,15,1,0
1310,2024-01-06 19:56:21,Double Burger,2,65,1,0
1310,2024-01-06 19:56:21,Chicken Burger,3,55,1,0
1310,2024-01-06 19:56:21,Fries,3,20,1,0
1311,2024-01-06 19:41:18,Ice Cream,2,18,1,0
1311,2024-01-06 19:41:18,Milkshake,3,28,1,0
1311,2024-01-06 19:41:18,Onion Rings,1,22,1,0
1311,2024-01-06 19:41:18,Soft Drink,2,15,1,0
1311,2024-01-06 19:41:18,Classic Burger,3,45,1,0
1312,2024-01-06 17:59:54,Ice Cream,2,18,1,0
1313,2024-01-06 15:33:30,Classic Burger,1,45,1,0
1313,2024-01-06 15:33:30,Double Burger,2,65,1,0
1313,2024-01-06 15:33:30,Ice Cream,2,18,1,0
1314,2024-01-06 18:10:23,Chicken Nuggets,3,30,1,0
1314,2024-01-06 18:10:23,Fries,2,20,1,0
1314,2024-01-06 18:10:23,Ice Cream,3,18,1,0
1314,2024-01-06 18:10:23,Milkshake,3,28,1,0
1314,2024-01-06 18:10:23,Double Burger,1,65,1,0
1315,2024-01-06 15:55:27,Onion Rings,2,22,1,0
1315,2024-01-06 15:55:27,Soft Drink,2,15,1,0
1316,2024-01-06 20:07:32,Fries,3,20,1,0
1316,2024-01-06 20:07:32,Onion Rings,3,22,1,0
1317,2024-01-06 17:41:01,Milkshake,2,28,1,0
1317,2024-01-06 17:41:01,Onion Rings,1,22,1,0
1317,2024-01-06 17:41:01,Double Burger,3,65,1,0
1318,2024-01-06 15:29:05,Onion Rings,2,22,1,0
1318,2024-01-06 15:29:05,Double Burger,2,65,1,0
1318,2024-01-06 15:29:05,Fries,1,20,1,0
1318,2024-01-06 15:29:05,Milkshake,2,28,1,0
1318,2024-01-06 15:29:05,Soft Drink,1,15,1,0
1319,2024-01-06 17:00:58,Ice Cream,2,18,1,0
1319,2024-01-06 17:00:58,Fries,3,20,1,0
1320,2024-01-06 19:35:37,Chicken Nuggets,1,30,1,0
1320,2024-01-06 19:35:37,Onion Rings,1,22,1,0
1320,2024-01-06 19:35:37,Chicken Burger,3,55,1,0
1320,2024-01-06 19:35:37,Cheese Burger,1,50,1,0
1320,2024-01-06 19:35:37,Soft Drink,1,15,1,0
1321,2024-01-06 16:13:55,Chicken Nuggets,2,30,1,0
1322,2024-01-06 15:47:40,Fries,1,20,1,0
1322,2024-01-06 15:47:40,Double Burger,2,65,1,0
1322,2024-01-06 15:47:40,Chicken Burger,2,55,1,0
1322,2024-01-06 15:47:40,Milkshake,2,28,1,0
1322,2024-01-06 15:47:40,Cheese Burger,1,50,1,0
1323,2024-01-06 18:15:59,Chicken Nuggets,3,30,1,0
1323,2024-01-06 18:15:59,Soft Drink,1,15,1,0
1323,2024-01-06 18:15:59,Ice Cream,3,18,1,0
1323,2024-01-06 18:15:59,Classic Burger,3,45,1,0
1323,2024-01-06 18:15:59,Milkshake,2,28,1,0
1324,2024-01-06 18:52:23,Soft Drink,2,15,1,0
1324,2024-01-06 18:52:23,Onion Rings,2,22,1,0
1324,2024-01-06 18:52:23,Milkshake,2,28,1,0
1324,2024-01-06 18:52:23,Chicken Burger,3,55,1,0
1325,2024-01-06 16:10:22,Fries,2,20,1,0
1325,2024-01-06 16:10:22,Cheese Burger,2,50,1,0
1325,2024-01-06 16:10:22,Chicken Nuggets,1,30,1,0
1326,2024-01-06 16:04:01,Classic Burger,2,45,1,0
1326,2024-01-06 16:04:01,Soft Drink,3,15,1,0
1326,2024-01-06 16:04:01,Double Burger,2,65,1,0
1327,2024-01-06 18:02:19,Chicken Burger,3,55,1,0
1327,2024-01-06 18:02:19,Milkshake,1,28,1,0
1327,2024-01-06 18:02:19,Classic Burger,3,45,1,0
1327,2024-01-06 18:02:19,Soft Drink,2,15,1,0
1327,2024-01-06 18:02:19,Onion Rings,3,22,1,0
1328,2024-01-06 13:44:08,Chicken Nuggets,1,30,1,0
1328,2024-01-06 13:44:08,Classic Burger,1,45,1,0
1328,2024-01-06 13:44:08,Ice Cream,1,18,1,0
1329,2024-01-06 13:15:57,Onion Rings,3,22,1,0
1329,2024-01-06 13:15:57,Milkshake,3,28,1,0
1330,2024-01-06 15:43:31,Chicken Nuggets,3,30,1,0
1330,2024-01-06 15:43:31,Classic Burger,1,45,1,0
1331,2024-01-06 17:39:22,Ice Cream,1,18,1,0
1331,2024-01-06 17:39:22,Milkshake,1,28,1,0
1331,2024-01-06 17:39:22,Onion Rings,2,22,1,0
1331,2024-01-06 17:39:22,Classic Burger,2,45,1,0
1331,2024-01-06 17:39:22,Fries,2,20,1,0
1332,2024-01-06 18:04:52,Chicken Burger,3,55,1,0
1333,2024-01-06 22:55:26,Fries,2,20,1,0
1333,2024-01-06 22:55:26,Onion Rings,2,22,1,0
1333,2024-01-06 22:55:26,Classic Burger,2,45,1,0
1333,2024-01-06 22:55:26,Milkshake,2,28,1,0
1333,2024-01-06 22:55:26,Double Burger,2,65,1,0
1334,2024-01-06 20:00:38,Fries,2,20,1,0
1335,2024-01-06 17:04:18,Double Burger,3,65,1,0
1335,2024-01-06 17:04:18,Milkshake,1,28,1,0
1335,2024-01-06 17:04:18,Soft Drink,1,15,1,0
1335,2024-01-06 17:04:18,Onion Rings,1,22,1,0
1336,2024-01-06 17:51:49,Soft Drink,2,15,1,0
1336,2024-01-06 17:51:49,Chicken Nuggets,1,30,1,0
1336,2024-01-06 17:51:49,Classic Burger,2,45,1,0
1336,2024-01-06 17:51:49,Onion Rings,1,22,1,0
1337,2024-01-06 14:19:20,Soft Drink,3,15,1,0
1337,2024-01-06 14:19:20,Milkshake,1,28,1,0
1337,2024-01-06 14:19:20,Chicken Burger,1,55,1,0
1337,2024-01-06 14:19:20,Double Burger,1,65,1,0
1337,2024-01-06 14:19:20,Ice Cream,2,18,1,0
1338,2024-01-06 17:53:01,Ice Cream,1,18,1,0
1338,2024-01-06 17:53:01,Onion Rings,3,22,1,0
1338,2024-01-06 17:53:01,Classic Burger,2,45,1,0
1339,2024-01-06 17:45:25,Cheese Burger,3,50,1,0
1339,2024-01-06 17:45:25,Chicken Burger,1,55,1,0
1340,2024-01-06 18:40:49,Ice Cream,3,18,1,0
1341,2024-01-06 15:49:38,Fries,2,20,1,0
1341,2024-01-06 15:49:38,Milkshake,2,28,1,0
1341,2024-01-06 15:49:38,Cheese Burger,2,50,1,0
1342,2024-01-06 19:37:56,Double Burger,1,65,1,0
1342,2024-01-06 19:37:56,Chicken Burger,1,55,1,0
1342,2024-01-06 19:37:56,Ice Cream,3,18,1,0
1342,2024-01-06 19:37:56,Chicken Nuggets,2,30,1,0
1342,2024-01-06 19:37:56,Onion Rings,3,22,1,0
1343,2024-01-07 20:45:17,Chicken Nuggets,1,30,1,0
1343,2024-01-07 20:45:17,Chicken Burger,1,55,1,0
1343,2024-01-07 20:45:17,Ice Cream,2,18,1,0
1344,2024-01-07 16:44:02,Soft Drink,1,15,1,0
1344,2024-01-07 16:44:02,Ice Cream,2,18,1,0
1345,2024-01-07 18:28:06,Fries,3,20,1,0
1345,2024-01-07 18:28:06,Classic Burger,1,45,1,0
1346,2024-01-07 18:45:14,Milkshake,2,28,1,0
1346,2024-01-07 18:45:14,Chicken Burger,2,55,1,0
1346,2024-01-07 18:45:14,Onion Rings,1,22,1,0
1346,2024-01-07 18:45:14,Ice Cream,2,18,1,0
1346,2024-01-07 18:45:14,Cheese Burger,1,50,1,0
1347,2024-01-07 18:22:25,Chicken Nuggets,1,30,1,0
1348,2024-01-07 15:47:02,Fries,2,20,1,0
1349,2024-01-07 18:47:55,Ice Cream,3,18,1,0
1349,2024-01-07 18:47:55,Classic Burger,1,45,1,0
1349,2024-01-07 18:47:55,Chicken Burger,3,55,1,0
1349,2024-01-07 18:47:55,Soft Drink,2,15,1,0
1350,2024-01-07 19:54:51,Fries,1,20,1,0
1351,2024-01-07 22:13:06,Classic Burger,2,45,1,0
1351,2024-01-07 22:13:06,Chicken Burger,3,55,1,0
1351,2024-01-07 22:13:06,Soft Drink,2,15,1,0
1351,2024-01-07 22:13:06,Milkshake,3,28,1,0
1352,2024-01-07 20:42:13,Double Burger,1,65,1,0
1352,2024-01-07 20:42:13,Onion Rings,1,22,1,0
1352,2024-01-07 20:42:13,Chicken Nuggets,2,30,1,0
1352,2024-01-07 20:42:13,Chicken Burger,1,55,1,0
1352,2024-01-07 20:42:13,Milkshake,1,28,1,0
1353,2024-01-07 23:37:11,Fries,2,20,1,0
1354,2024-01-07 15:18:07,Milkshake,1,28,1,0
1354,2024-01-07 15:18:07,Onion Rings,2,22,1,0
1354,2024-01-07 15:18:07,Chicken Nuggets,3,30,1,0
1354,2024-01-07 15:18:07,Cheese Burger,2,50,1,0
1355,2024-01-07 20:58:40,Chicken Burger,1,55,1,0
1355,2024-01-07 20:58:40,Classic Burger,1,45,1,0
1355,2024-01-07 20:58:40,Cheese Burger,2,50,1,0
1355,2024-01-07 20:58:40,Chicken Nuggets,2,30,1,0
1355,2024-01-07 20:58:40,Fries,3,20,1,0
1356,2024-01-07 18:02:14,Milkshake,1,28,1,0
1356,2024-01-07 18:02:14,Double Burger,2,65,1,0
1356,2024-01-07 18:02:14,Cheese Burger,2,50,1,0
1356,2024-01-07 18:02:14,Ice Cream,2,18,1,0
1356,2024-01-07 18:02:14,Chicken Burger,2,55,1,0
1357,2024-01-07 23:52:05,Double Burger,2,65,1,0
1357,2024-01-07 23:52:05,Chicken Nuggets,1,30,1,0
1357,2024-01-07 23:52:05,Onion Rings,1,22,1,0
1358,2024-01-07 15:51:00,Onion Rings,2,22,1,0
1358,2024-01-07 15:51:00,Classic Burger,1,45,1,0
1358,2024-01-07 15:51:00,Cheese Burger,1,50,1,0
1359,2024-01-07 15:19:28,Double Burger,2,65,1,0
1359,2024-01-07 15:19:28,Fries,1,20,1,0
1359,2024-01-07 15:19:28,Soft Drink,2,15,1,0
1359,2024-01-07 15:19:28,Chicken Burger,3,55,1,0
1360,2024-01-07 16:53:17,Ice Cream,1,18,1,0
1360,2024-01-07 16:53:17,Chicken Burger,2,55,1,0
1361,2024-01-07 11:32:12,Chicken Burger,1,55,1,0
1362,2024-01-07 16:01:00,Chicken Burger,1,55,1,0
1362,2024-01-07 16:01:00,Milkshake,1,28,1,0
1362,2024-01-07 16:01:00,Double Burger,2,65,1,0
1362,2024-01-07 16:01:00,Onion Rings,1,22,1,0
1363,2024-01-07 15:16:30,Chicken Nuggets,1,30,1,0
1363,2024-01-07 15:16:30,Onion Rings,1,22,1,0
1364,2024-01-07 18:12:07,Soft Drink,3,15,1,0
1364,2024-01-07 18:12:07,Chicken Burger,3,55,1,0
1364,2024-01-07 18:12:07,Ice Cream,1,18,1,0
1364,2024-01-07 18:12:07,Onion Rings,1,22,1,0
1365,2024-01-07 19:51:19,Ice Cream,3,18,1,0
1365,2024-01-07 19:51:19,Chicken Nuggets,1,30,1,0
1365,2024-01-07 19:51:19,Cheese Burger,1,50,1,0
1365,2024-01-07 19:51:19,Chicken Burger,1,55,1,0
1365,2024-01-07 19:51:19,Double Burger,3,65,1,0
1366,2024-01-07 23:59:47,Milkshake,1,28,1,0
1366,2024-01-07 23:59:47,Cheese Burger,1,50,1,0
1366,2024-01-07 23:59:47,Chicken Nuggets,1,30,1,0
1366,2024-01-07 23:59:47,Ice Cream,2,18,1,0
1366,2024-01-07 23:59:47,Soft Drink,2,15,1,0
1367,2024-01-07 20:10:41,Cheese Burger,3,50,1,0
1368,2024-01-07 16:53:33,Chicken Nuggets,3,30,1,0
1368,2024-01-07 16:53:33,Onion Rings,2,22,1,0
1368,2024-01-07 16:53:33,Milkshake,3,28,1,0
1369,2024-01-07 15:59:21,Cheese Burger,1,50,1,0
1369,2024-01-07 15:59:21,Ice Cream,3,18,1,0
1369,2024-01-07 15:59:21,Soft Drink,2,15,1,0
1369,2024-01-07 15:59:21,Onion Rings,1,22,1,0
1369,2024-01-07 15:59:21,Double Burger,2,65,1,0
1370,2024-01-07 19:21:08,Fries,2,20,1,0
1370,2024-01-07 19:21:08,Classic Burger,3,45,1,0
1370,2024-01-07 19:21:08,Chicken Burger,3,55,1,0
1370,2024-01-07 19:21:08,Chicken Nuggets,3,30,1,0
1371,2024-01-07 14:32:33,Milkshake,3,28,1,0
1372,2024-01-07 23:32:09,Cheese Burger,3,50,1,0
1372,2024-01-07 23:32:09,Chicken Nuggets,1,30,1,0
1372,2024-01-07 23:32:09,Fries,3,20,1,0
1372,2024-01-07 23:32:09,Chicken Burger,1,55,1,0
1372,2024-01-07 23:32:09,Double Burger,3,65,1,0
1373,2024-01-07 21:08:40,Chicken Burger,3,55,1,0
1373,2024-01-07 21:08:40,Onion Rings,1,22,1,0
1373,2024-01-07 21:08:40,Milkshake,3,28,1,0
1374,2024-01-07 16:54:24,Cheese Burger,3,50,1,0
1374,2024-01-07 16:54:24,Milkshake,2,28,1,0
1374,2024-01-07 16:54:24,Double Burger,2,65,1,0
1374,2024-01-07 16:54:24,Fries,2,20,1,0
1375,2024-01-07 12:03:56,Chicken Burger,3,55,1,0
1375,2024-01-07 12:03:56,Cheese Burger,3,50,1,0
1376,2024-01-07 22:20:31,Milkshake,3,28,1,0
1377,2024-01-07 17:36:44,Cheese Burger,1,50,1,0
1377,2024-01-07 17:36:44,Chicken Burger,2,55,1,0
1377,2024-01-07 17:36:44,Classic Burger,2,45,1,0
1377,2024-01-07 17:36:44,Soft Drink,3,15,1,0
1378,2024-01-07 21:23:18,Ice Cream,1,18,1,0
1378,2024-01-07 21:23:18,Onion Rings,2,22,1,0
1379,2024-01-07 13:34:18,Classic Burger,3,45,1,0
1379,2024-01-07 13:34:18,Soft Drink,1,15,1,0
1379,2024-01-07 13:34:18,Milkshake,1,28,1,0
1380,2024-01-07 16:34:15,Milkshake,1,28,1,0
1380,2024-01-07 16:34:15,Cheese Burger,2,50,1,0
1380,2024-01-07 16:34:15,Ice Cream,3,18,1,0
1381,2024-01-07 18:29:05,Chicken Burger,2,55,1,0
1381,2024-01-07 18:29:05,Milkshake,1,28,1,0
1381,2024-01-07 18:29:05,Fries,3,20,1,0
1381,2024-01-07 18:29:05,Onion Rings,3,22,1,0
1381,2024-01-07 18:29:05,Ice Cream,3,18,1,0
1382,2024-01-07 18:19:12,Classic Burger,3,45,1,0
1382,2024-01-07 18:19:12,Soft Drink,2,15,1,0
1382,2024-01-07 18:19:12,Fries,2,20,1,0
1383,2024-01-07 16:54:47,Cheese Burger,3,50,1,0
1383,2024-01-07 16:54:47,Soft Drink,1,15,1,0
1383,2024-01-07 16:54:47,Ice Cream,2,18,1,0
1383,2024-01-07 16:54:47,Double Burger,2,65,1,0
1384,2024-01-07 19:29:13,Cheese Burger,1,50,1,0
1384,2024-01-07 19:29:13,Onion Rings,3,22,1,0
1385,2024-01-07 14:45:53,Double Burger,3,65,1,0
1385,2024-01-07 14:45:53,Chicken Nuggets,3,30,1,0
1386,2024-01-07 17:56:45,Onion Rings,1,22,1,0
1386,2024-01-07 17:56:45,Soft Drink,1,15,1,0
1386,2024-01-07 17:56:45,Double Burger,3,65,1,0
1386,2024-01-07 17:56:45,Ice Cream,3,18,1,0
1387,2024-01-07 18:25:25,Ice Cream,3,18,1,0
1387,2024-01-07 18:25:25,Classic Burger,3,45,1,0
1387,2024-01-07 18:25:25,Cheese Burger,2,50,1,0
1387,2024-01-07 18:25:25,Milkshake,1,28,1,0
1387,2024-01-07 18:25:25,Double Burger,2,65,1,0
1388,2024-01-07 19:42:09,Onion Rings,2,22,1,0
1388,2024-01-07 19:42:09,Classic Burger,3,45,1,0
1388,2024-01-07 19:42:09,Ice Cream,1,18,1,0
1388,2024-01-07 19:42:09,Milkshake,2,28,1,0
1389,2024-01-07 20:38:23,Double Burger,3,65,1,0
1389,2024-01-07 20:38:23,Ice Cream,1,18,1,0
1390,2024-01-07 14:43:17,Chicken Burger,2,55,1,0
1390,2024-01-07 14:43:17,Cheese Burger,3,50,1,0
1390,2024-01-07 14:43:17,Onion Rings,2,22,1,0
1390,2024-01-07 14:43:17,Chicken Nuggets,1,30,1,0
1391,2024-01-07 13:56:13,Fries,2,20,1,0
1391,2024-01-07 13:56:13,Milkshake,1,28,1,0
1391,2024-01-07 13:56:13,Onion Rings,2,22,1,0
1392,2024-01-07 21:33:36,Fries,3,20,1,0
1392,2024-01-07 21:33:36,Cheese Burger,3,50,1,0
1392,2024-01-07 21:33:36,Classic Burger,1,45,1,0
1392,2024-01-07 21:33:36,Chicken Nuggets,1,30,1,0
1393,2024-01-07 18:40:55,Chicken Nuggets,2,30,1,0
1393,2024-01-07 18:40:55,Fries,2,20,1,0
1393,2024-01-07 18:40:55,Soft Drink,3,15,1,0
1393,2024-01-07 18:40:55,Double Burger,3,65,1,0
1394,2024-01-07 15:48:22,Classic Burger,3,45,1,0
1395,2024-01-07 22:19:50,Ice Cream,2,18,1,0
1395,2024-01-07 22:19:50,Double Burger,3,65,1,0
1395,2024-01-07 22:19:50,Cheese Burger,3,50,1,0
1395,2024-01-07 22:19:50,Fries,1,20,1,0
1396,2024-01-07 18:51:52,Classic Burger,1,45,1,0
1396,2024-01-07 18:51:52,Chicken Nuggets,3,30,1,0
1396,2024-01-07 18:51:52,Milkshake,3,28,1,0
1397,2024-01-07 21:42:17,Classic Burger,2,45,1,0
1397,2024-01-07 21:42:17,Cheese Burger,3,50,1,0
1398,2024-01-07 18:36:14,Chicken Burger,2,55,1,0
1398,2024-01-07 18:36:14,Ice Cream,3,18,1,0
1398,2024-01-07 18:36:14,Cheese Burger,3,50,1,0
1398,2024-01-07 18:36:14,Soft Drink,1,15,1,0
1399,2024-01-07 23:28:12,Classic Burger,3,45,1,0
1399,2024-01-07 23:28:12,Cheese Burger,2,50,1,0
1399,2024-01-07 23:28:12,Ice Cream,1,18,1,0
1400,2024-01-07 23:26:31,Milkshake,2,28,1,0
1401,2024-01-07 17:17:27,Soft Drink,1,15,1,0
1402,2024-01-07 20:40:38,Chicken Burger,3,55,1,0
1403,2024-01-07 19:39:26,Fries,1,20,1,0
1403,2024-01-07 19:39:26,Soft Drink,1,15,1,0
1403,2024-01-07 19:39:26,Ice Cream,3,18,1,0
1403,2024-01-07 19:39:26,Cheese Burger,2,50,1,0
1403,2024-01-07 19:39:26,Onion Rings,1,22,1,0
1404,2024-01-07 22:51:45,Milkshake,3,28,1,0
1404,2024-01-07 22:51:45,Double Burger,2,65,1,0
1404,2024-01-07 22:51:45,Cheese Burger,1,50,1,0
1404,2024-01-07 22:51:45,Classic Burger,1,45,1,0
1405,2024-01-07 15:03:21,Chicken Nuggets,2,30,1,0
1405,2024-01-07 15:03:21,Soft Drink,1,15,1,0
1405,2024-01-07 15:03:21,Fries,3,20,1,0
1406,2024-01-07 20:20:42,Double Burger,1,65,1,0
1406,2024-01-07 20:20:42,Chicken Nuggets,3,30,1,0
1406,2024-01-07 20:20:42,Onion Rings,1,22,1,0
1406,2024-01-07 20:20:42,Fries,3,20,1,0
1406,2024-01-07 20:20:42,Ice Cream,2,18,1,0
1407,2024-01-07 21:41:23,Onion Rings,1,22,1,0
1408,2024-01-07 12:27:02,Fries,1,20,1,0
1408,2024-01-07 12:27:02,Chicken Nuggets,2,30,1,0
1409,2024-01-07 14:07:25,Chicken Burger,2,55,1,0
1409,2024-01-07 14:07:25,Milkshake,1,28,1,0
1409,2024-01-07 14:07:25,Fries,2,20,1,0
1409,2024-01-07 14:07:25,Chicken Nuggets,3,30,1,0
1409,2024-01-07 14:07:25,Onion Rings,3,22,1,0
1410,2024-01-07 11:46:16,Soft Drink,2,15,1,0
1410,2024-01-07 11:46:16,Cheese Burger,2,50,1,0
1410,2024-01-07 11:46:16,Classic Burger,2,45,1,0
1410,2024-01-07 11:46:16,Milkshake,1,28,1,0
1411,2024-01-07 17:42:30,Cheese Burger,3,50,1,0
1411,2024-01-07 17:42:30,Chicken Burger,2,55,1,0
1411,2024-01-07 17:42:30,Chicken Nuggets,2,30,1,0
1411,2024-01-07 17:42:30,Classic Burger,2,45,1,0
1411,2024-01-07 17:42:30,Onion Rings,3,22,1,0
1412,2024-01-07 20:39:29,Double Burger,3,65,1,0
1412,2024-01-07 20:39:29,Cheese Burger,3,50,1,0
1412,2024-01-07 20:39:29,Chicken Nuggets,1,30,1,0
1412,2024-01-07 20:39:29,Soft Drink,1,15,1,0
1413,2024-01-07 22:03:28,Classic Burger,1,45,1,0
1413,2024-01-07 22:03:28,Ice Cream,3,18,1,0
1413,2024-01-07 22:03:28,Milkshake,3,28,1,0
1413,2024-01-07 22:03:28,Double Burger,2,65,1,0
1414,2024-01-07 18:05:26,Soft Drink,2,15,1,0
1414,2024-01-07 18:05:26,Chicken Nuggets,3,30,1,0
1414,2024-01-07 18:05:26,Cheese Burger,2,50,1,0
1415,2024-01-07 22:12:20,Fries,1,20,1,0
1416,2024-01-07 13:14:11,Ice Cream,3,18,1,0
1416,2024-01-07 13:14:11,Fries,1,20,1,0
1416,2024-01-07 13:14:11,Double Burger,1,65,1,0
1416,2024-01-07 13:14:11,Cheese Burger,3,50,1,0
1417,2024-01-07 12:37:14,Fries,2,20,1,0
1417,2024-01-07 12:37:14,Chicken Burger,1,55,1,0
1417,2024-01-07 12:37:14,Soft Drink,2,15,1,0
1418,2024-01-07 17:34:41,Chicken Burger,2,55,1,0
1418,2024-01-07 17:34:41,Fries,1,20,1,0
1419,2024-01-07 19:08:58,Chicken Nuggets,2,30,1,0
1420,2024-01-07 17:01:00,Chicken Burger,3,55,1,0
1420,2024-01-07 17:01:00,Soft Drink,2,15,1,0
1420,2024-01-07 17:01:00,Classic Burger,3,45,1,0
1421,2024-01-07 11:24:15,Ice Cream,1,18,1,0
1421,2024-01-07 11:24:15,Classic Burger,3,45,1,0
1421,2024-01-07 11:24:15,Chicken Nuggets,3,30,1,0
1421,2024-01-07 11:24:15,Fries,2,20,1,0
1422,2024-01-07 17:10:57,Double Burger,3,65,1,0
1422,2024-01-07 17:10:57,Soft Drink,3,15,1,0
1423,2024-01-07 14:41:41,Fries,1,20,1,0
1423,2024-01-07 14:41:41,Cheese Burger,2,50,1,0
1423,2024-01-07 14:41:41,Milkshake,1,28,1,0
1424,2024-01-07 20:53:46,Milkshake,2,28,1,0
1424,2024-01-07 20:53:46,Chicken Nuggets,2,30,1,0
1424,2024-01-07 20:53:46,Chicken Burger,1,55,1,0
1424,2024-01-07 20:53:46,Classic Burger,3,45,1,0
1424,2024-01-07 20:53:46,Soft Drink,2,15,1,0
1425,2024-01-07 19:07:54,Classic Burger,2,45,1,0
1425,2024-01-07 19:07:54,Milkshake,3,28,1,0
1425,2024-01-07 19:07:54,Chicken Nuggets,2,30,1,0
1426,2024-01-07 15:18:27,Cheese Burger,3,50,1,0
1426,2024-01-07 15:18:27,Double Burger,2,65,1,0
1426,2024-01-07 15:18:27,Chicken Nuggets,2,30,1,0
1427,2024-01-07 16:50:51,Chicken Nuggets,1,30,1,0
1427,2024-01-07 16:50:51,Milkshake,1,28,1,0
1427,2024-01-07 16:50:51,Onion Rings,3,22,1,0
1428,2024-01-07 14:39:44,Double Burger,3,65,1,0
1428,2024-01-07 14:39:44,Chicken Burger,3,55,1,0
1428,2024-01-07 14:39:44,Ice Cream,2,18,1,0
1429,2024-01-07 17:58:42,Chicken Burger,1,55,1,0
1430,2024-01-07 20:45:45,Fries,2,20,1,0
1430,2024-01-07 20:45:45,Onion Rings,3,22,1,0
1430,2024-01-07 20:45:45,Ice Cream,1,18,1,0
1431,2024-01-07 15:28:59,Classic Burger,1,45,1,0
1431,2024-01-07 15:28:59,Milkshake,3,28,1,0
1431,2024-01-07 15:28:59,Onion Rings,2,22,1,0
1432,2024-01-07 19:56:15,Ice Cream,2,18,1,0
1432,2024-01-07 19:56:15,Soft Drink,1,15,1,0
1433,2024-01-08 15:08:58,Chicken Burger,3,55,0,0
1434,2024-01-08 17:28:47,Chicken Nuggets,2,30,0,0
1435,2024-01-08 14:55:43,Fries,3,20,0,0
1436,2024-01-08 16:43:39,Chicken Burger,3,55,0,0
1436,2024-01-08 16:43:39,Milkshake,2,28,0,0
1436,2024-01-08 16:43:39,Double Burger,3,65,0,0
1437,2024-01-08 14:47:51,Ice Cream,2,18,0,0
1437,2024-01-08 14:47:51,Double Burger,3,65,0,0
1437,2024-01-08 14:47:51,Fries,2,20,0,0
1437,2024-01-08 14:47:51,Onion Rings,2,22,0,0
1437,2024-01-08 14:47:51,Chicken Burger,2,55,0,0
1438,2024-01-08 23:55:44,Soft Drink,3,15,0,0
1439,2024-01-08 18:50:43,Chicken Burger,1,55,0,0
1439,2024-01-08 18:50:43,Soft Drink,3,15,0,0
1440,2024-01-08 15:29:09,Onion Rings,1,22,0,0
1440,2024-01-08 15:29:09,Cheese Burger,2,50,0,0
1440,2024-01-08 15:29:09,Classic Burger,3,45,0,0
1440,2024-01-08 15:29:09,Ice Cream,2,18,0,0
1441,2024-01-08 18:20:40,Chicken Nuggets,3,30,0,0
1441,2024-01-08 18:20:40,Milkshake,3,28,0,0
1441,2024-01-08 18:20:40,Cheese Burger,3,50,0,0
1441,2024-01-08 18:20:40,Soft Drink,1,15,0,0
1442,2024-01-08 17:50:24,Chicken Burger,1,55,0,0
1442,2024-01-08 17:50:24,Fries,1,20,0,0
1443,2024-01-08 17:56:09,Classic Burger,1,45,0,0
1443,2024-01-08 17:56:09,Ice Cream,1,18,0,0
1443,2024-01-08 17:56:09,Soft Drink,3,15,0,0
1444,2024-01-08 19:04:08,Onion Rings,3,22,0,0
1444,2024-01-08 19:04:08,Double Burger,2,65,0,0
1445,2024-01-08 20:39:43,Double Burger,1,65,0,0
1445,2024-01-08 20:39:43,Milkshake,1,28,0,0
1445,2024-01-08 20:39:43,Fries,3,20,0,0
1445,2024-01-08 20:39:43,Onion Rings,2,22,0,0
1446,2024-01-08 16:25:20,Fries,2,20,0,0
1446,2024-01-08 16:25:20,Chicken Burger,2,55,0,0
1446,2024-01-08 16:25:20,Soft Drink,1,15,0,0
1446,2024-01-08 16:25:20,Chicken Nuggets,3,30,0,0
1447,2024-01-08 16:40:47,Fries,3,20,0,0
1447,2024-01-08 16:40:47,Cheese Burger,2,50,0,0
1447,2024-01-08 16:40:47,Classic Burger,1,45,0,0
1447,2024-01-08 16:40:47,Milkshake,1,28,0,0
1447,2024-01-08 16:40:47,Soft Drink,2,15,0,0
1448,2024-01-08 17:17:52,Classic Burger,2,45,0,0
1448,2024-01-08 17:17:52,Fries,3,20,0,0
1448,2024-01-08 17:17:52,Chicken Burger,3,55,0,0
1448,2024-01-08 17:17:52,Cheese Burger,1,50,0,0
1449,2024-01-08 11:02:20,Ice Cream,3,18,0,0
1449,2024-01-08 11:02:20,Double Burger,2,65,0,0
1449,2024-01-08 11:02:20,Classic Burger,2,45,0,0
1450,2024-01-08 13:51:20,Onion Rings,1,22,0,0
1450,2024-01-08 13:51:20,Chicken Burger,2,55,0,0
1450,2024-01-08 13:51:20,Milkshake,1,28,0,0
1451,2024-01-08 22:11:10,Soft Drink,1,15,0,0
1451,2024-01-08 22:11:10,Chicken Nuggets,2,30,0,0
1451,2024-01-08 22:11:10,Chicken Burger,3,55,0,0
1452,2024-01-08 22:07:32,Ice Cream,1,18,0,0
1452,2024-01-08 22:07:32,Soft Drink,2,15,0,0
1452,2024-01-08 22:07:32,Milkshake,1,28,0,0
1452,2024-01-08 22:07:32,Onion Rings,2,22,0,0
1453,2024-01-08 17:31:51,Onion Rings,3,22,0,0
1453,2024-01-08 17:31:51,Fries,3,20,0,0
1453,2024-01-08 17:31:51,Soft Drink,2,15,0,0
1453,2024-01-08 17:31:51,Double Burger,2,65,0,0
1454,2024-01-08 19:57:04,Soft Drink,2,15,0,0
1454,2024-01-08 19:57:04,Cheese Burger,2,50,0,0
1454,2024-01-08 19:57:04,Double Burger,2,65,0,0
1454,2024-01-08 19:57:04,Onion Rings,1,22,0,0
1454,2024-01-08 19:57:04,Chicken Nuggets,3,30,0,0
1455,2024-01-08 18:39:06,Chicken Nuggets,1,30,0,0
1455,2024-01-08 18:39:06,Ice Cream,3,18,0,0
1455,2024-01-08 18:39:06,Chicken Burger,3,55,0,0
1455,2024-01-08 18:39:06,Soft Drink,1,15,0,0
1455,2024-01-08 18:39:06,Cheese Burger,1,50,0,0
1456,2024-01-08 23:05:33,Fries,3,20,0,0
1456,2024-01-08 23:05:33,Ice Cream,3,18,0,0
1456,2024-01-08 23:05:33,Onion Rings,3,22,0,0
1456,2024-01-08 23:05:33,Milkshake,1,28,0,0
1456,2024-01-08 23:05:33,Chicken Nuggets,3,30,0,0
1457,2024-01-08 21:36:06,Fries,3,20,0,0
1457,2024-01-08 21:36:06,Chicken Nuggets,3,30,0,0
1457,2024-01-08 21:36:06,Onion Rings,3,22,0,0
1457,2024-01-08 21:36:06,Milkshake,1,28,0,0
1457,2024-01-08 21:36:06,Ice Cream,1,18,0,0
1458,2024-01-08 17:15:29,Cheese Burger,1,50,0,0
1458,2024-01-08 17:15:29,Ice Cream,1,18,0,0
1458,2024-01-08 17:15:29,Classic Burger,2,45,0,0
1458,2024-01-08 17:15:29,Fries,3,20,0,0
1458,2024-01-08 17:15:29,Chicken Burger,1,55,0,0
1459,2024-01-08 15:26:11,Chicken Nuggets,2,30,0,0
1459,2024-01-08 15:26:11,Fries,2,20,0,0
1460,2024-01-08 13:05:23,Milkshake,3,28,0,0
1460,2024-01-08 13:05:23,Soft Drink,2,15,0,0
1460,2024-01-08 13:05:23,Onion Rings,2,22,0,0
1460,2024-01-08 13:05:23,Ice Cream,1,18,0,0
1460,2024-01-08 13:05:23,Fries,2,20,0,0
1461,2024-01-08 18:01:03,Soft Drink,1,15,0,0
1461,2024-01-08 18:01:03,Chicken Burger,1,55,0,0
1461,2024-01-08 18:01:03,Onion Rings,3,22,0,0
1462,2024-01-08 15:54:51,Fries,1,20,0,0
1462,2024-01-08 15:54:51,Chicken Burger,1,55,0,0
1462,2024-01-08 15:54:51,Cheese Burger,1,50,0,0
1463,2024-01-08 13:17:58,Cheese Burger,2,50,0,0
1463,2024-01-08 13:17:58,Soft Drink,2,15,0,0
1463,2024-01-08 13:17:58,Onion Rings,2,22,0,0
1463,2024-01-08 13:17:58,Classic Burger,1,45,0,0
1464,2024-01-08 16:16:42,Double Burger,3,65,0,0
1464,2024-01-08 16:16:42,Classic Burger,2,45,0,0
1464,2024-01-08 16:16:42,Cheese Burger,3,50,0,0
1465,2024-01-08 14:49:13,Classic Burger,2,45,0,0
1465,2024-01-08 14:49:13,Chicken Nuggets,1,30,0,0
1465,2024-01-08 14:49:13,Onion Rings,2,22,0,0
1466,2024-01-08 23:00:47,Classic Burger,3,45,0,0
1466,2024-01-08 23:00:47,Double Burger,1,65,0,0
1466,2024-01-08 23:00:47,Fries,1,20,0,0
1466,2024-01-08 23:00:47,Ice Cream,1,18,0,0
1467,2024-01-08 20:19:27,Double Burger,2,65,0,0
1467,2024-01-08 20:19:27,Chicken Nuggets,2,30,0,0
1468,2024-01-08 17:18:04,Milkshake,3,28,0,0
1468,2024-01-08 17:18:04,Chicken Burger,2,55,0,0
1468,2024-01-08 17:18:04,Cheese Burger,3,50,0,0
1468,2024-01-08 17:18:04,Ice Cream,1,18,0,0
1469,2024-01-09 22:51:11,Classic Burger,3,45,0,0
1469,2024-01-09 22:51:11,Chicken Nuggets,1,30,0,0
1469,2024-01-09 22:51:11,Soft Drink,2,15,0,0
1470,2024-01-09 19:53:36,Onion Rings,3,22,0,0
1470,2024-01-09 19:53:36,Soft Drink,2,15,0,0
1470,2024-01-09 19:53:36,Double Burger,1,65,0,0
1471,2024-01-09 14:50:12,Fries,2,20,0,0
1471,2024-01-09 14:50:12,Onion Rings,2,22,0,0
1471,2024-01-09 14:50:12,Soft Drink,3,15,0,0
1471,2024-01-09 14:50:12,Classic Burger,1,45,0,0
1472,2024-01-09 17:09:30,Chicken Burger,1,55,0,0
1472,2024-01-09 17:09:30,Cheese Burger,2,50,0,0
1472,2024-01-09 17:09:30,Soft Drink,1,15,0,0
1472,2024-01-09 17:09:30,Double Burger,3,65,0,0
1473,2024-01-09 15:46:55,Chicken Nuggets,3,30,0,0
1473,2024-01-09 15:46:55,Double Burger,2,65,0,0
1474,2024-01-09 13:29:21,Double Burger,2,65,0,0
1474,2024-01-09 13:29:21,Chicken Burger,1,55,0,0
1474,2024-01-09 13:29:21,Fries,2,20,0,0
1474,2024-01-09 13:29:21,Milkshake,1,28,0,0
1475,2024-01-09 20:42:19,Classic Burger,1,45,0,0
1475,2024-01-09 20:42:19,Fries,3,20,0,0
1476,2024-01-09 23:55:48,Onion Rings,1,22,0,0
1476,2024-01-09 23:55:48,Cheese Burger,3,50,0,0
1476,2024-01-09 23:55:48,Ice Cream,2,18,0,0
1477,2024-01-09 13:19:40,Chicken Burger,2,55,0,0
1477,2024-01-09 13:19:40,Soft Drink,3,15,0,0
1478,2024-01-09 19:03:49,Chicken Burger,2,55,0,0
1478,2024-01-09 19:03:49,Milkshake,1,28,0,0
1478,2024-01-09 19:03:49,Cheese Burger,2,50,0,0
1479,2024-01-09 16:41:58,Milkshake,1,28,0,0
1480,2024-01-09 16:05:48,Cheese Burger,2,50,0,0
1481,2024-01-09 16:28:39,Fries,2,20,0,0
1481,2024-01-09 16:28:39,Double Burger,2,65,0,0
1481,2024-01-09 16:28:39,Milkshake,2,28,0,0
1481,2024-01-09 16:28:39,Soft Drink,1,15,0,0
1482,2024-01-09 15:46:15,Classic Burger,1,45,0,0
1482,2024-01-09 15:46:15,Fries,2,20,0,0
1483,2024-01-09 18:56:44,Milkshake,2,28,0,0
1483,2024-01-09 18:56:44,Chicken Nuggets,2,30,0,0
1483,2024-01-09 18:56:44,Chicken Burger,1,55,0,0
1483,2024-01-09 18:56:44,Onion Rings,3,22,0,0
1484,2024-01-09 15:28:46,Fries,2,20,0,0
1484,2024-01-09 15:28:46,Classic Burger,3,45,0,0
1485,2024-01-09 18:36:02,Milkshake,1,28,0,0
1485,2024-01-09 18:36:02,Soft Drink,1,15,0,0
1485,2024-01-09 18:36:02,Double Burger,3,65,0,0
1485,2024-01-09 18:36:02,Cheese Burger,3,50,0,0
1486,2024-01-09 17:52:23,Onion Rings,1,22,0,0
1486,2024-01-09 17:52:23,Chicken Nuggets,2,30,0,0
1486,2024-01-09 17:52:23,Soft Drink,1,15,0,0
1486,2024-01-09 17:52:23,Cheese Burger,1,50,0,0
1486,2024-01-09 17:52:23,Classic Burger,1,45,0,0
1487,2024-01-09 17:50:27,Fries,3,20,0,0
1488,2024-01-09 15:43:25,Onion Rings,1,22,0,0
1488,2024-01-09 15:43:25,Double Burger,2,65,0,0
1488,2024-01-09 15:43:25,Ice Cream,2,18,0,0
1489,2024-01-09 16:21:41,Milkshake,1,28,0,0
1489,2024-01-09 16:21:41,Chicken Nuggets,2,30,0,0
1490,2024-01-09 20:00:56,Fries,3,20,0,0
1490,2024-01-09 20:00:56,Ice Cream,2,18,0,0
1490,2024-01-09 20:00:56,Chicken Burger,2,55,0,0
1490,2024-01-09 20:00:56,Cheese Burger,2,50,0,0
1491,2024-01-09 19:27:42,Soft Drink,1,15,0,0
1491,2024-01-09 19:27:42,Cheese Burger,3,50,0,0
1491,2024-01-09 19:27:42,Milkshake,3,28,0,0
1491,2024-01-09 19:27:42,Ice Cream,1,18,0,0
1491,2024-01-09 19:27:42,Fries,2,20,0,0
1492,2024-01-09 15:55:22,Classic Burger,2,45,0,0
1492,2024-01-09 15:55:22,Chicken Nuggets,1,30,0,0
1492,2024-01-09 15:55:22,Fries,1,20,0,0
1492,2024-01-09 15:55:22,Milkshake,2,28,0,0
1492,2024-01-09 15:55:22,Onion Rings,1,22,0,0
1493,2024-01-09 18:40:41,Onion Rings,1,22,0,0
1493,2024-01-09 18:40:41,Ice Cream,1,18,0,0
1493,2024-01-09 18:40:41,Soft Drink,1,15,0,0
1494,2024-01-09 20:46:39,Chicken Burger,2,55,0,0
1495,2024-01-09 12:44:52,Soft Drink,3,15,0,0
1495,2024-01-09 12:44:52,Double Burger,2,65,0,0
1495,2024-01-09 12:44:52,Chicken Burger,3,55,0,0
1495,2024-01-09 12:44:52,Cheese Burger,3,50,0,0
1495,2024-01-09 12:44:52,Milkshake,3,28,0,0
1496,2024-01-09 19:29:33,Onion Rings,3,22,0,0
1496,2024-01-09 19:29:33,Soft Drink,1,15,0,0
1497,2024-01-09 16:21:15,Double Burger,1,65,0,0
1497,2024-01-09 16:21:15,Cheese Burger,2,50,0,0
1497,2024-01-09 16:21:15,Chicken Burger,1,55,0,0
1497,2024-01-09 16:21:15,Ice Cream,1,18,0,0
1497,2024-01-09 16:21:15,Onion Rings,2,22,0,0
1498,2024-01-09 19:21:45,Onion Rings,3,22,0,0
1498,2024-01-09 19:21:45,Fries,2,20,0,0
1498,2024-01-09 19:21:45,Ice Cream,2,18,0,0
1499,2024-01-09 15:17:50,Cheese Burger,2,50,0,0
1499,2024-01-09 15:17:50,Milkshake,1,28,0,0
1499,2024-01-09 15:17:50,Ice Cream,2,18,0,0
1499,2024-01-09 15:17:50,Classic Burger,1,45,0,0
1499,2024-01-09 15:17:50,Soft Drink,2,15,0,0
1500,2024-01-09 12:30:12,Chicken Burger,3,55,0,0
1500,2024-01-09 12:30:12,Cheese Burger,2,50,0,0
1500,2024-01-09 12:30:12,Classic Burger,3,45,0,0
1501,2024-01-09 13:09:45,Chicken Nuggets,1,30,0,0
1501,2024-01-09 13:09:45,Chicken Burger,3,55,0,0
1501,2024-01-09 13:09:45,Soft Drink,3,15,0,0
1501,2024-01-09 13:09:45,Ice Cream,3,18,0,0
1502,2024-01-09 18:01:45,Onion Rings,3,22,0,0
1502,2024-01-09 18:01:45,Fries,3,20,0,0
1502,2024-01-09 18:01:45,Chicken Nuggets,3,30,0,0
1502,2024-01-09 18:01:45,Double Burger,2,65,0,0
1502,2024-01-09 18:01:45,Cheese Burger,3,50,0,0
1503,2024-01-09 18:43:49,Double Burger,3,65,0,0
1503,2024-01-09 18:43:49,Soft Drink,3,15,0,0
1503,2024-01-09 18:43:49,Chicken Burger,2,55,0,0
1503,2024-01-09 18:43:49,Onion Rings,3,22,0,0
1503,2024-01-09 18:43:49,Milkshake,3,28,0,0
1504,2024-01-09 15:38:23,Cheese Burger,1,50,0,0
1504,2024-01-09 15:38:23,Milkshake,3,28,0,0
1504,2024-01-09 15:38:23,Soft Drink,3,15,0,0
1504,2024-01-09 15:38:23,Double Burger,3,65,0,0
1505,2024-01-09 19:39:56,Onion Rings,3,22,0,0
1506,2024-01-09 13:56:07,Chicken Nuggets,2,30,0,0
1507,2024-01-09 17:56:42,Milkshake,3,28,0,0
1507,2024-01-09 17:56:42,Soft Drink,3,15,0,0
1508,2024-01-09 14:09:29,Double Burger,1,65,0,0
1508,2024-01-09 14:09:29,Ice Cream,2,18,0,0
1508,2024-01-09 14:09:29,Chicken Nuggets,1,30,0,0
1509,2024-01-09 16:50:42,Onion Rings,1,22,0,0
1509,2024-01-09 16:50:42,Fries,2,20,0,0
1510,2024-01-09 18:57:29,Fries,1,20,0,0
1510,2024-01-09 18:57:29,Onion Rings,2,22,0,0
1511,2024-01-09 15:46:27,Fries,2,20,0,0
1512,2024-01-09 16:10:58,Chicken Burger,2,55,0,0
1512,2024-01-09 16:10:58,Onion Rings,1,22,0,0
1512,2024-01-09 16:10:58,Chicken Nuggets,1,30,0,0
1513,2024-01-09 21:56:51,Chicken Burger,3,55,0,0
1513,2024-01-09 21:56:51,Ice Cream,1,18,0,0
1513,2024-01-09 21:56:51,Onion Rings,2,22,0,0
1513,2024-01-09 21:56:51,Milkshake,2,28,0,0
1513,2024-01-09 21:56:51,Fries,1,20,0,0
1514,2024-01-09 16:46:05,Soft Drink,2,15,0,0
1514,2024-01-09 16:46:05,Fries,1,20,0,0
1515,2024-01-09 20:05:20,Chicken Nuggets,3,30,0,0
1515,2024-01-09 20:05:20,Chicken Burger,1,55,0,0
1515,2024-01-09 20:05:20,Soft Drink,1,15,0,0
1515,2024-01-09 20:05:20,Classic Burger,3,45,0,0
1516,2024-01-09 14:59:29,Onion Rings,3,22,0,0
1516,2024-01-09 14:59:29,Soft Drink,3,15,0,0
1516,2024-01-09 14:59:29,Cheese Burger,2,50,0,0
1516,2024-01-09 14:59:29,Milkshake,3,28,0,0
1516,2024-01-09 14:59:29,Ice Cream,1,18,0,0
1517,2024-01-09 19:52:07,Chicken Nuggets,2,30,0,0
1517,2024-01-09 19:52:07,Fries,1,20,0,0
1517,2024-01-09 19:52:07,Cheese Burger,2,50,0,0
1517,2024-01-09 19:52:07,Onion Rings,3,22,0,0
1518,2024-01-09 22:25:37,Onion Rings,1,22,0,0
1518,2024-01-09 22:25:37,Fries,2,20,0,0
1519,2024-01-10 17:07:16,Ice Cream,1,18,1,0
1519,2024-01-10 17:07:16,Soft Drink,1,15,1,0
1519,2024-01-10 17:07:16,Chicken Burger,2,55,1,0
1519,2024-01-10 17:07:16,Cheese Burger,1,50,1,0
1520,2024-01-10 19:22:47,Soft Drink,3,15,1,0
1520,2024-01-10 19:22:47,Double Burger,1,65,1,0
1520,2024-01-10 19:22:47,Chicken Burger,1,55,1,0
1520,2024-01-10 19:22:47,Fries,3,20,1,0
1520,2024-01-10 19:22:47,Chicken Nuggets,3,30,1,0
1521,2024-01-10 16:19:17,Milkshake,3,28,1,0
1521,2024-01-10 16:19:17,Chicken Burger,1,55,1,0
1521,2024-01-10 16:19:17,Fries,2,20,1,0
1521,2024-01-10 16:19:17,Classic Burger,3,45,1,0
1522,2024-01-10 18:34:04,Onion Rings,1,22,1,0
1522,2024-01-10 18:34:04,Milkshake,1,28,1,0
1523,2024-01-10 17:57:37,Soft Drink,2,15,1,0
1523,2024-01-10 17:57:37,Fries,3,20,1,0
1524,2024-01-10 21:42:45,Milkshake,3,28,1,0
1525,2024-01-10 18:14:35,Onion Rings,1,22,1,0
1525,2024-01-10 18:14:35,Milkshake,1,28,1,0
1525,2024-01-10 18:14:35,Soft Drink,2,15,1,0
1526,2024-01-10 19:33:46,Classic Burger,1,45,1,0
1526,2024-01-10 19:33:46,Chicken Burger,2,55,1,0
1526,2024-01-10 19:33:46,Fries,2,20,1,0
1527,2024-01-10 16:00:04,Double Burger,3,65,1,0
1527,2024-01-10 16:00:04,Onion Rings,1,22,1,0
1527,2024-01-10 16:00:04,Chicken Nuggets,1,30,1,0
1527,2024-01-10 16:00:04,Cheese Burger,2,50,1,0
1528,2024-01-10 16:08:22,Classic Burger,2,45,1,0
1528,2024-01-10 16:08:22,Ice Cream,2,18,1,0
1528,2024-01-10 16:08:22,Onion Rings,2,22,1,0
1528,2024-01-10 16:08:22,Cheese Burger,3,50,1,0
1528,2024-01-10 16:08:22,Soft Drink,2,15,1,0
1529,2024-01-10 16:19:30,Milkshake,2,28,1,0
1529,2024-01-10 16:19:30,Double Burger,3,65,1,0
1530,2024-01-10 19:39:16,Double Burger,1,65,1,0
1530,2024-01-10 19:39:16,Chicken Nuggets,2,30,1,0
1530,2024-01-10 19:39:16,Onion Rings,2,22,1,0
1531,2024-01-10 16:23:55,Ice Cream,1,18,1,0
1531,2024-01-10 16:23:55,Milkshake,1,28,1,0
1532,2024-01-10 18:05:23,Onion Rings,3,22,1,0
1533,2024-01-10 23:01:06,Fries,3,20,1,0
1533,2024-01-10 23:01:06,Double Burger,3,65,1,0
1533,2024-01-10 23:01:06,Milkshake,1,28,1,0
1533,2024-01-10 23:01:06,Soft Drink,1,15,1,0
1533,2024-01-10 23:01:06,Chicken Burger,2,55,1,0
1534,2024-01-10 20:32:58,Onion Rings,2,22,1,0
1534,2024-01-10 20:32:58,Fries,2,20,1,0
1534,2024-01-10 20:32:58,Chicken Nuggets,2,30,1,0
1535,2024-01-10 17:29:01,Cheese Burger,2,50,1,0
1535,2024-01-10 17:29:01,Classic Burger,2,45,1,0
1535,2024-01-10 17:29:01,Milkshake,2,28,1,0
1535,2024-01-10 17:29:01,Double Burger,2,65,1,0
1536,2024-01-10 21:44:29,Fries,3,20,1,0
1536,2024-01-10 21:44:29,Onion Rings,2,22,1,0
1537,2024-01-10 16:47:21,Fries,1,20,1,0
1537,2024-01-10 16:47:21,Milkshake,3,28,1,0
1537,2024-01-10 16:47:21,Chicken Nuggets,1,30,1,0
1537,2024-01-10 16:47:21,Onion Rings,3,22,1,0
1537,2024-01-10 16:47:21,Double Burger,2,65,1,0
1538,2024-01-10 11:21:22,Cheese Burger,1,50,1,0
1538,2024-01-10 11:21:22,Chicken Nuggets,3,30,1,0
1539,2024-01-10 14:25:44,Classic Burger,3,45,1,0
1540,2024-01-10 12:47:02,Ice Cream,1,18,1,0
1540,2024-01-10 12:47:02,Fries,1,20,1,0
1540,2024-01-10 12:47:02,Soft Drink,3,15,1,0
1541,2024-01-10 16:10:59,Ice Cream,2,18,1,0
1541,2024-01-10 16:10:59,Onion Rings,1,22,1,0
1541,2024-01-10 16:10:59,Classic Burger,1,45,1,0
1541,2024-01-10 16:10:59,Fries,1,20,1,0
1541,2024-01-10 16:10:59,Milkshake,2,28,1,0
1542,2024-01-10 18:06:14,Ice Cream,1,18,1,0
1542,2024-01-10 18:06:14,Double Burger,2,65,1,0
1542,2024-01-10 18:06:14,Milkshake,1,28,1,0
1542,2024-01-10 18:06:14,Cheese Burger,2,50,1,0
1542,2024-01-10 18:06:14,Soft Drink,2,15,1,0
1543,2024-01-10 23:17:57,Double Burger,2,65,1,0
1544,2024-01-10 18:56:33,Chicken Nuggets,3,30,1,0
1545,2024-01-10 17:48:43,Milkshake,1,28,1,0
1546,2024-01-10 20:06:52,Ice Cream,3,18,1,0
1546,2024-01-10 20:06:52,Soft Drink,2,15,1,0
1546,2024-01-10 20:06:52,Chicken Burger,3,55,1,0
1547,2024-01-10 11:17:20,Classic Burger,2,45,1,0
1547,2024-01-10 11:17:20,Double Burger,3,65,1,0
1548,2024-01-10 18:08:11,Chicken Burger,3,55,1,0
1548,2024-01-10 18:08:11,Fries,2,20,1,0
1548,2024-01-10 18:08:11,Onion Rings,2,22,1,0
1548,2024-01-10 18:08:11,Milkshake,1,28,1,0
1548,2024-01-10 18:08:11,Ice Cream,2,18,1,0
1549,2024-01-10 20:58:38,Chicken Nuggets,2,30,1,0
1549,2024-01-10 20:58:38,Fries,3,20,1,0
1549,2024-01-10 20:58:38,Classic Burger,2,45,1,0
1550,2024-01-10 13:16:27,Chicken Burger,1,55,1,0
1550,2024-01-10 13:16:27,Ice Cream,1,18,1,0
1551,2024-01-10 21:16:44,Classic Burger,3,45,1,0
1551,2024-01-10 21:16:44,Chicken Nuggets,2,30,1,0
1551,2024-01-10 21:16:44,Soft Drink,3,15,1,0
1552,2024-01-10 19:49:05,Soft Drink,1,15,1,0
1552,2024-01-10 19:49:05,Chicken Burger,3,55,1,0
1552,2024-01-10 19:49:05,Milkshake,2,28,1,0
1552,2024-01-10 19:49:05,Cheese Burger,3,50,1,0
1552,2024-01-10 19:49:05,Double Burger,3,65,1,0
1553,2024-01-10 16:07:51,Ice Cream,1,18,1,0
1553,2024-01-10 16:07:51,Chicken Nuggets,1,30,1,0
1553,2024-01-10 16:07:51,Double Burger,3,65,1,0
1553,2024-01-10 16:07:51,Fries,3,20,1,0
1553,2024-01-10 16:07:51,Soft Drink,1,15,1,0
1554,2024-01-10 19:36:59,Chicken Nuggets,3,30,1,0
1554,2024-01-10 19:36:59,Double Burger,1,65,1,0
1554,2024-01-10 19:36:59,Onion Rings,2,22,1,0
1555,2024-01-10 23:09:52,Ice Cream,2,18,1,0
1556,2024-01-10 18:26:49,Milkshake,2,28,1,0
1556,2024-01-10 18:26:49,Double Burger,2,65,1,0
1557,2024-01-10 18:02:32,Milkshake,2,28,1,0
1557,2024-01-10 18:02:32,Onion Rings,1,22,1,0
1558,2024-01-10 16:29:45,Onion Rings,3,22,1,0
1558,2024-01-10 16:29:45,Chicken Burger,3,55,1,0
1558,2024-01-10 16:29:45,Classic Burger,2,45,1,0
1559,2024-01-10 15:23:37,Milkshake,3,28,1,0
1559,2024-01-10 15:23:37,Chicken Nuggets,3,30,1,0
1559,2024-01-10 15:23:37,Onion Rings,2,22,1,0
1559,2024-01-10 15:23:37,Double Burger,1,65,1,0
1560,2024-01-10 20:14:15,Double Burger,2,65,1,0
1560,2024-01-10 20:14:15,Onion Rings,1,22,1,0
1560,2024-01-10 20:14:15,Cheese Burger,3,50,1,0
1560,2024-01-10 20:14:15,Chicken Nuggets,2,30,1,0
1560,2024-01-10 20:14:15,Ice Cream,2,18,1,0
1561,2024-01-10 15:51:57,Milkshake,3,28,1,0
1561,2024-01-10 15:51:57,Chicken Nuggets,1,30,1,0
1561,2024-01-10 15:51:57,Double Burger,3,65,1,0
1562,2024-01-10 18:26:30,Double Burger,2,65,1,0
1562,2024-01-10 18:26:30,Soft Drink,2,15,1,0
1562,2024-01-10 18:26:30,Chicken Nuggets,1,30,1,0
1562,2024-01-10 18:26:30,Onion Rings,1,22,1,0
1562,2024-01-10 18:26:30,Milkshake,1,28,1,0
1563,2024-01-10 16:22:13,Double Burger,2,65,1,0
1563,2024-01-10 16:22:13,Ice Cream,2,18,1,0
1564,2024-01-10 19:05:52,Classic Burger,1,45,1,0
1564,2024-01-10 19:05:52,Ice Cream,1,18,1,0
1565,2024-01-10 19:59:38,Soft Drink,3,15,1,0
1565,2024-01-10 19:59:38,Ice Cream,2,18,1,0
1566,2024-01-10 21:42:24,Fries,2,20,1,0
1566,2024-01-10 21:42:24,Milkshake,2,28,1,0
1566,2024-01-10 21:42:24,Chicken Burger,1,55,1,0
1566,2024-01-10 21:42:24,Classic Burger,3,45,1,0
1567,2024-01-10 16:58:17,Double Burger,3,65,1,0
1567,2024-01-10 16:58:17,Chicken Burger,1,55,1,0
1567,2024-01-10 16:58:17,Milkshake,2,28,1,0
1568,2024-01-10 17:50:46,Double Burger,3,65,1,0
1568,2024-01-10 17:50:46,Fries,2,20,1,0
1568,2024-01-10 17:50:46,Ice Cream,2,18,1,0
1569,2024-01-10 15:08:06,Milkshake,3,28,1,0
1569,2024-01-10 15:08:06,Classic Burger,2,45,1,0
1570,2024-01-10 16:05:18,Fries,1,20,1,0
1571,2024-01-10 19:17:43,Chicken Nuggets,2,30,1,0
1571,2024-01-10 19:17:43,Milkshake,2,28,1,0
1571,2024-01-10 19:17:43,Soft Drink,3,15,1,0
1571,2024-01-10 19:17:43,Double Burger,2,65,1,0
1572,2024-01-10 20:27:30,Chicken Nuggets,2,30,1,0
1572,2024-01-10 20:27:30,Soft Drink,3,15,1,0
1572,2024-01-10 20:27:30,Ice Cream,3,18,1,0
1573,2024-01-11 19:19:58,Milkshake,1,28,1,0
1573,2024-01-11 19:19:58,Chicken Burger,3,55,1,0
1573,2024-01-11 19:19:58,Ice Cream,3,18,1,0
1573,2024-01-11 19:19:58,Chicken Nuggets,1,30,1,0
1573,2024-01-11 19:19:58,Classic Burger,2,45,1,0
1574,2024-01-11 23:31:53,Classic Burger,1,45,1,0
1574,2024-01-11 23:31:53,Cheese Burger,3,50,1,0
1574,2024-01-11 23:31:53,Chicken Burger,2,55,1,0
1575,2024-01-11 15:27:45,Onion Rings,2,22,1,0
1576,2024-01-11 14:57:56,Cheese Burger,1,50,1,0
1576,2024-01-11 14:57:56,Double Burger,1,65,1,0
1576,2024-01-11 14:57:56,Classic Burger,2,45,1,0
1576,2024-01-11 14:57:56,Milkshake,1,28,1,0
1577,2024-01-11 12:52:40,Classic Burger,2,45,1,0
1577,2024-01-11 12:52:40,Chicken Nuggets,2,30,1,0
1577,2024-01-11 12:52:40,Onion Rings,1,22,1,0
1578,2024-01-11 22:39:37,Chicken Burger,3,55,1,0
1579,2024-01-11 19:53:00,Onion Rings,2,22,1,0
1579,2024-01-11 19:53:00,Cheese Burger,1,50,1,0
1579,2024-01-11 19:53:00,Fries,3,20,1,0
1579,2024-01-11 19:53:00,Chicken Nuggets,3,30,1,0
1579,2024-01-11 19:53:00,Chicken Burger,3,55,1,0
1580,2024-01-11 17:44:57,Ice Cream,2,18,1,0
1581,2024-01-11 18:30:14,Cheese Burger,3,50,1,0
1581,2024-01-11 18:30:14,Chicken Nuggets,2,30,1,0
1581,2024-01-11 18:30:14,Classic Burger,3,45,1,0
1581,2024-01-11 18:30:14,Onion Rings,1,22,1,0
1582,2024-01-11 14:08:34,Double Burger,1,65,1,0
1582,2024-01-11 14:08:34,Onion Rings,1,22,1,0
1582,2024-01-11 14:08:34,Soft Drink,1,15,1,0
1583,2024-01-11 23:26:00,Milkshake,3,28,1,0
1583,2024-01-11 23:26:00,Double Burger,2,65,1,0
1584,2024-01-11 18:52:06,Ice Cream,2,18,1,0
1585,2024-01-11 18:30:37,Chicken Burger,2,55,1,0
1585,2024-01-11 18:30:37,Soft Drink,3,15,1,0
1585,2024-01-11 18:30:37,Cheese Burger,3,50,1,0
1585,2024-01-11 18:30:37,Chicken Nuggets,1,30,1,0
1585,2024-01-11 18:30:37,Fries,2,20,1,0
1586,2024-01-11 20:24:55,Double Burger,1,65,1,0
1586,2024-01-11 20:24:55,Ice Cream,2,18,1,0
1587,2024-01-11 19:07:28,Milkshake,2,28,1,0
1587,2024-01-11 19:07:28,Ice Cream,2,18,1,0
1588,2024-01-11 18:52:33,Onion Rings,2,22,1,0
1588,2024-01-11 18:52:33,Chicken Nuggets,3,30,1,0
1588,2024-01-11 18:52:33,Ice Cream,1,18,1,0
1589,2024-01-11 15:31:26,Chicken Nuggets,3,30,1,0
1589,2024-01-11 15:31:26,Soft Drink,1,15,1,0
1589,2024-01-11 15:31:26,Onion Rings,2,22,1,0
1589,2024-01-11 15:31:26,Ice Cream,2,18,1,0
1589,2024-01-11 15:31:26,Milkshake,2,28,1,0
1590,2024-01-11 19:34:37,Cheese Burger,1,50,1,0
1590,2024-01-11 19:34:37,Milkshake,2,28,1,0
1591,2024-01-11 23:41:56,Fries,3,20,1,0
1591,2024-01-11 23:41:56,Classic Burger,3,45,1,0
1591,2024-01-11 23:41:56,Cheese Burger,3,50,1,0
1591,2024-01-11 23:41:56,Soft Drink,3,15,1,0
1591,2024-01-11 23:41:56,Chicken Burger,1,55,1,0
1592,2024-01-11 22:18:57,Chicken Burger,1,55,1,0
1592,2024-01-11 22:18:57,Fries,2,20,1,0
1592,2024-01-11 22:18:57,Soft Drink,2,15,1,0
1592,2024-01-11 22:18:57,Chicken Nuggets,3,30,1,0
1593,2024-01-11 22:42:27,Soft Drink,3,15,1,0
1593,2024-01-11 22:42:27,Milkshake,3,28,1,0
1593,2024-01-11 22:42:27,Classic Burger,3,45,1,0
1594,2024-01-11 16:23:50,Milkshake,3,28,1,0
1594,2024-01-11 16:23:50,Ice Cream,1,18,1,0
1594,2024-01-11 16:23:50,Soft Drink,1,15,1,0
1595,2024-01-11 15:18:35,Double Burger,3,65,1,0
1595,2024-01-11 15:18:35,Milkshake,3,28,1,0
1595,2024-01-11 15:18:35,Chicken Burger,1,55,1,0
1595,2024-01-11 15:18:35,Soft Drink,3,15,1,0
1595,2024-01-11 15:18:35,Classic Burger,3,45,1,0
1596,2024-01-11 17:18:37,Chicken Nuggets,1,30,1,0
1596,2024-01-11 17:18:37,Cheese Burger,2,50,1,0
1596,2024-01-11 17:18:37,Ice Cream,2,18,1,0
1596,2024-01-11 17:18:37,Soft Drink,3,15,1,0
1596,2024-01-11 17:18:37,Classic Burger,3,45,1,0
1597,2024-01-11 18:08:03,Chicken Burger,1,55,1,0
1597,2024-01-11 18:08:03,Fries,3,20,1,0
1597,2024-01-11 18:08:03,Classic Burger,3,45,1,0
1598,2024-01-11 21:28:16,Milkshake,2,28,1,0
1598,2024-01-11 21:28:16,Fries,2,20,1,0
1598,2024-01-11 21:28:16,Double Burger,2,65,1,0
1598,2024-01-11 21:28:16,Ice Cream,2,18,1,0
1599,2024-01-11 12:40:57,Classic Burger,2,45,1,0
1599,2024-01-11 12:40:57,Chicken Nuggets,3,30,1,0
1599,2024-01-11 12:40:57,Ice Cream,3,18,1,0
1600,2024-01-11 22:36:45,Fries,1,20,1,0
1600,2024-01-11 22:36:45,Soft Drink,3,15,1,0
1600,2024-01-11 22:36:45,Chicken Nuggets,3,30,1,0
1601,2024-01-11 17:03:06,Fries,2,20,1,0
1601,2024-01-11 17:03:06,Ice Cream,2,18,1,0
1601,2024-01-11 17:03:06,Soft Drink,1,15,1,0
1601,2024-01-11 17:03:06,Milkshake,1,28,1,0
1601,2024-01-11 17:03:06,Chicken Burger,1,55,1,0
1602,2024-01-11 16:03:35,Classic Burger,1,45,1,0
1602,2024-01-11 16:03:35,Soft Drink,1,15,1,0
1603,2024-01-11 14:03:12,Fries,1,20,1,0
1604,2024-01-11 13:56:21,Milkshake,1,28,1,0
1604,2024-01-11 13:56:21,Cheese Burger,1,50,1,0
1604,2024-01-11 13:56:21,Double Burger,3,65,1,0
1604,2024-01-11 13:56:21,Onion Rings,3,22,1,0
1605,2024-01-11 20:44:39,Onion Rings,1,22,1,0
1605,2024-01-11 20:44:39,Cheese Burger,2,50,1,0
1605,2024-01-11 20:44:39,Fries,2,20,1,0
1605,2024-01-11 20:44:39,Classic Burger,1,45,1,0
1605,2024-01-11 20:44:39,Ice Cream,2,18,1,0
1606,2024-01-11 18:42:29,Chicken Burger,3,55,1,0
1606,2024-01-11 18:42:29,Fries,1,20,1,0
1607,2024-01-11 14:08:14,Cheese Burger,1,50,1,0
1607,2024-01-11 14:08:14,Soft Drink,2,15,1,0
1607,2024-01-11 14:08:14,Onion Rings,1,22,1,0
1607,2024-01-11 14:08:14,Milkshake,3,28,1,0
1607,2024-01-11 14:08:14,Chicken Nuggets,1,30,1,0
1608,2024-01-11 14:58:10,Double Burger,3,65,1,0
1608,2024-01-11 14:58:10,Soft Drink,3,15,1,0
1608,2024-01-11 14:58:10,Classic Burger,2,45,1,0
1609,2024-01-11 16:04:55,Soft Drink,3,15,1,0
1609,2024-01-11 16:04:55,Milkshake,1,28,1,0
1609,2024-01-11 16:04:55,Chicken Burger,1,55,1,0
1609,2024-01-11 16:04:55,Cheese Burger,3,50,1,0
1610,2024-01-11 23:30:15,Chicken Nuggets,3,30,1,0
1610,2024-01-11 23:30:15,Classic Burger,1,45,1,0
1610,2024-01-11 23:30:15,Double Burger,3,65,1,0
1610,2024-01-11 23:30:15,Soft Drink,1,15,1,0
1611,2024-01-11 17:32:54,Soft Drink,1,15,1,0
1612,2024-01-11 13:15:49,Onion Rings,3,22,1,0
1612,2024-01-11 13:15:49,Cheese Burger,3,50,1,0
1612,2024-01-11 13:15:49,Classic Burger,3,45,1,0
1612,2024-01-11 13:15:49,Chicken Nuggets,1,30,1,0
1613,2024-01-11 17:38:35,Soft Drink,2,15,1,0
1613,2024-01-11 17:38:35,Double Burger,3,65,1,0
1614,2024-01-11 17:24:36,Ice Cream,3,18,1,0
1614,2024-01-11 17:24:36,Fries,1,20,1,0
1614,2024-01-11 17:24:36,Chicken Nuggets,1,30,1,0
1614,2024-01-11 17:24:36,Soft Drink,1,15,1,0
1615,2024-01-11 10:14:46,Cheese Burger,2,50,1,0
1615,2024-01-11 10:14:46,Chicken Burger,1,55,1,0
1615,2024-01-11 10:14:46,Ice Cream,3,18,1,0
1616,2024-01-12 23:09:24,Chicken Nuggets,1,30,1,0
1617,2024-01-12 21:00:41,Ice Cream,2,18,1,0
1617,2024-01-12 21:00:41,Fries,1,20,1,0
1617,2024-01-12 21:00:41,Onion Rings,2,22,1,0
1617,2024-01-12 21:00:41,Cheese Burger,1,50,1,0
1618,2024-01-12 17:25:16,Ice Cream,3,18,1,0
1618,2024-01-12 17:25:16,Chicken Burger,1,55,1,0
1618,2024-01-12 17:25:16,Onion Rings,2,22,1,0
1619,2024-01-12 14:17:17,Ice Cream,2,18,1,0
1619,2024-01-12 14:17:17,Classic Burger,2,45,1,0
1620,2024-01-12 23:49:40,Double Burger,3,65,1,0
1620,2024-01-12 23:49:40,Ice Cream,1,18,1,0
1620,2024-01-12 23:49:40,Milkshake,2,28,1,0
1620,2024-01-12 23:49:40,Soft Drink,3,15,1,0
1620,2024-01-12 23:49:40,Onion Rings,1,22,1,0
1621,2024-01-12 18:36:43,Fries,2,20,1,0
1622,2024-01-12 18:13:18,Fries,1,20,1,0
1623,2024-01-12 17:15:20,Chicken Nuggets,2,30,1,0
1623,2024-01-12 17:15:20,Double Burger,1,65,1,0
1623,2024-01-12 17:15:20,Classic Burger,3,45,1,0
1623,2024-01-12 17:15:20,Ice Cream,2,18,1,0
1624,2024-01-12 18:03:44,Chicken Burger,2,55,1,0
1624,2024-01-12 18:03:44,Double Burger,1,65,1,0
1625,2024-01-12 17:24:57,Milkshake,3,28,1,0
1625,2024-01-12 17:24:57,Soft Drink,1,15,1,0
1625,2024-01-12 17:24:57,Classic Burger,1,45,1,0
1625,2024-01-12 17:24:57,Ice Cream,3,18,1,0
1626,2024-01-12 16:11:12,Fries,3,20,1,0
1627,2024-01-12 16:52:42,Double Burger,2,65,1,0
1627,2024-01-12 16:52:42,Fries,1,20,1,0
1628,2024-01-12 17:05:53,Chicken Burger,2,55,1,0
1628,2024-01-12 17:05:53,Classic Burger,3,45,1,0
1628,2024-01-12 17:05:53,Onion Rings,3,22,1,0
1628,2024-01-12 17:05:53,Ice Cream,3,18,1,0
1628,2024-01-12 17:05:53,Double Burger,2,65,1,0
1629,2024-01-12 16:12:30,Classic Burger,2,45,1,0
1629,2024-01-12 16:12:30,Ice Cream,2,18,1,0
1629,2024-01-12 16:12:30,Double Burger,2,65,1,0
1630,2024-01-12 15:41:29,Classic Burger,1,45,1,0
1631,2024-01-12 18:50:43,Chicken Burger,2,55,1,0
1631,2024-01-12 18:50:43,Ice Cream,3,18,1,0
1631,2024-01-12 18:50:43,Fries,3,20,1,0
1632,2024-01-12 17:50:54,Chicken Burger,2,55,1,0
1633,2024-01-12 22:13:59,Classic Burger,2,45,1,0
1633,2024-01-12 22:13:59,Soft Drink,3,15,1,0
1633,2024-01-12 22:13:59,Fries,3,20,1,0
1633,2024-01-12 22:13:59,Chicken Nuggets,1,30,1,0
1634,2024-01-12 10:14:08,Chicken Burger,1,55,1,0
1634,2024-01-12 10:14:08,Soft Drink,2,15,1,0
1635,2024-01-12 21:32:29,Cheese Burger,1,50,1,0
1635,2024-01-12 21:32:29,Double Burger,1,65,1,0
1635,2024-01-12 21:32:29,Chicken Burger,2,55,1,0
1636,2024-01-12 21:42:19,Ice Cream,2,18,1,0
1636,2024-01-12 21:42:19,Cheese Burger,2,50,1,0
1636,2024-01-12 21:42:19,Soft Drink,1,15,1,0
1637,2024-01-12 11:23:07,Fries,1,20,1,0
1637,2024-01-12 11:23:07,Classic Burger,1,45,1,0
1637,2024-01-12 11:23:07,Chicken Burger,3,55,1,0
1637,2024-01-12 11:23:07,Double Burger,3,65,1,0
1638,2024-01-12 16:43:41,Ice Cream,3,18,1,0
1638,2024-01-12 16:43:41,Fries,2,20,1,0
1638,2024-01-12 16:43:41,Chicken Nuggets,1,30,1,0
1639,2024-01-12 16:24:20,Chicken Burger,1,55,1,0
1639,2024-01-12 16:24:20,Double Burger,2,65,1,0
1639,2024-01-12 16:24:20,Soft Drink,1,15,1,0
1639,2024-01-12 16:24:20,Milkshake,2,28,1,0
1640,2024-01-12 13:37:36,Ice Cream,3,18,1,0
1641,2024-01-12 15:31:11,Onion Rings,2,22,1,0
1641,2024-01-12 15:31:11,Ice Cream,2,18,1,0
1641,2024-01-12 15:31:11,Chicken Nuggets,1,30,1,0
1641,2024-01-12 15:31:11,Milkshake,3,28,1,0
1642,2024-01-12 14:45:35,Soft Drink,1,15,1,0
1643,2024-01-12 23:05:41,Soft Drink,1,15,1,0
1643,2024-01-12 23:05:41,Onion Rings,2,22,1,0
1643,2024-01-12 23:05:41,Ice Cream,2,18,1,0
1643,2024-01-12 23:05:41,Classic Burger,1,45,1,0
1643,2024-01-12 23:05:41,Chicken Burger,1,55,1,0
1644,2024-01-12 20:36:43,Chicken Burger,1,55,1,0
1645,2024-01-12 21:15:13,Cheese Burger,2,50,1,0
1645,2024-01-12 21:15:13,Fries,1,20,1,0
1645,2024-01-12 21:15:13,Double Burger,2,65,1,0
1645,2024-01-12 21:15:13,Milkshake,1,28,1,0
1645,2024-01-12 21:15:13,Ice Cream,2,18,1,0
1646,2024-01-12 20:04:40,Classic Burger,2,45,1,0
1646,2024-01-12 20:04:40,Chicken Nuggets,2,30,1,0
1647,2024-01-12 14:37:35,Onion Rings,1,22,1,0
1647,2024-01-12 14:37:35,Chicken Burger,3,55,1,0
1647,2024-01-12 14:37:35,Ice Cream,1,18,1,0
1648,2024-01-12 16:50:02,Milkshake,3,28,1,0
1648,2024-01-12 16:50:02,Classic Burger,2,45,1,0
1649,2024-01-12 19:35:54,Chicken Nuggets,3,30,1,0
1649,2024-01-12 19:35:54,Cheese Burger,2,50,1,0
1650,2024-01-12 14:38:02,Onion Rings,3,22,1,0
1651,2024-01-12 20:52:19,Classic Burger,1,45,1,0
1651,2024-01-12 20:52:19,Chicken Burger,2,55,1,0
1651,2024-01-12 20:52:19,Onion Rings,1,22,1,0
1651,2024-01-12 20:52:19,Fries,2,20,1,0
1651,2024-01-12 20:52:19,Double Burger,2,65,1,0
1652,2024-01-12 17:54:25,Ice Cream,3,18,1,0
1652,2024-01-12 17:54:25,Classic Burger,2,45,1,0
1652,2024-01-12 17:54:25,Milkshake,1,28,1,0
1652,2024-01-12 17:54:25,Chicken Burger,2,55,1,0
1653,2024-01-12 16:45:34,Cheese Burger,3,50,1,0
1653,2024-01-12 16:45:34,Chicken Burger,2,55,1,0
1653,2024-01-12 16:45:34,Ice Cream,3,18,1,0
1653,2024-01-12 16:45:34,Fries,3,20,1,0
1654,2024-01-12 20:44:18,Classic Burger,2,45,1,0
1654,2024-01-12 20:44:18,Double Burger,2,65,1,0
1654,2024-01-12 20:44:18,Soft Drink,1,15,1,0
1654,2024-01-12 20:44:18,Chicken Burger,1,55,1,0
1655,2024-01-12 19:02:37,Cheese Burger,3,50,1,0
1655,2024-01-12 19:02:37,Soft Drink,3,15,1,0
1656,2024-01-12 16:15:39,Onion Rings,1,22,1,0
1656,2024-01-12 16:15:39,Fries,3,20,1,0
1656,2024-01-12 16:15:39,Chicken Burger,1,55,1,0
1657,2024-01-12 21:01:41,Soft Drink,1,15,1,0
1657,2024-01-12 21:01:41,Chicken Nuggets,2,30,1,0
1657,2024-01-12 21:01:41,Milkshake,3,28,1,0
1657,2024-01-12 21:01:41,Ice Cream,3,18,1,0
1657,2024-01-12 21:01:41,Cheese Burger,1,50,1,0
1658,2024-01-12 14:40:31,Soft Drink,3,15,1,0
1659,2024-01-12 19:50:36,Milkshake,3,28,1,0
1659,2024-01-12 19:50:36,Soft Drink,3,15,1,0
1659,2024-01-12 19:50:36,Onion Rings,1,22,1,0
1660,2024-01-12 19:46:23,Chicken Nuggets,3,30,1,0
1661,2024-01-12 17:25:05,Soft Drink,3,15,1,0
1661,2024-01-12 17:25:05,Onion Rings,1,22,1,0
1662,2024-01-12 18:42:32,Double Burger,1,65,1,0
1663,2024-01-12 14:19:58,Chicken Nuggets,3,30,1,0
1664,2024-01-12 20:54:16,Soft Drink,3,15,1,0
1665,2024-01-13 15:28:24,Chicken Nuggets,2,30,1,0
1665,2024-01-13 15:28:24,Ice Cream,2,18,1,0
1665,2024-01-13 15:28:24,Chicken Burger,3,55,1,0
1665,2024-01-13 15:28:24,Milkshake,1,28,1,0
1666,2024-01-13 13:47:38,Double Burger,2,65,1,0
1666,2024-01-13 13:47:38,Cheese Burger,3,50,1,0
1667,2024-01-13 13:34:24,Onion Rings,3,22,1,0
1667,2024-01-13 13:34:24,Fries,3,20,1,0
1668,2024-01-13 19:43:43,Cheese Burger,3,50,1,0
1668,2024-01-13 19:43:43,Fries,1,20,1,0
1668,2024-01-13 19:43:43,Onion Rings,3,22,1,0
1669,2024-01-13 14:59:02,Classic Burger,1,45,1,0
1669,2024-01-13 14:59:02,Milkshake,1,28,1,0
1669,2024-01-13 14:59:02,Chicken Burger,2,55,1,0
1669,2024-01-13 14:59:02,Chicken Nuggets,3,30,1,0
1669,2024-01-13 14:59:02,Onion Rings,2,22,1,0
1670,2024-01-13 23:34:15,Chicken Burger,3,55,1,0
1670,2024-01-13 23:34:15,Cheese Burger,3,50,1,0
1670,2024-01-13 23:34:15,Classic Burger,1,45,1,0
1670,2024-01-13 23:34:15,Onion Rings,2,22,1,0
1671,2024-01-13 11:58:52,Double Burger,1,65,1,0
1671,2024-01-13 11:58:52,Fries,3,20,1,0
1672,2024-01-13 23:04:43,Milkshake,2,28,1,0
1672,2024-01-13 23:04:43,Chicken Nuggets,2,30,1,0
1672,2024-01-13 23:04:43,Classic Burger,3,45,1,0
1672,2024-01-13 23:04:43,Fries,2,20,1,0
1673,2024-01-13 18:44:43,Milkshake,3,28,1,0
1674,2024-01-13 17:59:09,Soft Drink,3,15,1,0
1674,2024-01-13 17:59:09,Classic Burger,2,45,1,0
1674,2024-01-13 17:59:09,Cheese Burger,3,50,1,0
1675,2024-01-13 16:14:45,Chicken Nuggets,2,30,1,0
1675,2024-01-13 16:14:45,Fries,1,20,1,0
1676,2024-01-13 19:57:32,Soft Drink,3,15,1,0
1676,2024-01-13 19:57:32,Cheese Burger,3,50,1,0
1677,2024-01-13 17:06:58,Ice Cream,2,18,1,0
1677,2024-01-13 17:06:58,Milkshake,3,28,1,0
1677,2024-01-13 17:06:58,Soft Drink,3,15,1,0
1678,2024-01-13 21:08:57,Fries,1,20,1,0
1678,2024-01-13 21:08:57,Milkshake,2,28,1,0
1678,2024-01-13 21:08:57,Double Burger,3,65,1,0
1678,2024-01-13 21:08:57,Chicken Nuggets,2,30,1,0
1678,2024-01-13 21:08:57,Ice Cream,2,18,1,0
1679,2024-01-13 18:44:21,Fries,3,20,1,0
1679,2024-01-13 18:44:21,Classic Burger,3,45,1,0
1679,2024-01-13 18:44:21,Onion Rings,2,22,1,0
1679,2024-01-13 18:44:21,Ice Cream,1,18,1,0
1679,2024-01-13 18:44:21,Milkshake,1,28,1,0
1680,2024-01-13 18:14:28,Soft Drink,1,15,1,0
1680,2024-01-13 18:14:28,Classic Burger,3,45,1,0
1680,2024-01-13 18:14:28,Onion Rings,1,22,1,0
1681,2024-01-13 16:13:06,Onion Rings,3,22,1,0
1681,2024-01-13 16:13:06,Milkshake,1,28,1,0
1681,2024-01-13 16:13:06,Chicken Burger,1,55,1,0
1681,2024-01-13 16:13:06,Double Burger,1,65,1,0
1681,2024-01-13 16:13:06,Soft Drink,3,15,1,0
1682,2024-01-13 17:04:03,Chicken Nuggets,1,30,1,0
1683,2024-01-13 18:26:10,Fries,1,20,1,0
1683,2024-01-13 18:26:10,Onion Rings,2,22,1,0
1683,2024-01-13 18:26:10,Cheese Burger,2,50,1,0
1683,2024-01-13 18:26:10,Soft Drink,2,15,1,0
1683,2024-01-13 18:26:10,Chicken Nuggets,3,30,1,0
1684,2024-01-13 12:31:08,Double Burger,1,65,1,0
1685,2024-01-13 13:12:03,Double Burger,3,65,1,0
1686,2024-01-13 20:19:07,Milkshake,2,28,1,0
1687,2024-01-13 18:02:09,Milkshake,1,28,1,0
1687,2024-01-13 18:02:09,Classic Burger,3,45,1,0
1687,2024-01-13 18:02:09,Chicken Nuggets,2,30,1,0
1687,2024-01-13 18:02:09,Soft Drink,2,15,1,0
1688,2024-01-13 17:58:03,Double Burger,2,65,1,0
1688,2024-01-13 17:58:03,Cheese Burger,3,50,1,0
1688,2024-01-13 17:58:03,Milkshake,3,28,1,0
1688,2024-01-13 17:58:03,Classic Burger,3,45,1,0
1689,2024-01-13 18:21:06,Onion Rings,2,22,1,0
1689,2024-01-13 18:21:06,Classic Burger,3,45,1,0
1689,2024-01-13 18:21:06,Ice Cream,1,18,1,0
1690,2024-01-13 19:05:57,Milkshake,2,28,1,0
1690,2024-01-13 19:05:57,Chicken Nuggets,3,30,1,0
1691,2024-01-13 16:14:05,Fries,3,20,1,0
1691,2024-01-13 16:14:05,Soft Drink,3,15,1,0
1692,2024-01-13 15:06:57,Onion Rings,1,22,1,0
1693,2024-01-13 18:16:31,Chicken Nuggets,1,30,1,0
1693,2024-01-13 18:16:31,Fries,2,20,1,0
1693,2024-01-13 18:16:31,Chicken Burger,3,55,1,0
1693,2024-01-13 18:16:31,Classic Burger,3,45,1,0
1693,2024-01-13 18:16:31,Ice Cream,3,18,1,0
1694,2024-01-13 15:49:51,Onion Rings,1,22,1,0
1694,2024-01-13 15:49:51,Soft Drink,2,15,1,0
1694,2024-01-13 15:49:51,Chicken Nuggets,2,30,1,0
1694,2024-01-13 15:49:51,Double Burger,3,65,1,0
1695,2024-01-13 19:39:45,Ice Cream,3,18,1,0
1696,2024-01-13 12:10:32,Double Burger,2,65,1,0
1696,2024-01-13 12:10:32,Soft Drink,2,15,1,0
1696,2024-01-13 12:10:32,Ice Cream,2,18,1,0
1697,2024-01-13 21:22:19,Onion Rings,1,22,1,0
1697,2024-01-13 21:22:19,Double Burger,3,65,1,0
1697,2024-01-13 21:22:19,Classic Burger,3,45,1,0
1698,2024-01-13 19:47:31,Fries,2,20,1,0
1698,2024-01-13 19:47:31,Classic Burger,3,45,1,0
1698,2024-01-13 19:47:31,Onion Rings,3,22,1,0
1698,2024-01-13 19:47:31,Cheese Burger,3,50,1,0
1699,2024-01-13 18:24:56,Classic Burger,1,45,1,0
1700,2024-01-13 20:31:22,Milkshake,3,28,1,0
1700,2024-01-13 20:31:22,Chicken Nuggets,2,30,1,0
1700,2024-01-13 20:31:22,Fries,1,20,1,0
1700,2024-01-13 20:31:22,Ice Cream,2,18,1,0
1700,2024-01-13 20:31:22,Onion Rings,3,22,1,0
1701,2024-01-13 22:20:44,Chicken Burger,1,55,1,0
1701,2024-01-13 22:20:44,Double Burger,1,65,1,0
1701,2024-01-13 22:20:44,Classic Burger,3,45,1,0
1701,2024-01-13 22:20:44,Milkshake,1,28,1,0
1702,2024-01-13 21:58:41,Ice Cream,2,18,1,0
1703,2024-01-13 12:08:32,Classic Burger,2,45,1,0
1703,2024-01-13 12:08:32,Onion Rings,1,22,1,0
1704,2024-01-13 14:52:27,Classic Burger,2,45,1,0
1705,2024-01-13 16:10:22,Ice Cream,2,18,1,0
1705,2024-01-13 16:10:22,Onion Rings,1,22,1,0
1706,2024-01-13 18:25:40,Milkshake,1,28,1,0
1706,2024-01-13 18:25:40,Classic Burger,1,45,1,0
1706,2024-01-13 18:25:40,Chicken Burger,3,55,1,0
1707,2024-01-13 19:20:39,Classic Burger,2,45,1,0
1708,2024-01-13 15:16:43,Ice Cream,2,18,1,0
1709,2024-01-13 18:18:34,Ice Cream,2,18,1,0
1710,2024-01-13 15:42:07,Chicken Nuggets,1,30,1,0
1710,2024-01-13 15:42:07,Chicken Burger,2,55,1,0
1710,2024-01-13 15:42:07,Ice Cream,1,18,1,0
1710,2024-01-13 15:42:07,Onion Rings,2,22,1,0
1711,2024-01-13 16:26:15,Fries,2,20,1,0
1712,2024-01-13 13:38:14,Soft Drink,2,15,1,0
1712,2024-01-13 13:38:14,Double Burger,2,65,1,0
1712,2024-01-13 13:38:14,Ice Cream,2,18,1,0
1712,2024-01-13 13:38:14,Chicken Burger,1,55,1,0
1713,2024-01-13 15:37:51,Chicken Burger,2,55,1,0
1713,2024-01-13 15:37:51,Fries,1,20,1,0
1714,2024-01-13 13:46:02,Double Burger,2,65,1,0
1714,2024-01-13 13:46:02,Classic Burger,3,45,1,0
1714,2024-01-13 13:46:02,Chicken Burger,3,55,1,0
1714,2024-01-13 13:46:02,Cheese Burger,2,50,1,0
1715,2024-01-13 15:35:47,Chicken Nuggets,2,30,1,0
1715,2024-01-13 15:35:47,Chicken Burger,2,55,1,0
1715,2024-01-13 15:35:47,Cheese Burger,2,50,1,0
1716,2024-01-13 21:12:06,Classic Burger,1,45,1,0
1716,2024-01-13 21:12:06,Onion Rings,1,22,1,0
1716,2024-01-13 21:12:06,Chicken Burger,3,55,1,0
1716,2024-01-13 21:12:06,Chicken Nuggets,3,30,1,0
1716,2024-01-13 21:12:06,Soft Drink,3,15,1,0
1717,2024-01-13 15:46:17,Fries,1,20,1,0
1717,2024-01-13 15:46:17,Soft Drink,3,15,1,0
1717,2024-01-13 15:46:17,Chicken Nuggets,3,30,1,0
1717,2024-01-13 15:46:17,Onion Rings,3,22,1,0
1718,2024-01-13 23:19:42,Cheese Burger,1,50,1,0
1719,2024-01-13 19:35:08,Milkshake,3,28,1,0
1720,2024-01-13 18:19:05,Chicken Nuggets,3,30,1,0
1721,2024-01-13 15:14:39,Classic Burger,3,45,1,0
1722,2024-01-13 20:32:47,Ice Cream,1,18,1,0
1722,2024-01-13 20:32:47,Soft Drink,3,15,1,0
1722,2024-01-13 20:32:47,Double Burger,1,65,1,0
1722,2024-01-13 20:32:47,Cheese Burger,1,50,1,0
1722,2024-01-13 20:32:47,Chicken Burger,3,55,1,0
1723,2024-01-13 16:20:15,Fries,3,20,1,0
1723,2024-01-13 16:20:15,Ice Cream,1,18,1,0
1723,2024-01-13 16:20:15,Milkshake,2,28,1,0
1723,2024-01-13 16:20:15,Double Burger,1,65,1,0
1724,2024-01-13 18:13:26,Soft Drink,1,15,1,0
1724,2024-01-13 18:13:26,Onion Rings,2,22,1,0
1725,2024-01-13 23:24:25,Classic Burger,1,45,1,0
1725,2024-01-13 23:24:25,Chicken Burger,3,55,1,0
1726,2024-01-13 17:13:07,Milkshake,2,28,1,0
1726,2024-01-13 17:13:07,Fries,3,20,1,0
1727,2024-01-13 21:18:32,Fries,2,20,1,0
1728,2024-01-13 15:32:46,Cheese Burger,2,50,1,0
1728,2024-01-13 15:32:46,Ice Cream,3,18,1,0
1728,2024-01-13 15:32:46,Onion Rings,3,22,1,0
1728,2024-01-13 15:32:46,Chicken Burger,2,55,1,0
1728,2024-01-13 15:32:46,Classic Burger,1,45,1,0
1729,2024-01-13 17:43:01,Onion Rings,2,22,1,0
1729,2024-01-13 17:43:01,Double Burger,2,65,1,0
1729,2024-01-13 17:43:01,Chicken Nuggets,3,30,1,0
1730,2024-01-13 23:48:19,Chicken Burger,2,55,1,0
1730,2024-01-13 23:48:19,Milkshake,1,28,1,0
1730,2024-01-13 23:48:19,Soft Drink,3,15,1,0
1730,2024-01-13 23:48:19,Cheese Burger,2,50,1,0
1731,2024-01-13 16:45:21,Double Burger,1,65,1,0
1731,2024-01-13 16:45:21,Cheese Burger,2,50,1,0
1731,2024-01-13 16:45:21,Onion Rings,2,22,1,0
1731,2024-01-13 16:45:21,Chicken Burger,3,55,1,0
1732,2024-01-13 23:59:55,Classic Burger,3,45,1,0
1732,2024-01-13 23:59:55,Milkshake,2,28,1,0
1732,2024-01-13 23:59:55,Chicken Nuggets,3,30,1,0
1732,2024-01-13 23:59:55,Soft Drink,2,15,1,0
1732,2024-01-13 23:59:55,Fries,2,20,1,0
1733,2024-01-13 20:45:05,Classic Burger,2,45,1,0
1733,2024-01-13 20:45:05,Soft Drink,3,15,1,0
1733,2024-01-13 20:45:05,Onion Rings,2,22,1,0
1734,2024-01-13 16:13:17,Chicken Nuggets,2,30,1,0
1735,2024-01-13 19:04:26,Chicken Nuggets,2,30,1,0
1736,2024-01-13 20:18:21,Chicken Nuggets,3,30,1,0
1736,2024-01-13 20:18:21,Ice Cream,3,18,1,0
1737,2024-01-13 19:27:28,Fries,1,20,1,0
1738,2024-01-13 13:29:06,Milkshake,3,28,1,0
1738,2024-01-13 13:29:06,Double Burger,3,65,1,0
1739,2024-01-13 15:13:46,Ice Cream,1,18,1,0
1739,2024-01-13 15:13:46,Fries,2,20,1,0
1740,2024-01-13 17:45:21,Soft Drink,3,15,1,0
1740,2024-01-13 17:45:21,Fries,2,20,1,0
1740,2024-01-13 17:45:21,Ice Cream,3,18,1,0
1740,2024-01-13 17:45:21,Chicken Burger,2,55,1,0
1740,2024-01-13 17:45:21,Milkshake,1,28,1,0
1741,2024-01-13 17:24:03,Double Burger,1,65,1,0
1741,2024-01-13 17:24:03,Ice Cream,1,18,1,0
1741,2024-01-13 17:24:03,Chicken Nuggets,3,30,1,0
1741,2024-01-13 17:24:03,Classic Burger,1,45,1,0
1741,2024-01-13 17:24:03,Fries,1,20,1,0
1742,2024-01-13 19:47:48,Double Burger,1,65,1,0
1742,2024-01-13 19:47:48,Onion Rings,3,22,1,0
1743,2024-01-14 19:51:27,Cheese Burger,3,50,0,0
1743,2024-01-14 19:51:27,Double Burger,2,65,0,0
1743,2024-01-14 19:51:27,Classic Burger,1,45,0,0
1743,2024-01-14 19:51:27,Soft Drink,3,15,0,0
1744,2024-01-14 19:25:47,Milkshake,2,28,0,0
1744,2024-01-14 19:25:47,Classic Burger,2,45,0,0
1744,2024-01-14 19:25:47,Chicken Nuggets,2,30,0,0
1745,2024-01-14 21:00:50,Chicken Burger,1,55,0,0
1745,2024-01-14 21:00:50,Soft Drink,3,15,0,0
1745,2024-01-14 21:00:50,Classic Burger,1,45,0,0
1746,2024-01-14 20:00:12,Chicken Nuggets,3,30,0,0
1746,2024-01-14 20:00:12,Fries,3,20,0,0
1746,2024-01-14 20:00:12,Double Burger,2,65,0,0
1746,2024-01-14 20:00:12,Ice Cream,1,18,0,0
1747,2024-01-14 19:23:37,Cheese Burger,1,50,0,0
1747,2024-01-14 19:23:37,Ice Cream,1,18,0,0
1747,2024-01-14 19:23:37,Soft Drink,2,15,0,0
1748,2024-01-14 17:28:14,Classic Burger,3,45,0,0
1748,2024-01-14 17:28:14,Onion Rings,2,22,0,0
1748,2024-01-14 17:28:14,Milkshake,1,28,0,0
1748,2024-01-14 17:28:14,Ice Cream,2,18,0,0
1749,2024-01-14 13:16:55,Double Burger,3,65,0,0
1749,2024-01-14 13:16:55,Onion Rings,3,22,0,0
1749,2024-01-14 13:16:55,Ice Cream,3,18,0,0
1750,2024-01-14 19:53:57,Chicken Nuggets,3,30,0,0
1750,2024-01-14 19:53:57,Fries,2,20,0,0
1750,2024-01-14 19:53:57,Ice Cream,3,18,0,0
1751,2024-01-14 18:41:36,Fries,2,20,0,0
1751,2024-01-14 18:41:36,Ice Cream,1,18,0,0
1752,2024-01-14 18:01:10,Double Burger,1,65,0,0
1752,2024-01-14 18:01:10,Classic Burger,1,45,0,0
1752,2024-01-14 18:01:10,Cheese Burger,1,50,0,0
1752,2024-01-14 18:01:10,Soft Drink,3,15,0,0
1752,2024-01-14 18:01:10,Fries,3,20,0,0
1753,2024-01-14 14:17:04,Classic Burger,3,45,0,0
1753,2024-01-14 14:17:04,Chicken Burger,1,55,0,0
1753,2024-01-14 14:17:04,Milkshake,3,28,0,0
1754,2024-01-14 14:30:11,Double Burger,1,65,0,0
1754,2024-01-14 14:30:11,Classic Burger,3,45,0,0
1755,2024-01-14 21:49:01,Double Burger,2,65,0,0
1755,2024-01-14 21:49:01,Chicken Nuggets,3,30,0,0
1756,2024-01-14 17:11:40,Soft Drink,2,15,0,0
1756,2024-01-14 17:11:40,Classic Burger,3,45,0,0
1756,2024-01-14 17:11:40,Milkshake,1,28,0,0
1756,2024-01-14 17:11:40,Chicken Burger,2,55,0,0
1756,2024-01-14 17:11:40,Chicken Nuggets,3,30,0,0
1757,2024-01-14 20:11:32,Soft Drink,2,15,0,0
1757,2024-01-14 20:11:32,Fries,2,20,0,0
1757,2024-01-14 20:11:32,Cheese Burger,3,50,0,0
1757,2024-01-14 20:11:32,Onion Rings,2,22,0,0
1758,2024-01-14 18:04:36,Soft Drink,1,15,0,0
1758,2024-01-14 18:04:36,Cheese Burger,1,50,0,0
1758,2024-01-14 18:04:36,Onion Rings,3,22,0,0
1758,2024-01-14 18:04:36,Milkshake,3,28,0,0
1759,2024-01-14 18:17:05,Classic Burger,1,45,0,0
1759,2024-01-14 18:17:05,Double Burger,2,65,0,0
1759,2024-01-14 18:17:05,Milkshake,1,28,0,0
1759,2024-01-14 18:17:05,Onion Rings,1,22,0,0
1759,2024-01-14 18:17:05,Cheese Burger,1,50,0,0
1760,2024-01-14 20:32:40,Cheese Burger,2,50,0,0
1760,2024-01-14 20:32:40,Milkshake,3,28,0,0
1760,2024-01-14 20:32:40,Double Burger,3,65,0,0
1761,2024-01-14 16:32:01,Cheese Burger,1,50,0,0
1761,2024-01-14 16:32:01,Onion Rings,3,22,0,0
1761,2024-01-14 16:32:01,Chicken Nuggets,1,30,0,0
1762,2024-01-14 18:10:48,Ice Cream,3,18,0,0
1762,2024-01-14 18:10:48,Classic Burger,2,45,0,0
1762,2024-01-14 18:10:48,Soft Drink,1,15,0,0
1763,2024-01-14 16:35:42,Ice Cream,2,18,0,0
1763,2024-01-14 16:35:42,Classic Burger,1,45,0,0
1763,2024-01-14 16:35:42,Onion Rings,2,22,0,0
1763,2024-01-14 16:35:42,Chicken Nuggets,3,30,0,0
1763,2024-01-14 16:35:42,Double Burger,2,65,0,0
1764,2024-01-14 16:58:41,Soft Drink,2,15,0,0
1765,2024-01-14 17:07:32,Milkshake,1,28,0,0
1765,2024-01-14 17:07:32,Soft Drink,2,15,0,0
1765,2024-01-14 17:07:32,Chicken Nuggets,2,30,0,0
1765,2024-01-14 17:07:32,Double Burger,1,65,0,0
1766,2024-01-14 18:33:56,Onion Rings,2,22,0,0
1767,2024-01-14 16:28:20,Double Burger,1,65,0,0
1767,2024-01-14 16:28:20,Onion Rings,2,22,0,0
1767,2024-01-14 16:28:20,Soft Drink,2,15,0,0
1768,2024-01-14 21:05:20,Chicken Nuggets,1,30,0,0
1768,2024-01-14 21:05:20,Classic Burger,1,45,0,0
1768,2024-01-14 21:05:20,Ice Cream,1,18,0,0
1769,2024-01-14 15:27:01,Chicken Burger,1,55,0,0
1770,2024-01-14 17:12:30,Chicken Burger,1,55,0,0
1770,2024-01-14 17:12:30,Cheese Burger,1,50,0,0
1770,2024-01-14 17:12:30,Soft Drink,2,15,0,0
1770,2024-01-14 17:12:30,Double Burger,2,65,0,0
1770,2024-01-14 17:12:30,Fries,1,20,0,0
1771,2024-01-14 16:00:36,Chicken Nuggets,1,30,0,0
1771,2024-01-14 16:00:36,Double Burger,1,65,0,0
1772,2024-01-14 22:40:51,Onion Rings,3,22,0,0
1772,2024-01-14 22:40:51,Soft Drink,2,15,0,0
1772,2024-01-14 22:40:51,Chicken Burger,3,55,0,0
1772,2024-01-14 22:40:51,Ice Cream,2,18,0,0
1772,2024-01-14 22:40:51,Milkshake,3,28,0,0
1773,2024-01-14 18:03:27,Fries,3,20,0,0
1773,2024-01-14 18:03:27,Cheese Burger,2,50,0,0
1773,2024-01-14 18:03:27,Onion Rings,3,22,0,0
1773,2024-01-14 18:03:27,Chicken Nuggets,2,30,0,0
1774,2024-01-14 21:52:45,Double Burger,3,65,0,0
1774,2024-01-14 21:52:45,Soft Drink,3,15,0,0
1774,2024-01-14 21:52:45,Fries,1,20,0,0
1774,2024-01-14 21:52:45,Onion Rings,2,22,0,0
1774,2024-01-14 21:52:45,Classic Burger,1,45,0,0
1775,2024-01-14 13:31:43,Ice Cream,1,18,0,0
1776,2024-01-14 18:38:28,Milkshake,2,28,0,0
1777,2024-01-14 20:31:33,Soft Drink,2,15,0,0
1777,2024-01-14 20:31:33,Double Burger,3,65,0,0
1777,2024-01-14 20:31:33,Onion Rings,3,22,0,0
1777,2024-01-14 20:31:33,Cheese Burger,1,50,0,0
1778,2024-01-14 18:20:06,Soft Drink,2,15,0,0
1778,2024-01-14 18:20:06,Double Burger,2,65,0,0
1779,2024-01-14 21:55:26,Chicken Burger,2,55,0,0
1779,2024-01-14 21:55:26,Onion Rings,1,22,0,0
1779,2024-01-14 21:55:26,Double Burger,1,65,0,0
1779,2024-01-14 21:55:26,Ice Cream,1,18,0,0
1780,2024-01-14 16:43:12,Chicken Nuggets,1,30,0,0
1780,2024-01-14 16:43:12,Fries,2,20,0,0
1780,2024-01-14 16:43:12,Soft Drink,3,15,0,0
1780,2024-01-14 16:43:12,Ice Cream,1,18,0,0
1780,2024-01-14 16:43:12,Double Burger,1,65,0,0
1781,2024-01-14 22:27:54,Ice Cream,1,18,0,0
1781,2024-01-14 22:27:54,Cheese Burger,1,50,0,0
1781,2024-01-14 22:27:54,Fries,1,20,0,0
1781,2024-01-14 22:27:54,Classic Burger,3,45,0,0
1782,2024-01-14 23:32:08,Chicken Nuggets,3,30,0,0
1782,2024-01-14 23:32:08,Double Burger,3,65,0,0
1782,2024-01-14 23:32:08,Cheese Burger,2,50,0,0
1782,2024-01-14 23:32:08,Ice Cream,3,18,0,0
1782,2024-01-14 23:32:08,Classic Burger,1,45,0,0
1783,2024-01-14 16:07:48,Fries,1,20,0,0
1783,2024-01-14 16:07:48,Onion Rings,3,22,0,0
1783,2024-01-14 16:07:48,Chicken Burger,3,55,0,0
1784,2024-01-14 16:11:03,Chicken Burger,2,55,0,0
1784,2024-01-14 16:11:03,Double Burger,1,65,0,0
1784,2024-01-14 16:11:03,Soft Drink,1,15,0,0
1784,2024-01-14 16:11:03,Cheese Burger,3,50,0,0
1784,2024-01-14 16:11:03,Classic Burger,2,45,0,0
1785,2024-01-14 22:47:59,Chicken Burger,1,55,0,0
1785,2024-01-14 22:47:59,Cheese Burger,1,50,0,0
1786,2024-01-14 22:45:17,Cheese Burger,2,50,0,0
1786,2024-01-14 22:45:17,Double Burger,1,65,0,0
1786,2024-01-14 22:45:17,Ice Cream,1,18,0,0
1786,2024-01-14 22:45:17,Onion Rings,2,22,0,0
1787,2024-01-14 16:51:48,Onion Rings,1,22,0,0
1787,2024-01-14 16:51:48,Classic Burger,1,45,0,0
1787,2024-01-14 16:51:48,Fries,3,20,0,0
1787,2024-01-14 16:51:48,Soft Drink,1,15,0,0
1787,2024-01-14 16:51:48,Milkshake,2,28,0,0
1788,2024-01-14 16:03:02,Soft Drink,2,15,0,0
1788,2024-01-14 16:03:02,Ice Cream,1,18,0,0
1788,2024-01-14 16:03:02,Chicken Burger,3,55,0,0
1789,2024-01-14 17:55:30,Chicken Nuggets,3,30,0,0
1789,2024-01-14 17:55:30,Fries,1,20,0,0
1790,2024-01-14 13:14:56,Classic Burger,1,45,0,0
1790,2024-01-14 13:14:56,Cheese Burger,2,50,0,0
1791,2024-01-14 15:51:17,Ice Cream,1,18,0,0
1791,2024-01-14 15:51:17,Chicken Burger,1,55,0,0
1792,2024-01-14 14:48:55,Chicken Burger,3,55,0,0
1792,2024-01-14 14:48:55,Chicken Nuggets,2,30,0,0
1793,2024-01-14 15:29:53,Chicken Burger,2,55,0,0
1793,2024-01-14 15:29:53,Fries,1,20,0,0
1793,2024-01-14 15:29:53,Ice Cream,1,18,0,0
1794,2024-01-14 17:55:28,Fries,3,20,0,0
1794,2024-01-14 17:55:28,Classic Burger,3,45,0,0
1794,2024-01-14 17:55:28,Ice Cream,3,18,0,0
1794,2024-01-14 17:55:28,Onion Rings,3,22,0,0
1794,2024-01-14 17:55:28,Chicken Burger,3,55,0,0
1795,2024-01-14 18:50:13,Fries,2,20,0,0
1795,2024-01-14 18:50:13,Onion Rings,2,22,0,0
1795,2024-01-14 18:50:13,Ice Cream,1,18,0,0
1796,2024-01-14 22:50:58,Double Burger,2,65,0,0
1796,2024-01-14 22:50:58,Fries,1,20,0,0
1796,2024-01-14 22:50:58,Chicken Burger,3,55,0,0
1797,2024-01-14 15:06:44,Onion Rings,2,22,0,0
1797,2024-01-14 15:06:44,Cheese Burger,2,50,0,0
1797,2024-01-14 15:06:44,Soft Drink,2,15,0,0
1797,2024-01-14 15:06:44,Fries,1,20,0,0
1798,2024-01-14 20:08:05,Cheese Burger,3,50,0,0
1798,2024-01-14 20:08:05,Milkshake,3,28,0,0
1798,2024-01-14 20:08:05,Double Burger,3,65,0,0
1798,2024-01-14 20:08:05,Chicken Nuggets,2,30,0,0
1798,2024-01-14 20:08:05,Chicken Burger,3,55,0,0
1799,2024-01-14 17:11:21,Cheese Burger,3,50,0,0
1799,2024-01-14 17:11:21,Double Burger,2,65,0,0
1800,2024-01-14 17:27:32,Milkshake,3,28,0,0
1800,2024-01-14 17:27:32,Classic Burger,3,45,0,0
1800,2024-01-14 17:27:32,Soft Drink,1,15,0,0
1800,2024-01-14 17:27:32,Onion Rings,3,22,0,0
1800,2024-01-14 17:27:32,Double Burger,3,65,0,0
1801,2024-01-14 20:56:27,Chicken Burger,2,55,0,0
1801,2024-01-14 20:56:27,Ice Cream,3,18,0,0
1801,2024-01-14 20:56:27,Double Burger,2,65,0,0
1801,2024-01-14 20:56:27,Cheese Burger,3,50,0,0
1801,2024-01-14 20:56:27,Onion Rings,2,22,0,0
1802,2024-01-14 14:19:56,Chicken Burger,3,55,0,0
1802,2024-01-14 14:19:56,Fries,2,20,0,0
1802,2024-01-14 14:19:56,Milkshake,1,28,0,0
1802,2024-01-14 14:19:56,Ice Cream,2,18,0,0
1803,2024-01-14 19:02:36,Soft Drink,2,15,0,0
1804,2024-01-14 18:45:57,Cheese Burger,2,50,0,0
1804,2024-01-14 18:45:57,Onion Rings,2,22,0,0
1804,2024-01-14 18:45:57,Ice Cream,3,18,0,0
1805,2024-01-14 19:15:18,Double Burger,3,65,0,0
1805,2024-01-14 19:15:18,Milkshake,3,28,0,0
1806,2024-01-14 18:57:35,Cheese Burger,1,50,0,0
1806,2024-01-14 18:57:35,Double Burger,1,65,0,0
1806,2024-01-14 18:57:35,Chicken Nuggets,2,30,0,0
1807,2024-01-14 23:53:26,Fries,2,20,0,0
1807,2024-01-14 23:53:26,Classic Burger,2,45,0,0
1807,2024-01-14 23:53:26,Onion Rings,2,22,0,0
1808,2024-01-14 16:37:05,Classic Burger,1,45,0,0
1808,2024-01-14 16:37:05,Chicken Burger,1,55,0,0
1809,2024-01-14 16:26:48,Double Burger,1,65,0,0
1809,2024-01-14 16:26:48,Chicken Burger,2,55,0,0
1810,2024-01-14 16:32:41,Chicken Burger,1,55,0,0
1810,2024-01-14 16:32:41,Classic Burger,2,45,0,0
1810,2024-01-14 16:32:41,Fries,1,20,0,0
1811,2024-01-14 16:05:23,Chicken Burger,1,55,0,0
1811,2024-01-14 16:05:23,Soft Drink,1,15,0,0
1812,2024-01-14 16:46:04,Chicken Nuggets,2,30,0,0
1812,2024-01-14 16:46:04,Onion Rings,3,22,0,0
1813,2024-01-14 21:17:22,Ice Cream,3,18,0,0
1813,2024-01-14 21:17:22,Double Burger,3,65,0,0
1813,2024-01-14 21:17:22,Soft Drink,3,15,0,0
1813,2024-01-14 21:17:22,Cheese Burger,3,50,0,0
1814,2024-01-14 22:27:59,Classic Burger,1,45,0,0
1814,2024-01-14 22:27:59,Milkshake,3,28,0,0
1815,2024-01-15 16:11:14,Chicken Burger,3,55,1,0
1815,2024-01-15 16:11:14,Milkshake,1,28,1,0
1815,2024-01-15 16:11:14,Classic Burger,1,45,1,0
1815,2024-01-15 16:11:14,Chicken Nuggets,1,30,1,0
1815,2024-01-15 16:11:14,Cheese Burger,2,50,1,0
1816,2024-01-15 19:31:47,Onion Rings,1,22,1,0
1816,2024-01-15 19:31:47,Cheese Burger,3,50,1,0
1817,2024-01-15 18:22:32,Soft Drink,3,15,1,0
1817,2024-01-15 18:22:32,Double Burger,3,65,1,0
1818,2024-01-15 13:01:18,Soft Drink,1,15,1,0
1819,2024-01-15 22:22:46,Onion Rings,1,22,1,0
1819,2024-01-15 22:22:46,Milkshake,1,28,1,0
1819,2024-01-15 22:22:46,Chicken Burger,2,55,1,0
1819,2024-01-15 22:22:46,Double Burger,1,65,1,0
1820,2024-01-15 23:58:46,Double Burger,1,65,1,0
1820,2024-01-15 23:58:46,Milkshake,2,28,1,0
1820,2024-01-15 23:58:46,Chicken Burger,2,55,1,0
1820,2024-01-15 23:58:46,Classic Burger,2,45,1,0
1820,2024-01-15 23:58:46,Onion Rings,3,22,1,0
1821,2024-01-15 16:06:33,Classic Burger,3,45,1,0
1821,2024-01-15 16:06:33,Onion Rings,1,22,1,0
1821,2024-01-15 16:06:33,Cheese Burger,3,50,1,0
1822,2024-01-15 16:47:43,Onion Rings,2,22,1,0
1822,2024-01-15 16:47:43,Milkshake,3,28,1,0
1822,2024-01-15 16:47:43,Soft Drink,1,15,1,0
1823,2024-01-15 18:45:14,Ice Cream,2,18,1,0
1823,2024-01-15 18:45:14,Soft Drink,2,15,1,0
1823,2024-01-15 18:45:14,Chicken Burger,2,55,1,0
1824,2024-01-15 19:00:01,Classic Burger,1,45,1,0
1824,2024-01-15 19:00:01,Soft Drink,1,15,1,0
1824,2024-01-15 19:00:01,Fries,1,20,1,0
1824,2024-01-15 19:00:01,Double Burger,2,65,1,0
1825,2024-01-15 19:17:41,Soft Drink,1,15,1,0
1825,2024-01-15 19:17:41,Cheese Burger,1,50,1,0
1826,2024-01-15 23:17:38,Milkshake,3,28,1,0
1827,2024-01-15 17:23:24,Chicken Burger,3,55,1,0
1827,2024-01-15 17:23:24,Classic Burger,1,45,1,0
1827,2024-01-15 17:23:24,Onion Rings,1,22,1,0
1827,2024-01-15 17:23:24,Chicken Nuggets,3,30,1,0
1827,2024-01-15 17:23:24,Milkshake,1,28,1,0
1828,2024-01-15 15:38:30,Ice Cream,3,18,1,0
1829,2024-01-15 13:55:20,Classic Burger,1,45,1,0
1829,2024-01-15 13:55:20,Chicken Burger,1,55,1,0
1829,2024-01-15 13:55:20,Onion Rings,2,22,1,0
1829,2024-01-15 13:55:20,Ice Cream,1,18,1,0
1829,2024-01-15 13:55:20,Soft Drink,3,15,1,0
1830,2024-01-15 15:05:15,Onion Rings,3,22,1,0
1830,2024-01-15 15:05:15,Cheese Burger,3,50,1,0
1831,2024-01-15 17:50:44,Ice Cream,1,18,1,0
1831,2024-01-15 17:50:44,Milkshake,3,28,1,0
1832,2024-01-15 23:38:34,Double Burger,2,65,1,0
1832,2024-01-15 23:38:34,Chicken Nuggets,3,30,1,0
1832,2024-01-15 23:38:34,Chicken Burger,2,55,1,0
1832,2024-01-15 23:38:34,Classic Burger,2,45,1,0
1833,2024-01-15 16:39:59,Cheese Burger,1,50,1,0
1833,2024-01-15 16:39:59,Ice Cream,3,18,1,0
1833,2024-01-15 16:39:59,Chicken Burger,3,55,1,0
1833,2024-01-15 16:39:59,Double Burger,2,65,1,0
1833,2024-01-15 16:39:59,Onion Rings,1,22,1,0
1834,2024-01-15 18:25:15,Fries,1,20,1,0
1834,2024-01-15 18:25:15,Onion Rings,1,22,1,0
1834,2024-01-15 18:25:15,Milkshake,1,28,1,0
1835,2024-01-15 17:13:14,Milkshake,2,28,1,0
1836,2024-01-15 21:23:00,Classic Burger,3,45,1,0
1836,2024-01-15 21:23:00,Fries,1,20,1,0
1836,2024-01-15 21:23:00,Double Burger,3,65,1,0
1836,2024-01-15 21:23:00,Ice Cream,2,18,1,0
1837,2024-01-15 23:10:37,Soft Drink,2,15,1,0
1837,2024-01-15 23:10:37,Classic Burger,3,45,1,0
1837,2024-01-15 23:10:37,Chicken Burger,1,55,1,0
1838,2024-01-15 16:16:19,Chicken Nuggets,1,30,1,0
1839,2024-01-15 16:35:33,Chicken Nuggets,1,30,1,0
1839,2024-01-15 16:35:33,Fries,2,20,1,0
1840,2024-01-15 21:02:20,Milkshake,3,28,1,0
1841,2024-01-15 20:05:20,Ice Cream,3,18,1,0
1841,2024-01-15 20:05:20,Fries,1,20,1,0
1841,2024-01-15 20:05:20,Onion Rings,3,22,1,0
1842,2024-01-15 23:54:27,Soft Drink,1,15,1,0
1842,2024-01-15 23:54:27,Cheese Burger,2,50,1,0
1842,2024-01-15 23:54:27,Chicken Burger,3,55,1,0
1842,2024-01-15 23:54:27,Fries,1,20,1,0
1842,2024-01-15 23:54:27,Classic Burger,1,45,1,0
1843,2024-01-15 19:01:00,Milkshake,2,28,1,0
1843,2024-01-15 19:01:00,Chicken Burger,2,55,1,0
1843,2024-01-15 19:01:00,Classic Burger,1,45,1,0
1844,2024-01-15 16:12:33,Double Burger,2,65,1,0
1844,2024-01-15 16:12:33,Chicken Nuggets,3,30,1,0
1844,2024-01-15 16:12:33,Cheese Burger,1,50,1,0
1844,2024-01-15 16:12:33,Classic Burger,3,45,1,0
1845,2024-01-15 19:48:48,Milkshake,1,28,1,0
1845,2024-01-15 19:48:48,Classic Burger,3,45,1,0
1845,2024-01-15 19:48:48,Soft Drink,1,15,1,0
1845,2024-01-15 19:48:48,Chicken Nuggets,1,30,1,0
1846,2024-01-15 21:56:45,Milkshake,1,28,1,0
1846,2024-01-15 21:56:45,Chicken Burger,2,55,1,0
1847,2024-01-15 20:50:59,Double Burger,3,65,1,0
1847,2024-01-15 20:50:59,Chicken Nuggets,3,30,1,0
1848,2024-01-15 19:39:27,Milkshake,2,28,1,0
1849,2024-01-15 21:51:50,Soft Drink,3,15,1,0
1849,2024-01-15 21:51:50,Milkshake,3,28,1,0
1849,2024-01-15 21:51:50,Classic Burger,3,45,1,0
1849,2024-01-15 21:51:50,Ice Cream,2,18,1,0
1849,2024-01-15 21:51:50,Double Burger,1,65,1,0
1850,2024-01-15 21:05:37,Milkshake,3,28,1,0
1850,2024-01-15 21:05:37,Chicken Burger,1,55,1,0
1850,2024-01-15 21:05:37,Fries,1,20,1,0
1850,2024-01-15 21:05:37,Chicken Nuggets,3,30,1,0
1851,2024-01-15 22:59:23,Onion Rings,2,22,1,0
1851,2024-01-15 22:59:23,Cheese Burger,1,50,1,0
1851,2024-01-15 22:59:23,Ice Cream,3,18,1,0
1851,2024-01-15 22:59:23,Chicken Nuggets,2,30,1,0
1851,2024-01-15 22:59:23,Double Burger,3,65,1,0
1852,2024-01-15 19:16:35,Classic Burger,3,45,1,0
1852,2024-01-15 19:16:35,Onion Rings,3,22,1,0
1852,2024-01-15 19:16:35,Milkshake,1,28,1,0
1852,2024-01-15 19:16:35,Soft Drink,1,15,1,0
1853,2024-01-15 17:16:33,Onion Rings,2,22,1,0
1853,2024-01-15 17:16:33,Milkshake,1,28,1,0
1854,2024-01-15 18:50:37,Chicken Burger,1,55,1,0
1854,2024-01-15 18:50:37,Cheese Burger,1,50,1,0
1854,2024-01-15 18:50:37,Double Burger,2,65,1,0
1855,2024-01-15 21:12:45,Chicken Nuggets,1,30,1,0
1855,2024-01-15 21:12:45,Double Burger,2,65,1,0
1855,2024-01-15 21:12:45,Ice Cream,3,18,1,0
1856,2024-01-15 15:57:21,Onion Rings,1,22,1,0
1856,2024-01-15 15:57:21,Chicken Nuggets,1,30,1,0
1856,2024-01-15 15:57:21,Fries,2,20,1,0
1856,2024-01-15 15:57:21,Classic Burger,2,45,1,0
1856,2024-01-15 15:57:21,Cheese Burger,3,50,1,0
1857,2024-01-15 19:25:53,Fries,2,20,1,0
1857,2024-01-15 19:25:53,Onion Rings,2,22,1,0
1858,2024-01-15 16:55:46,Cheese Burger,2,50,1,0
1859,2024-01-15 18:55:19,Chicken Nuggets,1,30,1,0
1860,2024-01-15 21:52:26,Classic Burger,1,45,1,0
1860,2024-01-15 21:52:26,Double Burger,3,65,1,0
1860,2024-01-15 21:52:26,Milkshake,3,28,1,0
1861,2024-01-16 18:01:30,Double Burger,3,65,0,0
1861,2024-01-16 18:01:30,Chicken Nuggets,3,30,0,0
1861,2024-01-16 18:01:30,Cheese Burger,3,50,0,0
1862,2024-01-16 13:44:42,Milkshake,2,28,0,0
1862,2024-01-16 13:44:42,Chicken Burger,1,55,0,0
1863,2024-01-16 20:27:48,Fries,3,20,0,0
1863,2024-01-16 20:27:48,Ice Cream,1,18,0,0
1863,2024-01-16 20:27:48,Cheese Burger,1,50,0,0
1863,2024-01-16 20:27:48,Classic Burger,3,45,0,0
1863,2024-01-16 20:27:48,Chicken Nuggets,3,30,0,0
1864,2024-01-16 19:50:20,Ice Cream,2,18,0,0
1864,2024-01-16 19:50:20,Milkshake,2,28,0,0
1864,2024-01-16 19:50:20,Onion Rings,2,22,0,0
1864,2024-01-16 19:50:20,Chicken Nuggets,3,30,0,0
1865,2024-01-16 23:24:17,Milkshake,2,28,0,0
1865,2024-01-16 23:24:17,Chicken Burger,3,55,0,0
1865,2024-01-16 23:24:17,Cheese Burger,3,50,0,0
1865,2024-01-16 23:24:17,Soft Drink,1,15,0,0
1866,2024-01-16 17:09:01,Cheese Burger,3,50,0,0
1866,2024-01-16 17:09:01,Onion Rings,2,22,0,0
1866,2024-01-16 17:09:01,Classic Burger,3,45,0,0
1867,2024-01-16 18:16:55,Double Burger,3,65,0,0
1867,2024-01-16 18:16:55,Cheese Burger,3,50,0,0
1867,2024-01-16 18:16:55,Classic Burger,2,45,0,0
1867,2024-01-16 18:16:55,Fries,1,20,0,0
1868,2024-01-16 18:39:28,Fries,1,20,0,0
1868,2024-01-16 18:39:28,Ice Cream,3,18,0,0
1868,2024-01-16 18:39:28,Chicken Burger,1,55,0,0
1868,2024-01-16 18:39:28,Classic Burger,3,45,0,0
1868,2024-01-16 18:39:28,Double Burger,2,65,0,0
1869,2024-01-16 22:57:23,Fries,3,20,0,0
1869,2024-01-16 22:57:23,Ice Cream,1,18,0,0
1869,2024-01-16 22:57:23,Cheese Burger,1,50,0,0
1870,2024-01-16 17:29:05,Fries,1,20,0,0
1870,2024-01-16 17:29:05,Double Burger,3,65,0,0
1870,2024-01-16 17:29:05,Chicken Nuggets,3,30,0,0
1870,2024-01-16 17:29:05,Ice Cream,1,18,0,0
1871,2024-01-16 18:02:13,Fries,3,20,0,0
1871,2024-01-16 18:02:13,Onion Rings,2,22,0,0
1871,2024-01-16 18:02:13,Ice Cream,2,18,0,0
1872,2024-01-16 19:15:12,Double Burger,1,65,0,0
1872,2024-01-16 19:15:12,Soft Drink,1,15,0,0
1872,2024-01-16 19:15:12,Chicken Nuggets,3,30,0,0
1872,2024-01-16 19:15:12,Ice Cream,2,18,0,0
1872,2024-01-16 19:15:12,Onion Rings,2,22,0,0
1873,2024-01-16 18:51:38,Chicken Burger,1,55,0,0
1873,2024-01-16 18:51:38,Soft Drink,2,15,0,0
1873,2024-01-16 18:51:38,Milkshake,2,28,0,0
1874,2024-01-16 16:24:57,Chicken Nuggets,3,30,0,0
1875,2024-01-16 18:04:27,Chicken Nuggets,3,30,0,0
1875,2024-01-16 18:04:27,Double Burger,1,65,0,0
1876,2024-01-16 21:48:48,Onion Rings,2,22,0,0
1877,2024-01-16 14:34:36,Onion Rings,2,22,0,0
1877,2024-01-16 14:34:36,Double Burger,1,65,0,0
1878,2024-01-16 18:09:45,Milkshake,3,28,0,0
1878,2024-01-16 18:09:45,Chicken Burger,2,55,0,0
1879,2024-01-16 15:39:48,Chicken Nuggets,2,30,0,0
1879,2024-01-16 15:39:48,Chicken Burger,1,55,0,0
1880,2024-01-16 21:35:35,Soft Drink,1,15,0,0
1881,2024-01-16 13:56:08,Classic Burger,1,45,0,0
1881,2024-01-16 13:56:08,Milkshake,2,28,0,0
1881,2024-01-16 13:56:08,Fries,3,20,0,0
1881,2024-01-16 13:56:08,Double Burger,3,65,0,0
1882,2024-01-16 16:42:23,Chicken Burger,2,55,0,0
1882,2024-01-16 16:42:23,Soft Drink,1,15,0,0
1883,2024-01-16 19:49:28,Cheese Burger,2,50,0,0
1883,2024-01-16 19:49:28,Milkshake,2,28,0,0
1883,2024-01-16 19:49:28,Fries,2,20,0,0
1883,2024-01-16 19:49:28,Onion Rings,1,22,0,0
1883,2024-01-16 19:49:28,Soft Drink,1,15,0,0
1884,2024-01-16 22:07:06,Cheese Burger,2,50,0,0
1885,2024-01-16 17:07:31,Fries,3,20,0,0
1885,2024-01-16 17:07:31,Onion Rings,1,22,0,0
1885,2024-01-16 17:07:31,Chicken Nuggets,3,30,0,0
1885,2024-01-16 17:07:31,Classic Burger,2,45,0,0
1886,2024-01-16 16:47:48,Chicken Burger,3,55,0,0
1886,2024-01-16 16:47:48,Onion Rings,3,22,0,0
1886,2024-01-16 16:47:48,Fries,3,20,0,0
1886,2024-01-16 16:47:48,Milkshake,1,28,0,0
1886,2024-01-16 16:47:48,Double Burger,1,65,0,0
1887,2024-01-16 23:29:57,Classic Burger,2,45,0,0
1888,2024-01-16 13:53:00,Chicken Burger,2,55,0,0
1888,2024-01-16 13:53:00,Cheese Burger,2,50,0,0
1888,2024-01-16 13:53:00,Double Burger,2,65,0,0
1889,2024-01-16 11:56:24,Onion Rings,2,22,0,0
1889,2024-01-16 11:56:24,Double Burger,2,65,0,0
1889,2024-01-16 11:56:24,Ice Cream,2,18,0,0
1889,2024-01-16 11:56:24,Cheese Burger,3,50,0,0
1890,2024-01-16 19:31:35,Milkshake,3,28,0,0
1891,2024-01-16 16:41:00,Milkshake,1,28,0,0
1891,2024-01-16 16:41:00,Onion Rings,1,22,0,0
1892,2024-01-16 14:12:48,Soft Drink,3,15,0,0
1892,2024-01-16 14:12:48,Onion Rings,3,22,0,0
1892,2024-01-16 14:12:48,Fries,2,20,0,0
1892,2024-01-16 14:12:48,Ice Cream,2,18,0,0
1892,2024-01-16 14:12:48,Classic Burger,3,45,0,0
1893,2024-01-16 20:35:10,Cheese Burger,3,50,0,0
1893,2024-01-16 20:35:10,Milkshake,1,28,0,0
1893,2024-01-16 20:35:10,Soft Drink,2,15,0,0
1893,2024-01-16 20:35:10,Onion Rings,1,22,0,0
1893,2024-01-16 20:35:10,Double Burger,3,65,0,0
1894,2024-01-16 18:08:10,Chicken Nuggets,3,30,0,0
1895,2024-01-16 16:02:08,Ice Cream,3,18,0,0
1895,2024-01-16 16:02:08,Classic Burger,1,45,0,0
1895,2024-01-16 16:02:08,Soft Drink,2,15,0,0
1895,2024-01-16 16:02:08,Chicken Burger,3,55,0,0
1895,2024-01-16 16:02:08,Chicken Nuggets,2,30,0,0
1896,2024-01-16 14:02:53,Classic Burger,2,45,0,0
1896,2024-01-16 14:02:53,Milkshake,2,28,0,0
1896,2024-01-16 14:02:53,Onion Rings,1,22,0,0
1896,2024-01-16 14:02:53,Double Burger,2,65,0,0
1896,2024-01-16 14:02:53,Soft Drink,3,15,0,0
1897,2024-01-16 20:48:36,Soft Drink,3,15,0,0
1897,2024-01-16 20:48:36,Cheese Burger,1,50,0,0
1898,2024-01-16 19:04:44,Double Burger,2,65,0,0
1898,2024-01-16 19:04:44,Classic Burger,2,45,0,0
1899,2024-01-16 17:06:12,Cheese Burger,3,50,0,0
1899,2024-01-16 17:06:12,Fries,3,20,0,0
1899,2024-01-16 17:06:12,Chicken Nuggets,1,30,0,0
1899,2024-01-16 17:06:12,Classic Burger,3,45,0,0
1900,2024-01-16 23:28:44,Milkshake,1,28,0,0
1900,2024-01-16 23:28:44,Classic Burger,2,45,0,0
1900,2024-01-16 23:28:44,Onion Rings,3,22,0,0
1900,2024-01-16 23:28:44,Ice Cream,3,18,0,0
1901,2024-01-16 14:08:26,Onion Rings,1,22,0,0
1901,2024-01-16 14:08:26,Fries,3,20,0,0
1901,2024-01-16 14:08:26,Ice Cream,3,18,0,0
1902,2024-01-17 18:48:09,Onion Rings,3,22,1,0
1902,2024-01-17 18:48:09,Milkshake,2,28,1,0
1903,2024-01-17 17:41:09,Fries,3,20,1,0
1903,2024-01-17 17:41:09,Chicken Burger,1,55,1,0
1903,2024-01-17 17:41:09,Chicken Nuggets,2,30,1,0
1904,2024-01-17 19:33:44,Cheese Burger,2,50,1,0
1904,2024-01-17 19:33:44,Double Burger,2,65,1,0
1904,2024-01-17 19:33:44,Fries,2,20,1,0
1905,2024-01-17 14:17:29,Chicken Nuggets,3,30,1,0
1905,2024-01-17 14:17:29,Chicken Burger,3,55,1,0
1906,2024-01-17 22:59:24,Cheese Burger,2,50,1,0
1907,2024-01-17 17:41:44,Milkshake,2,28,1,0
1907,2024-01-17 17:41:44,Double Burger,3,65,1,0
1907,2024-01-17 17:41:44,Ice Cream,3,18,1,0
1908,2024-01-17 21:22:10,Cheese Burger,1,50,1,0
1908,2024-01-17 21:22:10,Chicken Burger,1,55,1,0
1908,2024-01-17 21:22:10,Onion Rings,1,22,1,0
1908,2024-01-17 21:22:10,Milkshake,1,28,1,0
1908,2024-01-17 21:22:10,Ice Cream,3,18,1,0
1909,2024-01-17 19:17:02,Soft Drink,1,15,1,0
1909,2024-01-17 19:17:02,Ice Cream,3,18,1,0
1909,2024-01-17 19:17:02,Classic Burger,1,45,1,0
1909,2024-01-17 19:17:02,Chicken Burger,2,55,1,0
1910,2024-01-17 19:15:24,Chicken Nuggets,2,30,1,0
1910,2024-01-17 19:15:24,Milkshake,2,28,1,0
1910,2024-01-17 19:15:24,Fries,2,20,1,0
1910,2024-01-17 19:15:24,Double Burger,1,65,1,0
1910,2024-01-17 19:15:24,Chicken Burger,2,55,1,0
1911,2024-01-17 19:57:58,Milkshake,2,28,1,0
1911,2024-01-17 19:57:58,Classic Burger,3,45,1,0
1912,2024-01-17 19:21:01,Chicken Burger,2,55,1,0
1912,2024-01-17 19:21:01,Chicken Nuggets,1,30,1,0
1912,2024-01-17 19:21:01,Soft Drink,1,15,1,0
1912,2024-01-17 19:21:01,Fries,2,20,1,0
1913,2024-01-17 19:45:37,Soft Drink,3,15,1,0
1913,2024-01-17 19:45:37,Chicken Burger,1,55,1,0
1913,2024-01-17 19:45:37,Chicken Nuggets,1,30,1,0
1914,2024-01-17 21:18:49,Classic Burger,3,45,1,0
1914,2024-01-17 21:18:49,Double Burger,2,65,1,0
1915,2024-01-17 18:35:34,Milkshake,3,28,1,0
1915,2024-01-17 18:35:34,Chicken Nuggets,1,30,1,0
1915,2024-01-17 18:35:34,Classic Burger,1,45,1,0
1916,2024-01-17 20:09:43,Chicken Nuggets,1,30,1,0
1917,2024-01-17 17:11:55,Cheese Burger,1,50,1,0
1918,2024-01-17 22:16:20,Fries,2,20,1,0
1918,2024-01-17 22:16:20,Cheese Burger,3,50,1,0
1918,2024-01-17 22:16:20,Chicken Nuggets,1,30,1,0
1918,2024-01-17 22:16:20,Classic Burger,1,45,1,0
1918,2024-01-17 22:16:20,Onion Rings,3,22,1,0
1919,2024-01-17 15:20:04,Soft Drink,3,15,1,0
1919,2024-01-17 15:20:04,Classic Burger,3,45,1,0
1920,2024-01-17 23:50:28,Cheese Burger,2,50,1,0
1920,2024-01-17 23:50:28,Onion Rings,2,22,1,0
1920,2024-01-17 23:50:28,Ice Cream,3,18,1,0
1920,2024-01-17 23:50:28,Classic Burger,1,45,1,0
1921,2024-01-17 17:16:45,Double Burger,2,65,1,0
1922,2024-01-17 13:24:16,Fries,2,20,1,0
1923,2024-01-17 18:23:01,Fries,3,20,1,0
1923,2024-01-17 18:23:01,Double Burger,1,65,1,0
1924,2024-01-17 15:15:41,Cheese Burger,3,50,1,0
1924,2024-01-17 15:15:41,Onion Rings,3,22,1,0
1924,2024-01-17 15:15:41,Double Burger,3,65,1,0
1924,2024-01-17 15:15:41,Milkshake,1,28,1,0
1925,2024-01-17 20:45:47,Onion Rings,2,22,1,0
1925,2024-01-17 20:45:47,Double Burger,1,65,1,0
1925,2024-01-17 20:45:47,Chicken Burger,3,55,1,0
1926,2024-01-17 16:34:39,Soft Drink,1,15,1,0
1926,2024-01-17 16:34:39,Chicken Burger,3,55,1,0
1927,2024-01-17 16:40:48,Classic Burger,3,45,1,0
1927,2024-01-17 16:40:48,Ice Cream,1,18,1,0
1927,2024-01-17 16:40:48,Soft Drink,2,15,1,0
1927,2024-01-17 16:40:48,Milkshake,3,28,1,0
1927,2024-01-17 16:40:48,Chicken Nuggets,2,30,1,0
1928,2024-01-17 12:12:42,Ice Cream,2,18,1,0
1929,2024-01-17 16:43:08,Classic Burger,3,45,1,0
1929,2024-01-17 16:43:08,Ice Cream,1,18,1,0
1929,2024-01-17 16:43:08,Cheese Burger,1,50,1,0
1929,2024-01-17 16:43:08,Onion Rings,3,22,1,0
1929,2024-01-17 16:43:08,Chicken Nuggets,1,30,1,0
1930,2024-01-17 10:39:59,Soft Drink,2,15,1,0
1931,2024-01-17 13:24:44,Cheese Burger,1,50,1,0
1931,2024-01-17 13:24:44,Milkshake,1,28,1,0
1931,2024-01-17 13:24:44,Classic Burger,2,45,1,0
1932,2024-01-17 20:15:03,Ice Cream,1,18,1,0
1933,2024-01-17 20:32:50,Chicken Nuggets,3,30,1,0
1933,2024-01-17 20:32:50,Cheese Burger,1,50,1,0
1933,2024-01-17 20:32:50,Milkshake,2,28,1,0
1934,2024-01-17 19:54:10,Ice Cream,2,18,1,0
1934,2024-01-17 19:54:10,Cheese Burger,3,50,1,0
1934,2024-01-17 19:54:10,Double Burger,3,65,1,0
1934,2024-01-17 19:54:10,Soft Drink,1,15,1,0
1934,2024-01-17 19:54:10,Onion Rings,3,22,1,0
1935,2024-01-17 15:12:47,Cheese Burger,1,50,1,0
1936,2024-01-17 17:09:55,Classic Burger,3,45,1,0
1936,2024-01-17 17:09:55,Chicken Burger,3,55,1,0
1936,2024-01-17 17:09:55,Fries,1,20,1,0
1937,2024-01-17 17:55:02,Milkshake,1,28,1,0
1937,2024-01-17 17:55:02,Classic Burger,2,45,1,0
1937,2024-01-17 17:55:02,Onion Rings,2,22,1,0
1937,2024-01-17 17:55:02,Double Burger,3,65,1,0
1938,2024-01-17 14:28:53,Double Burger,2,65,1,0
1938,2024-01-17 14:28:53,Chicken Burger,2,55,1,0
1938,2024-01-17 14:28:53,Classic Burger,3,45,1,0
1938,2024-01-17 14:28:53,Ice Cream,1,18,1,0
1939,2024-01-17 22:44:58,Fries,3,20,1,0
1939,2024-01-17 22:44:58,Chicken Nuggets,1,30,1,0
1939,2024-01-17 22:44:58,Chicken Burger,2,55,1,0
1939,2024-01-17 22:44:58,Double Burger,3,65,1,0
1940,2024-01-17 20:24:59,Milkshake,2,28,1,0
1940,2024-01-17 20:24:59,Onion Rings,1,22,1,0
1940,2024-01-17 20:24:59,Fries,1,20,1,0
1941,2024-01-17 17:14:21,Fries,3,20,1,0
1941,2024-01-17 17:14:21,Onion Rings,2,22,1,0
1942,2024-01-17 18:53:01,Double Burger,3,65,1,0
1942,2024-01-17 18:53:01,Milkshake,1,28,1,0
1942,2024-01-17 18:53:01,Cheese Burger,1,50,1,0
1943,2024-01-17 18:05:21,Double Burger,3,65,1,0
1944,2024-01-17 11:16:41,Fries,3,20,1,0
1945,2024-01-17 17:20:26,Classic Burger,1,45,1,0
1945,2024-01-17 17:20:26,Onion Rings,3,22,1,0
1946,2024-01-17 15:56:01,Soft Drink,1,15,1,0
1946,2024-01-17 15:56:01,Fries,3,20,1,0
1946,2024-01-17 15:56:01,Onion Rings,1,22,1,0
1946,2024-01-17 15:56:01,Double Burger,1,65,1,0
1947,2024-01-17 14:40:13,Fries,2,20,1,0
1947,2024-01-17 14:40:13,Onion Rings,1,22,1,0
1947,2024-01-17 14:40:13,Milkshake,3,28,1,0
1947,2024-01-17 14:40:13,Chicken Burger,2,55,1,0
1947,2024-01-17 14:40:13,Ice Cream,2,18,1,0
1948,2024-01-17 17:10:53,Classic Burger,3,45,1,0
1948,2024-01-17 17:10:53,Double Burger,3,65,1,0
1949,2024-01-17 23:41:15,Classic Burger,3,45,1,0
1950,2024-01-17 19:49:17,Onion Rings,2,22,1,0
1950,2024-01-17 19:49:17,Chicken Burger,1,55,1,0
1950,2024-01-17 19:49:17,Ice Cream,2,18,1,0
1950,2024-01-17 19:49:17,Soft Drink,3,15,1,0
1951,2024-01-18 20:07:09,Chicken Burger,1,55,1,0
1951,2024-01-18 20:07:09,Cheese Burger,2,50,1,0
1951,2024-01-18 20:07:09,Chicken Nuggets,3,30,1,0
1951,2024-01-18 20:07:09,Double Burger,3,65,1,0
1952,2024-01-18 18:26:56,Chicken Burger,3,55,1,0
1952,2024-01-18 18:26:56,Soft Drink,2,15,1,0
1953,2024-01-18 16:27:48,Soft Drink,2,15,1,0
1953,2024-01-18 16:27:48,Chicken Nuggets,1,30,1,0
1953,2024-01-18 16:27:48,Ice Cream,2,18,1,0
1953,2024-01-18 16:27:48,Classic Burger,2,45,1,0
1953,2024-01-18 16:27:48,Chicken Burger,2,55,1,0
1954,2024-01-18 20:00:49,Soft Drink,1,15,1,0
1954,2024-01-18 20:00:49,Chicken Nuggets,1,30,1,0
1954,2024-01-18 20:00:49,Cheese Burger,1,50,1,0
1954,2024-01-18 20:00:49,Chicken Burger,2,55,1,0
1955,2024-01-18 19:26:30,Onion Rings,1,22,1,0
1955,2024-01-18 19:26:30,Milkshake,3,28,1,0
1955,2024-01-18 19:26:30,Double Burger,2,65,1,0
1956,2024-01-18 20:42:58,Double Burger,2,65,1,0
1957,2024-01-18 19:55:23,Soft Drink,2,15,1,0
1957,2024-01-18 19:55:23,Chicken Burger,2,55,1,0
1957,2024-01-18 19:55:23,Chicken Nuggets,3,30,1,0
1957,2024-01-18 19:55:23,Onion Rings,2,22,1,0
1958,2024-01-18 21:50:58,Double Burger,2,65,1,0
1958,2024-01-18 21:50:58,Chicken Nuggets,1,30,1,0
1958,2024-01-18 21:50:58,Ice Cream,3,18,1,0
1958,2024-01-18 21:50:58,Chicken Burger,3,55,1,0
1959,2024-01-18 16:35:47,Double Burger,2,65,1,0
1959,2024-01-18 16:35:47,Cheese Burger,2,50,1,0
1959,2024-01-18 16:35:47,Fries,3,20,1,0
1959,2024-01-18 16:35:47,Ice Cream,3,18,1,0
1960,2024-01-18 21:26:19,Classic Burger,3,45,1,0
1960,2024-01-18 21:26:19,Milkshake,1,28,1,0
1960,2024-01-18 21:26:19,Fries,3,20,1,0
1960,2024-01-18 21:26:19,Chicken Nuggets,2,30,1,0
1960,2024-01-18 21:26:19,Onion Rings,2,22,1,0
1961,2024-01-18 18:54:07,Classic Burger,3,45,1,0
1961,2024-01-18 18:54:07,Soft Drink,2,15,1,0
1962,2024-01-18 23:52:50,Fries,1,20,1,0
1962,2024-01-18 23:52:50,Onion Rings,2,22,1,0
1963,2024-01-18 15:30:57,Chicken Nuggets,1,30,1,0
1963,2024-01-18 15:30:57,Milkshake,2,28,1,0
1963,2024-01-18 15:30:57,Fries,1,20,1,0
1963,2024-01-18 15:30:57,Cheese Burger,2,50,1,0
1963,2024-01-18 15:30:57,Classic Burger,3,45,1,0
1964,2024-01-18 23:17:12,Onion Rings,1,22,1,0
1964,2024-01-18 23:17:12,Milkshake,1,28,1,0
1965,2024-01-18 18:45:31,Onion Rings,2,22,1,0
1965,2024-01-18 18:45:31,Milkshake,3,28,1,0
1966,2024-01-18 16:12:38,Onion Rings,1,22,1,0
1967,2024-01-18 16:43:19,Chicken Burger,1,55,1,0
1967,2024-01-18 16:43:19,Soft Drink,1,15,1,0
1967,2024-01-18 16:43:19,Fries,3,20,1,0
1967,2024-01-18 16:43:19,Chicken Nuggets,1,30,1,0
1967,2024-01-18 16:43:19,Onion Rings,2,22,1,0
1968,2024-01-18 17:06:59,Soft Drink,2,15,1,0
1968,2024-01-18 17:06:59,Chicken Nuggets,3,30,1,0
1969,2024-01-18 19:51:36,Soft Drink,2,15,1,0
1969,2024-01-18 19:51:36,Classic Burger,2,45,1,0
1969,2024-01-18 19:51:36,Onion Rings,3,22,1,0
1970,2024-01-18 19:20:34,Milkshake,1,28,1,0
1971,2024-01-18 16:25:31,Classic Burger,2,45,1,0
1971,2024-01-18 16:25:31,Soft Drink,1,15,1,0
1972,2024-01-18 17:37:02,Chicken Nuggets,2,30,1,0
1972,2024-01-18 17:37:02,Fries,3,20,1,0
1973,2024-01-18 23:30:45,Chicken Burger,3,55,1,0
1973,2024-01-18 23:30:45,Double Burger,2,65,1,0
1974,2024-01-18 23:35:20,Cheese Burger,2,50,1,0
1975,2024-01-18 19:39:40,Onion Rings,2,22,1,0
1976,2024-01-18 18:52:45,Chicken Burger,2,55,1,0
1977,2024-01-18 18:21:28,Fries,1,20,1,0
1977,2024-01-18 18:21:28,Chicken Burger,3,55,1,0
1977,2024-01-18 18:21:28,Double Burger,1,65,1,0
1977,2024-01-18 18:21:28,Milkshake,1,28,1,0
1978,2024-01-18 19:17:00,Fries,2,20,1,0
1979,2024-01-18 14:20:19,Ice Cream,2,18,1,0
1979,2024-01-18 14:20:19,Classic Burger,3,45,1,0
1980,2024-01-18 17:42:31,Double Burger,2,65,1,0
1980,2024-01-18 17:42:31,Milkshake,3,28,1,0
1981,2024-01-18 12:48:56,Double Burger,1,65,1,0
1981,2024-01-18 12:48:56,Chicken Burger,2,55,1,0
1981,2024-01-18 12:48:56,Chicken Nuggets,2,30,1,0
1982,2024-01-18 19:02:08,Chicken Burger,3,55,1,0
1982,2024-01-18 19:02:08,Ice Cream,1,18,1,0
1982,2024-01-18 19:02:08,Onion Rings,2,22,1,0
1982,2024-01-18 19:02:08,Fries,2,20,1,0
1983,2024-01-18 19:12:07,Milkshake,3,28,1,0
1983,2024-01-18 19:12:07,Onion Rings,2,22,1,0
1983,2024-01-18 19:12:07,Soft Drink,2,15,1,0
1983,2024-01-18 19:12:07,Classic Burger,1,45,1,0
1983,2024-01-18 19:12:07,Cheese Burger,3,50,1,0
1984,2024-01-18 16:55:35,Cheese Burger,2,50,1,0
1984,2024-01-18 16:55:35,Double Burger,3,65,1,0
1984,2024-01-18 16:55:35,Milkshake,1,28,1,0
1985,2024-01-18 22:52:12,Fries,2,20,1,0
1986,2024-01-18 14:50:49,Double Burger,2,65,1,0
1986,2024-01-18 14:50:49,Chicken Nuggets,1,30,1,0
1986,2024-01-18 14:50:49,Fries,3,20,1,0
1987,2024-01-18 13:48:50,Milkshake,1,28,1,0
1987,2024-01-18 13:48:50,Double Burger,3,65,1,0
1987,2024-01-18 13:48:50,Classic Burger,2,45,1,0
1987,2024-01-18 13:48:50,Chicken Nuggets,2,30,1,0
1987,2024-01-18 13:48:50,Ice Cream,2,18,1,0
1988,2024-01-18 18:42:41,Onion Rings,2,22,1,0
1988,2024-01-18 18:42:41,Double Burger,2,65,1,0
1988,2024-01-18 18:42:41,Soft Drink,2,15,1,0
1988,2024-01-18 18:42:41,Cheese Burger,2,50,1,0
1988,2024-01-18 18:42:41,Chicken Nuggets,3,30,1,0
1989,2024-01-18 21:43:53,Soft Drink,1,15,1,0
1989,2024-01-18 21:43:53,Fries,1,20,1,0
1989,2024-01-18 21:43:53,Ice Cream,3,18,1,0
1990,2024-01-18 23:08:23,Soft Drink,3,15,1,0
1990,2024-01-18 23:08:23,Fries,3,20,1,0
1990,2024-01-18 23:08:23,Chicken Burger,2,55,1,0
1991,2024-01-18 16:57:13,Cheese Burger,3,50,1,0
1991,2024-01-18 16:57:13,Fries,3,20,1,0
1991,2024-01-18 16:57:13,Chicken Nuggets,1,30,1,0
1991,2024-01-18 16:57:13,Milkshake,2,28,1,0
1992,2024-01-18 21:03:26,Classic Burger,1,45,1,0
1992,2024-01-18 21:03:26,Ice Cream,3,18,1,0
1993,2024-01-18 17:48:23,Milkshake,1,28,1,0
1994,2024-01-18 17:05:07,Chicken Nuggets,1,30,1,0
1994,2024-01-18 17:05:07,Onion Rings,3,22,1,0
1994,2024-01-18 17:05:07,Cheese Burger,1,50,1,0
1994,2024-01-18 17:05:07,Ice Cream,1,18,1,0
1995,2024-01-18 20:27:08,Double Burger,1,65,1,0
1995,2024-01-18 20:27:08,Onion Rings,3,22,1,0
1995,2024-01-18 20:27:08,Milkshake,3,28,1,0
1995,2024-01-18 20:27:08,Chicken Nuggets,1,30,1,0
1995,2024-01-18 20:27:08,Chicken Burger,3,55,1,0
1996,2024-01-18 19:36:51,Milkshake,1,28,1,0
1996,2024-01-18 19:36:51,Chicken Nuggets,3,30,1,0
1996,2024-01-18 19:36:51,Classic Burger,1,45,1,0
1996,2024-01-18 19:36:51,Ice Cream,3,18,1,0
1997,2024-01-18 13:20:01,Ice Cream,3,18,1,0
1997,2024-01-18 13:20:01,Fries,1,20,1,0
1997,2024-01-18 13:20:01,Onion Rings,3,22,1,0
1998,2024-01-18 22:32:08,Ice Cream,3,18,1,0
1998,2024-01-18 22:32:08,Double Burger,1,65,1,0
1998,2024-01-18 22:32:08,Chicken Nuggets,3,30,1,0
1998,2024-01-18 22:32:08,Onion Rings,2,22,1,0
1998,2024-01-18 22:32:08,Fries,2,20,1,0
1999,2024-01-18 22:33:26,Fries,3,20,1,0
1999,2024-01-18 22:33:26,Chicken Burger,3,55,1,0
1999,2024-01-18 22:33:26,Chicken Nuggets,3,30,1,0
2000,2024-01-18 16:37:00,Double Burger,1,65,1,0
2000,2024-01-18 16:37:00,Chicken Nuggets,3,30,1,0
2000,2024-01-18 16:37:00,Milkshake,2,28,1,0
2001,2024-01-18 19:35:43,Ice Cream,2,18,1,0
2001,2024-01-18 19:35:43,Milkshake,2,28,1,0
2001,2024-01-18 19:35:43,Cheese Burger,3,50,1,0
2002,2024-01-18 19:01:30,Fries,1,20,1,0
2002,2024-01-18 19:01:30,Cheese Burger,1,50,1,0
2002,2024-01-18 19:01:30,Milkshake,2,28,1,0
2003,2024-01-18 18:07:59,Chicken Nuggets,3,30,1,0
2003,2024-01-18 18:07:59,Cheese Burger,2,50,1,0
2003,2024-01-18 18:07:59,Ice Cream,2,18,1,0
2003,2024-01-18 18:07:59,Milkshake,1,28,1,0
2003,2024-01-18 18:07:59,Classic Burger,1,45,1,0
2004,2024-01-18 16:26:52,Cheese Burger,2,50,1,0
2004,2024-01-18 16:26:52,Soft Drink,2,15,1,0
2004,2024-01-18 16:26:52,Chicken Nuggets,3,30,1,0
2004,2024-01-18 16:26:52,Ice Cream,3,18,1,0
2004,2024-01-18 16:26:52,Milkshake,1,28,1,0
2005,2024-01-18 15:38:41,Classic Burger,1,45,1,0
2005,2024-01-18 15:38:41,Chicken Nuggets,3,30,1,0
2006,2024-01-18 17:51:24,Chicken Nuggets,2,30,1,0
2006,2024-01-18 17:51:24,Cheese Burger,1,50,1,0
2006,2024-01-18 17:51:24,Chicken Burger,1,55,1,0
2006,2024-01-18 17:51:24,Classic Burger,2,45,1,0
2007,2024-01-18 21:56:34,Milkshake,3,28,1,0
2007,2024-01-18 21:56:34,Classic Burger,1,45,1,0
2007,2024-01-18 21:56:34,Chicken Burger,3,55,1,0
2007,2024-01-18 21:56:34,Ice Cream,1,18,1,0
2007,2024-01-18 21:56:34,Onion Rings,1,22,1,0
2008,2024-01-18 19:05:47,Double Burger,1,65,1,0
2008,2024-01-18 19:05:47,Onion Rings,3,22,1,0
2008,2024-01-18 19:05:47,Chicken Burger,3,55,1,0
2009,2024-01-18 16:54:58,Double Burger,2,65,1,0
2009,2024-01-18 16:54:58,Chicken Nuggets,2,30,1,0
2009,2024-01-18 16:54:58,Soft Drink,2,15,1,0
2009,2024-01-18 16:54:58,Classic Burger,1,45,1,0
2009,2024-01-18 16:54:58,Ice Cream,1,18,1,0
2010,2024-01-19 12:23:55,Onion Rings,2,22,1,0
2010,2024-01-19 12:23:55,Classic Burger,1,45,1,0
2010,2024-01-19 12:23:55,Double Burger,3,65,1,0
2010,2024-01-19 12:23:55,Milkshake,2,28,1,0
2010,2024-01-19 12:23:55,Chicken Nuggets,2,30,1,0
2011,2024-01-19 16:56:53,Chicken Nuggets,1,30,1,0
2011,2024-01-19 16:56:53,Double Burger,3,65,1,0
2011,2024-01-19 16:56:53,Ice Cream,1,18,1,0
2012,2024-01-19 14:16:44,Cheese Burger,2,50,1,0
2012,2024-01-19 14:16:44,Double Burger,2,65,1,0
2012,2024-01-19 14:16:44,Chicken Nuggets,2,30,1,0
2013,2024-01-19 14:03:48,Onion Rings,3,22,1,0
2013,2024-01-19 14:03:48,Milkshake,2,28,1,0
2013,2024-01-19 14:03:48,Cheese Burger,3,50,1,0
2014,2024-01-19 21:21:45,Ice Cream,3,18,1,0
2014,2024-01-19 21:21:45,Milkshake,2,28,1,0
2014,2024-01-19 21:21:45,Cheese Burger,3,50,1,0
2015,2024-01-19 16:05:49,Chicken Nuggets,3,30,1,0
2015,2024-01-19 16:05:49,Cheese Burger,2,50,1,0
2015,2024-01-19 16:05:49,Chicken Burger,2,55,1,0
2016,2024-01-19 19:40:15,Chicken Burger,3,55,1,0
2016,2024-01-19 19:40:15,Soft Drink,1,15,1,0
2016,2024-01-19 19:40:15,Fries,1,20,1,0
2016,2024-01-19 19:40:15,Chicken Nuggets,2,30,1,0
2017,2024-01-19 17:57:12,Cheese Burger,1,50,1,0
2017,2024-01-19 17:57:12,Double Burger,2,65,1,0
2017,2024-01-19 17:57:12,Onion Rings,3,22,1,0
2018,2024-01-19 19:10:55,Double Burger,2,65,1,0
2018,2024-01-19 19:10:55,Classic Burger,1,45,1,0
2018,2024-01-19 19:10:55,Chicken Burger,1,55,1,0
2018,2024-01-19 19:10:55,Milkshake,2,28,1,0
2019,2024-01-19 18:06:47,Soft Drink,2,15,1,0
2020,2024-01-19 14:48:00,Chicken Burger,3,55,1,0
2020,2024-01-19 14:48:00,Cheese Burger,1,50,1,0
2021,2024-01-19 20:44:09,Cheese Burger,2,50,1,0
2022,2024-01-19 16:35:23,Classic Burger,1,45,1,0
2023,2024-01-19 13:02:41,Chicken Burger,2,55,1,0
2023,2024-01-19 13:02:41,Ice Cream,1,18,1,0
2023,2024-01-19 13:02:41,Fries,2,20,1,0
2023,2024-01-19 13:02:41,Onion Rings,3,22,1,0
2023,2024-01-19 13:02:41,Milkshake,3,28,1,0
2024,2024-01-19 16:46:07,Ice Cream,2,18,1,0
2025,2024-01-19 22:11:43,Classic Burger,1,45,1,0
2025,2024-01-19 22:11:43,Chicken Nuggets,3,30,1,0
2026,2024-01-19 20:28:10,Ice Cream,3,18,1,0
2027,2024-01-19 16:56:59,Ice Cream,3,18,1,0
2027,2024-01-19 16:56:59,Onion Rings,1,22,1,0
2027,2024-01-19 16:56:59,Soft Drink,2,15,1,0
2027,2024-01-19 16:56:59,Fries,3,20,1,0
2027,2024-01-19 16:56:59,Cheese Burger,2,50,1,0
2028,2024-01-19 16:58:21,Onion Rings,2,22,1,0
2028,2024-01-19 16:58:21,Double Burger,1,65,1,0
2029,2024-01-19 17:44:21,Soft Drink,3,15,1,0
2029,2024-01-19 17:44:21,Chicken Burger,2,55,1,0
2029,2024-01-19 17:44:21,Fries,2,20,1,0
2029,2024-01-19 17:44:21,Milkshake,3,28,1,0
2030,2024-01-19 23:05:48,Fries,1,20,1,0
2030,2024-01-19 23:05:48,Double Burger,2,65,1,0
2030,2024-01-19 23:05:48,Onion Rings,1,22,1,0
2030,2024-01-19 23:05:48,Chicken Burger,1,55,1,0
2030,2024-01-19 23:05:48,Ice Cream,1,18,1,0
2031,2024-01-19 19:50:38,Chicken Burger,3,55,1,0
2031,2024-01-19 19:50:38,Ice Cream,2,18,1,0
2031,2024-01-19 19:50:38,Fries,3,20,1,0
2031,2024-01-19 19:50:38,Onion Rings,3,22,1,0
2031,2024-01-19 19:50:38,Milkshake,2,28,1,0
2032,2024-01-19 19:18:34,Double Burger,3,65,1,0
2032,2024-01-19 19:18:34,Chicken Nuggets,1,30,1,0
2032,2024-01-19 19:18:34,Ice Cream,2,18,1,0
2033,2024-01-19 21:47:32,Classic Burger,3,45,1,0
2034,2024-01-19 18:31:58,Chicken Nuggets,3,30,1,0
2035,2024-01-19 17:18:01,Ice Cream,2,18,1,0
2035,2024-01-19 17:18:01,Fries,1,20,1,0
2036,2024-01-19 17:23:31,Chicken Burger,2,55,1,0
2037,2024-01-19 17:01:54,Chicken Burger,1,55,1,0
2038,2024-01-19 17:49:51,Onion Rings,1,22,1,0
2039,2024-01-19 20:48:30,Ice Cream,2,18,1,0
2039,2024-01-19 20:48:30,Chicken Nuggets,3,30,1,0
2039,2024-01-19 20:48:30,Chicken Burger,1,55,1,0
2039,2024-01-19 20:48:30,Double Burger,1,65,1,0
2039,2024-01-19 20:48:30,Fries,1,20,1,0
2040,2024-01-19 18:08:33,Fries,2,20,1,0
2040,2024-01-19 18:08:33,Onion Rings,1,22,1,0
2040,2024-01-19 18:08:33,Chicken Burger,3,55,1,0
2041,2024-01-19 20:44:43,Ice Cream,2,18,1,0
2041,2024-01-19 20:44:43,Fries,3,20,1,0
2041,2024-01-19 20:44:43,Chicken Burger,1,55,1,0
2042,2024-01-19 17:14:15,Fries,3,20,1,0
2042,2024-01-19 17:14:15,Classic Burger,3,45,1,0
2042,2024-01-19 17:14:15,Double Burger,3,65,1,0
2042,2024-01-19 17:14:15,Onion Rings,3,22,1,0
2043,2024-01-19 18:28:07,Ice Cream,2,18,1,0
2043,2024-01-19 18:28:07,Soft Drink,2,15,1,0
2044,2024-01-19 12:50:23,Classic Burger,3,45,1,0
2045,2024-01-19 20:51:56,Ice Cream,1,18,1,0
2045,2024-01-19 20:51:56,Fries,1,20,1,0
2046,2024-01-19 19:24:20,Fries,1,20,1,0
2047,2024-01-19 20:32:27,Fries,1,20,1,0
2047,2024-01-19 20:32:27,Ice Cream,3,18,1,0
2047,2024-01-19 20:32:27,Chicken Burger,3,55,1,0
2048,2024-01-19 10:35:51,Soft Drink,2,15,1,0
2048,2024-01-19 10:35:51,Onion Rings,3,22,1,0
2049,2024-01-19 23:22:39,Classic Burger,3,45,1,0
2050,2024-01-19 17:54:17,Onion Rings,3,22,1,0
2050,2024-01-19 17:54:17,Ice Cream,3,18,1,0
2050,2024-01-19 17:54:17,Fries,2,20,1,0
2051,2024-01-19 21:44:24,Fries,3,20,1,0
2051,2024-01-19 21:44:24,Chicken Nuggets,1,30,1,0
2052,2024-01-19 14:15:08,Classic Burger,2,45,1,0
2052,2024-01-19 14:15:08,Double Burger,1,65,1,0
2053,2024-01-19 19:33:11,Classic Burger,2,45,1,0
2053,2024-01-19 19:33:11,Double Burger,1,65,1,0
2054,2024-01-19 14:58:36,Double Burger,3,65,1,0
2054,2024-01-19 14:58:36,Onion Rings,1,22,1,0
2054,2024-01-19 14:58:36,Soft Drink,1,15,1,0
2054,2024-01-19 14:58:36,Chicken Burger,1,55,1,0
2054,2024-01-19 14:58:36,Milkshake,3,28,1,0
2055,2024-01-19 16:22:34,Milkshake,2,28,1,0
2055,2024-01-19 16:22:34,Ice Cream,2,18,1,0
2056,2024-01-19 23:53:01,Soft Drink,1,15,1,0
2056,2024-01-19 23:53:01,Double Burger,2,65,1,0
2056,2024-01-19 23:53:01,Milkshake,1,28,1,0
2056,2024-01-19 23:53:01,Cheese Burger,2,50,1,0
2056,2024-01-19 23:53:01,Chicken Nuggets,3,30,1,0
2057,2024-01-19 17:18:01,Milkshake,2,28,1,0
2057,2024-01-19 17:18:01,Chicken Burger,3,55,1,0
2058,2024-01-19 18:32:58,Soft Drink,1,15,1,0
2058,2024-01-19 18:32:58,Chicken Nuggets,3,30,1,0
2059,2024-01-19 20:38:49,Soft Drink,3,15,1,0
2059,2024-01-19 20:38:49,Fries,2,20,1,0
2059,2024-01-19 20:38:49,Chicken Nuggets,3,30,1,0
2059,2024-01-19 20:38:49,Milkshake,1,28,1,0
2059,2024-01-19 20:38:49,Double Burger,3,65,1,0
2060,2024-01-19 19:59:33,Classic Burger,1,45,1,0
2060,2024-01-19 19:59:33,Ice Cream,3,18,1,0
2060,2024-01-19 19:59:33,Milkshake,1,28,1,0
2060,2024-01-19 19:59:33,Onion Rings,3,22,1,0
2061,2024-01-19 18:03:22,Ice Cream,2,18,1,0
2061,2024-01-19 18:03:22,Chicken Burger,3,55,1,0
2061,2024-01-19 18:03:22,Chicken Nuggets,2,30,1,0
2061,2024-01-19 18:03:22,Double Burger,3,65,1,0
2061,2024-01-19 18:03:22,Milkshake,2,28,1,0
2062,2024-01-19 19:04:42,Onion Rings,3,22,1,0
2062,2024-01-19 19:04:42,Fries,3,20,1,0
2062,2024-01-19 19:04:42,Double Burger,1,65,1,0
2063,2024-01-19 23:55:49,Soft Drink,2,15,1,0
2063,2024-01-19 23:55:49,Double Burger,2,65,1,0
2064,2024-01-19 17:06:48,Chicken Burger,1,55,1,0
2064,2024-01-19 17:06:48,Ice Cream,3,18,1,0
2065,2024-01-19 18:57:36,Ice Cream,1,18,1,0
2065,2024-01-19 18:57:36,Chicken Burger,2,55,1,0
2065,2024-01-19 18:57:36,Onion Rings,3,22,1,0
2065,2024-01-19 18:57:36,Fries,3,20,1,0
2066,2024-01-19 21:00:59,Double Burger,3,65,1,0
2066,2024-01-19 21:00:59,Chicken Nuggets,3,30,1,0
2066,2024-01-19 21:00:59,Chicken Burger,2,55,1,0
2067,2024-01-19 21:12:54,Chicken Burger,3,55,1,0
2067,2024-01-19 21:12:54,Fries,2,20,1,0
2067,2024-01-19 21:12:54,Onion Rings,2,22,1,0
2067,2024-01-19 21:12:54,Ice Cream,3,18,1,0
2068,2024-01-20 22:12:14,Milkshake,3,28,0,0
2068,2024-01-20 22:12:14,Cheese Burger,3,50,0,0
2068,2024-01-20 22:12:14,Fries,3,20,0,0
2068,2024-01-20 22:12:14,Ice Cream,2,18,0,0
2068,2024-01-20 22:12:14,Soft Drink,2,15,0,0
2069,2024-01-20 14:58:38,Chicken Nuggets,2,30,0,0
2070,2024-01-20 18:34:37,Chicken Burger,1,55,0,0
2071,2024-01-20 15:41:04,Onion Rings,3,22,0,0
2072,2024-01-20 17:57:35,Milkshake,1,28,0,0
2073,2024-01-20 18:32:31,Cheese Burger,2,50,0,0
2074,2024-01-20 18:59:57,Ice Cream,3,18,0,0
2074,2024-01-20 18:59:57,Fries,1,20,0,0
2074,2024-01-20 18:59:57,Double Burger,3,65,0,0
2074,2024-01-20 18:59:57,Onion Rings,1,22,0,0
2075,2024-01-20 19:29:02,Soft Drink,1,15,0,0
2075,2024-01-20 19:29:02,Chicken Nuggets,1,30,0,0
2076,2024-01-20 22:56:10,Chicken Nuggets,1,30,0,0
2076,2024-01-20 22:56:10,Soft Drink,1,15,0,0
2076,2024-01-20 22:56:10,Double Burger,2,65,0,0
2076,2024-01-20 22:56:10,Ice Cream,3,18,0,0
2076,2024-01-20 22:56:10,Classic Burger,3,45,0,0
2077,2024-01-20 19:03:22,Soft Drink,3,15,0,0
2077,2024-01-20 19:03:22,Cheese Burger,1,50,0,0
2077,2024-01-20 19:03:22,Milkshake,1,28,0,0
2078,2024-01-20 17:07:18,Classic Burger,3,45,0,0
2078,2024-01-20 17:07:18,Chicken Nuggets,3,30,0,0
2079,2024-01-20 20:29:28,Fries,1,20,0,0
2079,2024-01-20 20:29:28,Classic Burger,3,45,0,0
2079,2024-01-20 20:29:28,Onion Rings,1,22,0,0
2080,2024-01-20 21:20:51,Milkshake,2,28,0,0
2081,2024-01-20 14:06:28,Chicken Burger,3,55,0,0
2082,2024-01-20 19:27:09,Classic Burger,3,45,0,0
2082,2024-01-20 19:27:09,Chicken Nuggets,1,30,0,0
2083,2024-01-20 20:12:16,Soft Drink,2,15,0,0
2083,2024-01-20 20:12:16,Classic Burger,1,45,0,0
2083,2024-01-20 20:12:16,Chicken Nuggets,1,30,0,0
2084,2024-01-20 17:51:47,Classic Burger,2,45,0,0
2084,2024-01-20 17:51:47,Fries,3,20,0,0
2084,2024-01-20 17:51:47,Milkshake,3,28,0,0
2084,2024-01-20 17:51:47,Chicken Burger,1,55,0,0
2085,2024-01-20 22:11:47,Milkshake,3,28,0,0
2085,2024-01-20 22:11:47,Onion Rings,2,22,0,0
2085,2024-01-20 22:11:47,Classic Burger,2,45,0,0
2085,2024-01-20 22:11:47,Ice Cream,1,18,0,0
2086,2024-01-20 17:22:03,Chicken Burger,1,55,0,0
2087,2024-01-20 18:51:46,Onion Rings,3,22,0,0
2087,2024-01-20 18:51:46,Cheese Burger,1,50,0,0
2087,2024-01-20 18:51:46,Chicken Nuggets,1,30,0,0
2088,2024-01-20 17:15:42,Soft Drink,3,15,0,0
2088,2024-01-20 17:15:42,Onion Rings,2,22,0,0
2088,2024-01-20 17:15:42,Chicken Nuggets,2,30,0,0
2088,2024-01-20 17:15:42,Ice Cream,3,18,0,0
2089,2024-01-20 18:58:20,Cheese Burger,2,50,0,0
2089,2024-01-20 18:58:20,Milkshake,2,28,0,0
2089,2024-01-20 18:58:20,Chicken Nuggets,3,30,0,0
2090,2024-01-20 14:00:40,Double Burger,3,65,0,0
2090,2024-01-20 14:00:40,Soft Drink,2,15,0,0
2090,2024-01-20 14:00:40,Cheese Burger,3,50,0,0
2091,2024-01-20 13:08:53,Onion Rings,1,22,0,0
2091,2024-01-20 13:08:53,Chicken Burger,1,55,0,0
2091,2024-01-20 13:08:53,Milkshake,2,28,0,0
2092,2024-01-20 22:33:43,Milkshake,3,28,0,0
2092,2024-01-20 22:33:43,Onion Rings,2,22,0,0
2092,2024-01-20 22:33:43,Ice Cream,3,18,0,0
2092,2024-01-20 22:33:43,Soft Drink,3,15,0,0
2092,2024-01-20 22:33:43,Classic Burger,1,45,0,0
2093,2024-01-20 15:19:25,Soft Drink,2,15,0,0
2093,2024-01-20 15:19:25,Chicken Nuggets,1,30,0,0
2093,2024-01-20 15:19:25,Chicken Burger,2,55,0,0
2093,2024-01-20 15:19:25,Milkshake,1,28,0,0
2093,2024-01-20 15:19:25,Double Burger,1,65,0,0
2094,2024-01-20 15:33:01,Soft Drink,1,15,0,0
2094,2024-01-20 15:33:01,Ice Cream,3,18,0,0
2094,2024-01-20 15:33:01,Chicken Nuggets,3,30,0,0
2095,2024-01-20 11:38:52,Classic Burger,3,45,0,0
2095,2024-01-20 11:38:52,Chicken Nuggets,2,30,0,0
2095,2024-01-20 11:38:52,Ice Cream,3,18,0,0
2095,2024-01-20 11:38:52,Milkshake,1,28,0,0
2095,2024-01-20 11:38:52,Soft Drink,1,15,0,0
2096,2024-01-20 16:10:19,Ice Cream,1,18,0,0
2096,2024-01-20 16:10:19,Classic Burger,1,45,0,0
2096,2024-01-20 16:10:19,Chicken Nuggets,3,30,0,0
2096,2024-01-20 16:10:19,Cheese Burger,2,50,0,0
2096,2024-01-20 16:10:19,Onion Rings,2,22,0,0
2097,2024-01-20 14:50:07,Soft Drink,2,15,0,0
2097,2024-01-20 14:50:07,Fries,1,20,0,0
2097,2024-01-20 14:50:07,Onion Rings,3,22,0,0
2097,2024-01-20 14:50:07,Classic Burger,3,45,0,0
2097,2024-01-20 14:50:07,Chicken Burger,3,55,0,0
2098,2024-01-20 22:40:11,Fries,3,20,0,0
2099,2024-01-20 21:35:52,Soft Drink,2,15,0,0
2100,2024-01-20 15:40:03,Chicken Burger,2,55,0,0
2100,2024-01-20 15:40:03,Double Burger,2,65,0,0
2100,2024-01-20 15:40:03,Soft Drink,2,15,0,0
2100,2024-01-20 15:40:03,Ice Cream,1,18,0,0
2100,2024-01-20 15:40:03,Onion Rings,3,22,0,0
2101,2024-01-20 23:46:58,Classic Burger,2,45,0,0
2101,2024-01-20 23:46:58,Double Burger,3,65,0,0
2102,2024-01-20 20:14:30,Onion Rings,3,22,0,0
2102,2024-01-20 20:14:30,Soft Drink,3,15,0,0
2102,2024-01-20 20:14:30,Cheese Burger,3,50,0,0
2103,2024-01-20 17:54:54,Classic Burger,2,45,0,0
2103,2024-01-20 17:54:54,Ice Cream,3,18,0,0
2104,2024-01-20 10:22:20,Chicken Burger,1,55,0,0
2104,2024-01-20 10:22:20,Onion Rings,1,22,0,0
2105,2024-01-20 23:55:39,Classic Burger,2,45,0,0
2105,2024-01-20 23:55:39,Double Burger,1,65,0,0
2105,2024-01-20 23:55:39,Onion Rings,3,22,0,0
2105,2024-01-20 23:55:39,Chicken Nuggets,3,30,0,0
2105,2024-01-20 23:55:39,Cheese Burger,1,50,0,0
2106,2024-01-20 13:23:56,Milkshake,3,28,0,0
2106,2024-01-20 13:23:56,Double Burger,2,65,0,0
2106,2024-01-20 13:23:56,Onion Rings,1,22,0,0
2106,2024-01-20 13:23:56,Chicken Burger,2,55,0,0
2107,2024-01-20 13:26:28,Classic Burger,1,45,0,0
2107,2024-01-20 13:26:28,Ice Cream,2,18,0,0
2108,2024-01-20 21:57:40,Onion Rings,2,22,0,0
2108,2024-01-20 21:57:40,Milkshake,1,28,0,0
2109,2024-01-20 23:15:00,Cheese Burger,1,50,0,0
2110,2024-01-20 22:42:24,Onion Rings,3,22,0,0
2110,2024-01-20 22:42:24,Cheese Burger,3,50,0,0
2110,2024-01-20 22:42:24,Double Burger,1,65,0,0
2110,2024-01-20 22:42:24,Soft Drink,1,15,0,0
2110,2024-01-20 22:42:24,Ice Cream,3,18,0,0
2111,2024-01-20 19:26:28,Ice Cream,2,18,0,0
2111,2024-01-20 19:26:28,Double Burger,2,65,0,0
2111,2024-01-20 19:26:28,Classic Burger,2,45,0,0
2111,2024-01-20 19:26:28,Chicken Burger,2,55,0,0
2111,2024-01-20 19:26:28,Onion Rings,2,22,0,0
2112,2024-01-20 19:49:59,Milkshake,2,28,0,0
2112,2024-01-20 19:49:59,Classic Burger,1,45,0,0
2112,2024-01-20 19:49:59,Onion Rings,1,22,0,0
2112,2024-01-20 19:49:59,Fries,2,20,0,0
2112,2024-01-20 19:49:59,Cheese Burger,3,50,0,0
2113,2024-01-20 20:36:01,Cheese Burger,3,50,0,0
2113,2024-01-20 20:36:01,Chicken Nuggets,2,30,0,0
2113,2024-01-20 20:36:01,Classic Burger,2,45,0,0
2113,2024-01-20 20:36:01,Onion Rings,2,22,0,0
2113,2024-01-20 20:36:01,Ice Cream,2,18,0,0
2114,2024-01-20 20:51:57,Cheese Burger,2,50,0,0
2114,2024-01-20 20:51:57,Fries,3,20,0,0
2114,2024-01-20 20:51:57,Milkshake,1,28,0,0
2114,2024-01-20 20:51:57,Classic Burger,3,45,0,0
2115,2024-01-20 18:21:56,Onion Rings,1,22,0,0
2115,2024-01-20 18:21:56,Chicken Burger,3,55,0,0
2116,2024-01-20 18:31:12,Chicken Nuggets,1,30,0,0
2116,2024-01-20 18:31:12,Double Burger,2,65,0,0
2116,2024-01-20 18:31:12,Fries,1,20,0,0
2116,2024-01-20 18:31:12,Onion Rings,2,22,0,0
2116,2024-01-20 18:31:12,Soft Drink,1,15,0,0
2117,2024-01-20 17:00:24,Ice Cream,2,18,0,0
2117,2024-01-20 17:00:24,Classic Burger,1,45,0,0
2117,2024-01-20 17:00:24,Soft Drink,2,15,0,0
2118,2024-01-20 15:49:42,Chicken Burger,1,55,0,0
2118,2024-01-20 15:49:42,Double Burger,1,65,0,0
2118,2024-01-20 15:49:42,Classic Burger,1,45,0,0
2119,2024-01-20 17:12:41,Chicken Nuggets,1,30,0,0
2120,2024-01-20 12:51:13,Chicken Burger,3,55,0,0
2120,2024-01-20 12:51:13,Chicken Nuggets,1,30,0,0
2120,2024-01-20 12:51:13,Classic Burger,3,45,0,0
2121,2024-01-20 17:07:26,Fries,2,20,0,0
2122,2024-01-20 15:05:08,Fries,1,20,0,0
2122,2024-01-20 15:05:08,Chicken Nuggets,1,30,0,0
2122,2024-01-20 15:05:08,Chicken Burger,1,55,0,0
2122,2024-01-20 15:05:08,Double Burger,3,65,0,0
2123,2024-01-20 14:16:44,Onion Rings,1,22,0,0
2123,2024-01-20 14:16:44,Chicken Nuggets,1,30,0,0
2123,2024-01-20 14:16:44,Classic Burger,2,45,0,0
2124,2024-01-20 18:55:20,Classic Burger,2,45,0,0
2125,2024-01-20 22:58:17,Soft Drink,1,15,0,0
2125,2024-01-20 22:58:17,Chicken Burger,3,55,0,0
2125,2024-01-20 22:58:17,Chicken Nuggets,3,30,0,0
2125,2024-01-20 22:58:17,Classic Burger,2,45,0,0
2126,2024-01-20 20:13:54,Cheese Burger,1,50,0,0
2126,2024-01-20 20:13:54,Chicken Nuggets,2,30,0,0
2126,2024-01-20 20:13:54,Fries,3,20,0,0
2127,2024-01-20 13:17:07,Onion Rings,2,22,0,0
2127,2024-01-20 13:17:07,Chicken Burger,2,55,0,0
2128,2024-01-20 15:58:45,Double Burger,2,65,0,0
2128,2024-01-20 15:58:45,Classic Burger,2,45,0,0
2128,2024-01-20 15:58:45,Soft Drink,3,15,0,0
2128,2024-01-20 15:58:45,Fries,1,20,0,0
2129,2024-01-20 20:34:36,Classic Burger,3,45,0,0
2129,2024-01-20 20:34:36,Cheese Burger,1,50,0,0
2129,2024-01-20 20:34:36,Soft Drink,2,15,0,0
2130,2024-01-20 15:33:59,Soft Drink,2,15,0,0
2130,2024-01-20 15:33:59,Double Burger,3,65,0,0
2130,2024-01-20 15:33:59,Classic Burger,1,45,0,0
2130,2024-01-20 15:33:59,Chicken Nuggets,3,30,0,0
2131,2024-01-20 17:29:50,Chicken Burger,1,55,0,0
2131,2024-01-20 17:29:50,Classic Burger,3,45,0,0
2131,2024-01-20 17:29:50,Milkshake,2,28,0,0
2131,2024-01-20 17:29:50,Double Burger,2,65,0,0
2132,2024-01-20 19:16:40,Milkshake,2,28,0,0
2132,2024-01-20 19:16:40,Soft Drink,1,15,0,0
2132,2024-01-20 19:16:40,Fries,3,20,0,0
2132,2024-01-20 19:16:40,Chicken Nuggets,1,30,0,0
2132,2024-01-20 19:16:40,Ice Cream,3,18,0,0
2133,2024-01-20 15:16:23,Soft Drink,1,15,0,0
2133,2024-01-20 15:16:23,Cheese Burger,2,50,0,0
2133,2024-01-20 15:16:23,Fries,1,20,0,0
2133,2024-01-20 15:16:23,Chicken Nuggets,1,30,0,0
2134,2024-01-20 18:34:06,Fries,2,20,0,0
2134,2024-01-20 18:34:06,Chicken Burger,2,55,0,0
2135,2024-01-20 13:08:46,Soft Drink,3,15,0,0
2135,2024-01-20 13:08:46,Double Burger,3,65,0,0
2136,2024-01-20 16:06:03,Milkshake,2,28,0,0
2136,2024-01-20 16:06:03,Fries,3,20,0,0
2137,2024-01-20 18:12:42,Chicken Nuggets,2,30,0,0
2137,2024-01-20 18:12:42,Double Burger,3,65,0,0
2137,2024-01-20 18:12:42,Cheese Burger,1,50,0,0
2138,2024-01-20 13:34:59,Onion Rings,1,22,0,0
2138,2024-01-20 13:34:59,Chicken Burger,1,55,0,0
2138,2024-01-20 13:34:59,Double Burger,1,65,0,0
2139,2024-01-20 19:19:20,Cheese Burger,1,50,0,0
2139,2024-01-20 19:19:20,Classic Burger,2,45,0,0
2140,2024-01-20 17:02:25,Cheese Burger,1,50,0,0
2140,2024-01-20 17:02:25,Onion Rings,3,22,0,0
2140,2024-01-20 17:02:25,Chicken Burger,3,55,0,0
2140,2024-01-20 17:02:25,Milkshake,1,28,0,0
2140,2024-01-20 17:02:25,Double Burger,2,65,0,0
2141,2024-01-20 19:23:45,Ice Cream,3,18,0,0
2141,2024-01-20 19:23:45,Soft Drink,3,15,0,0
2141,2024-01-20 19:23:45,Chicken Burger,3,55,0,0
2142,2024-01-20 18:50:48,Soft Drink,1,15,0,0
2142,2024-01-20 18:50:48,Onion Rings,3,22,0,0
2142,2024-01-20 18:50:48,Cheese Burger,1,50,0,0
2142,2024-01-20 18:50:48,Chicken Burger,3,55,0,0
2143,2024-01-20 22:33:44,Ice Cream,3,18,0,0
2143,2024-01-20 22:33:44,Milkshake,1,28,0,0
2143,2024-01-20 22:33:44,Fries,1,20,0,0
2144,2024-01-20 18:25:33,Chicken Burger,1,55,0,0
2145,2024-01-20 16:12:48,Ice Cream,2,18,0,0
2146,2024-01-21 18:48:07,Ice Cream,3,18,1,0
2146,2024-01-21 18:48:07,Classic Burger,2,45,1,0
2146,2024-01-21 18:48:07,Milkshake,1,28,1,0
2146,2024-01-21 18:48:07,Chicken Burger,2,55,1,0
2146,2024-01-21 18:48:07,Double Burger,2,65,1,0
2147,2024-01-21 15:35:42,Chicken Burger,1,55,1,0
2147,2024-01-21 15:35:42,Cheese Burger,3,50,1,0
2147,2024-01-21 15:35:42,Ice Cream,2,18,1,0
2147,2024-01-21 15:35:42,Fries,2,20,1,0
2147,2024-01-21 15:35:42,Double Burger,1,65,1,0
2148,2024-01-21 16:36:32,Milkshake,1,28,1,0
2149,2024-01-21 13:37:01,Soft Drink,1,15,1,0
2149,2024-01-21 13:37:01,Chicken Burger,1,55,1,0
2149,2024-01-21 13:37:01,Milkshake,1,28,1,0
2149,2024-01-21 13:37:01,Cheese Burger,2,50,1,0
2149,2024-01-21 13:37:01,Fries,2,20,1,0
2150,2024-01-21 23:56:28,Milkshake,1,28,1,0
2150,2024-01-21 23:56:28,Soft Drink,2,15,1,0
2151,2024-01-21 14:53:41,Double Burger,1,65,1,0
2151,2024-01-21 14:53:41,Onion Rings,1,22,1,0
2151,2024-01-21 14:53:41,Soft Drink,1,15,1,0
2151,2024-01-21 14:53:41,Ice Cream,2,18,1,0
2151,2024-01-21 14:53:41,Classic Burger,3,45,1,0
2152,2024-01-21 15:10:38,Ice Cream,1,18,1,0
2152,2024-01-21 15:10:38,Soft Drink,3,15,1,0
2152,2024-01-21 15:10:38,Chicken Nuggets,2,30,1,0
2152,2024-01-21 15:10:38,Classic Burger,1,45,1,0
2152,2024-01-21 15:10:38,Fries,3,20,1,0
2153,2024-01-21 15:31:16,Onion Rings,3,22,1,0
2154,2024-01-21 20:38:29,Chicken Burger,1,55,1,0
2154,2024-01-21 20:38:29,Onion Rings,2,22,1,0
2154,2024-01-21 20:38:29,Soft Drink,3,15,1,0
2154,2024-01-21 20:38:29,Ice Cream,3,18,1,0
2155,2024-01-21 17:20:09,Soft Drink,2,15,1,0
2156,2024-01-21 21:27:42,Chicken Nuggets,1,30,1,0
2157,2024-01-21 15:39:52,Chicken Burger,3,55,1,0
2157,2024-01-21 15:39:52,Onion Rings,3,22,1,0
2157,2024-01-21 15:39:52,Chicken Nuggets,1,30,1,0
2158,2024-01-21 18:13:23,Ice Cream,1,18,1,0
2158,2024-01-21 18:13:23,Onion Rings,3,22,1,0
2158,2024-01-21 18:13:23,Double Burger,2,65,1,0
2158,2024-01-21 18:13:23,Soft Drink,1,15,1,0
2159,2024-01-21 15:42:30,Cheese Burger,3,50,1,0
2159,2024-01-21 15:42:30,Classic Burger,2,45,1,0
2159,2024-01-21 15:42:30,Fries,1,20,1,0
2159,2024-01-21 15:42:30,Soft Drink,1,15,1,0
2159,2024-01-21 15:42:30,Ice Cream,2,18,1,0
2160,2024-01-21 23:36:03,Onion Rings,1,22,1,0
2161,2024-01-21 14:55:24,Double Burger,1,65,1,0
2161,2024-01-21 14:55:24,Ice Cream,3,18,1,0
2161,2024-01-21 14:55:24,Classic Burger,2,45,1,0
2162,2024-01-21 18:12:08,Ice Cream,3,18,1,0
2162,2024-01-21 18:12:08,Chicken Nuggets,3,30,1,0
2163,2024-01-21 19:51:44,Chicken Nuggets,3,30,1,0
2163,2024-01-21 19:51:44,Double Burger,1,65,1,0
2163,2024-01-21 19:51:44,Soft Drink,1,15,1,0
2164,2024-01-21 19:19:14,Chicken Nuggets,2,30,1,0
2164,2024-01-21 19:19:14,Onion Rings,3,22,1,0
2165,2024-01-21 17:40:02,Milkshake,1,28,1,0
2166,2024-01-21 17:51:16,Cheese Burger,2,50,1,0
2167,2024-01-21 18:27:06,Double Burger,1,65,1,0
2167,2024-01-21 18:27:06,Classic Burger,2,45,1,0
2168,2024-01-21 17:50:49,Double Burger,2,65,1,0
2168,2024-01-21 17:50:49,Milkshake,3,28,1,0
2169,2024-01-21 20:41:32,Fries,1,20,1,0
2169,2024-01-21 20:41:32,Chicken Burger,1,55,1,0
2170,2024-01-21 23:57:18,Classic Burger,2,45,1,0
2170,2024-01-21 23:57:18,Chicken Burger,1,55,1,0
2170,2024-01-21 23:57:18,Ice Cream,3,18,1,0
2170,2024-01-21 23:57:18,Chicken Nuggets,3,30,1,0
2171,2024-01-21 16:55:04,Cheese Burger,1,50,1,0
2171,2024-01-21 16:55:04,Ice Cream,3,18,1,0
2171,2024-01-21 16:55:04,Soft Drink,2,15,1,0
2172,2024-01-21 13:56:08,Cheese Burger,3,50,1,0
2172,2024-01-21 13:56:08,Double Burger,2,65,1,0
2172,2024-01-21 13:56:08,Chicken Burger,3,55,1,0
2172,2024-01-21 13:56:08,Fries,1,20,1,0
2173,2024-01-21 17:33:11,Classic Burger,1,45,1,0
2173,2024-01-21 17:33:11,Chicken Nuggets,3,30,1,0
2173,2024-01-21 17:33:11,Chicken Burger,1,55,1,0
2173,2024-01-21 17:33:11,Fries,2,20,1,0
2174,2024-01-21 23:49:10,Classic Burger,3,45,1,0
2174,2024-01-21 23:49:10,Soft Drink,2,15,1,0
2174,2024-01-21 23:49:10,Chicken Burger,3,55,1,0
2175,2024-01-21 15:51:23,Fries,3,20,1,0
2175,2024-01-21 15:51:23,Soft Drink,3,15,1,0
2176,2024-01-21 22:11:09,Double Burger,1,65,1,0
2176,2024-01-21 22:11:09,Milkshake,1,28,1,0
2176,2024-01-21 22:11:09,Onion Rings,2,22,1,0
2176,2024-01-21 22:11:09,Chicken Nuggets,1,30,1,0
2177,2024-01-21 23:16:55,Chicken Nuggets,3,30,1,0
2177,2024-01-21 23:16:55,Classic Burger,1,45,1,0
2177,2024-01-21 23:16:55,Ice Cream,1,18,1,0
2178,2024-01-21 16:43:16,Classic Burger,3,45,1,0
2178,2024-01-21 16:43:16,Double Burger,2,65,1,0
2178,2024-01-21 16:43:16,Chicken Burger,1,55,1,0
2179,2024-01-21 19:13:44,Double Burger,3,65,1,0
2180,2024-01-21 22:01:01,Onion Rings,3,22,1,0
2180,2024-01-21 22:01:01,Ice Cream,3,18,1,0
2180,2024-01-21 22:01:01,Classic Burger,2,45,1,0
2181,2024-01-21 16:19:50,Milkshake,2,28,1,0
2181,2024-01-21 16:19:50,Fries,3,20,1,0
2181,2024-01-21 16:19:50,Classic Burger,2,45,1,0
2182,2024-01-21 17:29:36,Soft Drink,2,15,1,0
2182,2024-01-21 17:29:36,Onion Rings,3,22,1,0
2182,2024-01-21 17:29:36,Milkshake,2,28,1,0
2182,2024-01-21 17:29:36,Chicken Nuggets,3,30,1,0
2182,2024-01-21 17:29:36,Cheese Burger,1,50,1,0
2183,2024-01-21 16:06:31,Ice Cream,2,18,1,0
2183,2024-01-21 16:06:31,Double Burger,1,65,1,0
2183,2024-01-21 16:06:31,Classic Burger,3,45,1,0
2183,2024-01-21 16:06:31,Onion Rings,1,22,1,0
2184,2024-01-21 14:15:27,Cheese Burger,3,50,1,0
2184,2024-01-21 14:15:27,Classic Burger,3,45,1,0
2184,2024-01-21 14:15:27,Double Burger,1,65,1,0
2185,2024-01-21 16:18:34,Chicken Nuggets,1,30,1,0
2185,2024-01-21 16:18:34,Cheese Burger,1,50,1,0
2186,2024-01-21 14:22:20,Cheese Burger,3,50,1,0
2186,2024-01-21 14:22:20,Chicken Burger,1,55,1,0
2187,2024-01-21 18:40:15,Chicken Burger,1,55,1,0
2188,2024-01-21 15:46:04,Cheese Burger,3,50,1,0
2188,2024-01-21 15:46:04,Milkshake,1,28,1,0
2189,2024-01-21 18:12:25,Soft Drink,1,15,1,0
2189,2024-01-21 18:12:25,Milkshake,1,28,1,0
2189,2024-01-21 18:12:25,Chicken Burger,1,55,1,0
2190,2024-01-21 13:56:54,Classic Burger,2,45,1,0
2191,2024-01-21 18:10:44,Chicken Burger,2,55,1,0
2191,2024-01-21 18:10:44,Soft Drink,1,15,1,0
2191,2024-01-21 18:10:44,Milkshake,2,28,1,0
2191,2024-01-21 18:10:44,Cheese Burger,1,50,1,0
2192,2024-01-21 20:51:29,Cheese Burger,1,50,1,0
2192,2024-01-21 20:51:29,Fries,3,20,1,0
2193,2024-01-21 12:44:06,Classic Burger,2,45,1,0
2193,2024-01-21 12:44:06,Double Burger,2,65,1,0
2193,2024-01-21 12:44:06,Fries,2,20,1,0
2193,2024-01-21 12:44:06,Ice Cream,1,18,1,0
2193,2024-01-21 12:44:06,Milkshake,1,28,1,0
2194,2024-01-21 19:22:49,Ice Cream,1,18,1,0
2194,2024-01-21 19:22:49,Cheese Burger,1,50,1,0
2194,2024-01-21 19:22:49,Double Burger,3,65,1,0
2195,2024-01-21 21:26:10,Soft Drink,3,15,1,0
2195,2024-01-21 21:26:10,Onion Rings,1,22,1,0
2195,2024-01-21 21:26:10,Cheese Burger,2,50,1,0
2196,2024-01-21 14:22:17,Fries,2,20,1,0
2196,2024-01-21 14:22:17,Milkshake,3,28,1,0
2196,2024-01-21 14:22:17,Cheese Burger,2,50,1,0
2197,2024-01-21 23:31:39,Chicken Nuggets,2,30,1,0
2197,2024-01-21 23:31:39,Onion Rings,2,22,1,0
2197,2024-01-21 23:31:39,Fries,3,20,1,0
2198,2024-01-21 19:01:03,Chicken Nuggets,3,30,1,0
2198,2024-01-21 19:01:03,Classic Burger,1,45,1,0
2199,2024-01-21 15:10:23,Onion Rings,2,22,1,0
2199,2024-01-21 15:10:23,Classic Burger,1,45,1,0
2200,2024-01-21 17:36:44,Chicken Burger,2,55,1,0
2200,2024-01-21 17:36:44,Ice Cream,3,18,1,0
2200,2024-01-21 17:36:44,Double Burger,2,65,1,0
2201,2024-01-21 19:21:48,Onion Rings,3,22,1,0
2201,2024-01-21 19:21:48,Cheese Burger,2,50,1,0
2201,2024-01-21 19:21:48,Soft Drink,1,15,1,0
2201,2024-01-21 19:21:48,Milkshake,1,28,1,0
2201,2024-01-21 19:21:48,Chicken Burger,1,55,1,0
2202,2024-01-21 18:52:33,Chicken Nuggets,2,30,1,0
2202,2024-01-21 18:52:33,Cheese Burger,3,50,1,0
2202,2024-01-21 18:52:33,Classic Burger,3,45,1,0
2202,2024-01-21 18:52:33,Milkshake,2,28,1,0
2202,2024-01-21 18:52:33,Ice Cream,3,18,1,0
2203,2024-01-21 19:53:58,Milkshake,1,28,1,0
2204,2024-01-21 15:50:29,Chicken Burger,1,55,1,0
2204,2024-01-21 15:50:29,Cheese Burger,3,50,1,0
2204,2024-01-21 15:50:29,Soft Drink,3,15,1,0
2204,2024-01-21 15:50:29,Classic Burger,1,45,1,0
2204,2024-01-21 15:50:29,Onion Rings,2,22,1,0
2205,2024-01-21 18:04:24,Chicken Nuggets,1,30,1,0
2205,2024-01-21 18:04:24,Chicken Burger,1,55,1,0
2205,2024-01-21 18:04:24,Cheese Burger,3,50,1,0
2205,2024-01-21 18:04:24,Ice Cream,3,18,1,0
2206,2024-01-21 13:56:15,Onion Rings,1,22,1,0
2206,2024-01-21 13:56:15,Milkshake,2,28,1,0
2206,2024-01-21 13:56:15,Fries,1,20,1,0
2207,2024-01-21 17:32:34,Fries,1,20,1,0
2207,2024-01-21 17:32:34,Cheese Burger,2,50,1,0
2207,2024-01-21 17:32:34,Ice Cream,1,18,1,0
2208,2024-01-21 15:30:02,Double Burger,1,65,1,0
2208,2024-01-21 15:30:02,Ice Cream,2,18,1,0
2208,2024-01-21 15:30:02,Fries,2,20,1,0
2208,2024-01-21 15:30:02,Soft Drink,3,15,1,0
2209,2024-01-21 15:55:42,Classic Burger,3,45,1,0
2210,2024-01-21 21:30:46,Onion Rings,2,22,1,0
2211,2024-01-21 21:04:31,Cheese Burger,2,50,1,0
2211,2024-01-21 21:04:31,Milkshake,3,28,1,0
2211,2024-01-21 21:04:31,Chicken Burger,2,55,1,0
2211,2024-01-21 21:04:31,Ice Cream,2,18,1,0
2211,2024-01-21 21:04:31,Chicken Nuggets,3,30,1,0
2212,2024-01-21 19:26:11,Chicken Nuggets,2,30,1,0
2212,2024-01-21 19:26:11,Soft Drink,3,15,1,0
2212,2024-01-21 19:26:11,Chicken Burger,1,55,1,0
2212,2024-01-21 19:26:11,Ice Cream,3,18,1,0
2212,2024-01-21 19:26:11,Onion Rings,2,22,1,0
2213,2024-01-21 14:15:25,Ice Cream,2,18,1,0
2213,2024-01-21 14:15:25,Chicken Nuggets,2,30,1,0
2214,2024-01-21 17:32:04,Cheese Burger,3,50,1,0
2214,2024-01-21 17:32:04,Fries,3,20,1,0
2214,2024-01-21 17:32:04,Chicken Nuggets,2,30,1,0
2215,2024-01-21 21:14:11,Ice Cream,3,18,1,0
2215,2024-01-21 21:14:11,Milkshake,1,28,1,0
2215,2024-01-21 21:14:11,Cheese Burger,2,50,1,0
2215,2024-01-21 21:14:11,Classic Burger,1,45,1,0
2216,2024-01-21 18:52:25,Cheese Burger,1,50,1,0
2216,2024-01-21 18:52:25,Soft Drink,2,15,1,0
2216,2024-01-21 18:52:25,Classic Burger,3,45,1,0
2217,2024-01-21 23:43:56,Cheese Burger,3,50,1,0
2217,2024-01-21 23:43:56,Soft Drink,1,15,1,0
2217,2024-01-21 23:43:56,Classic Burger,1,45,1,0
2217,2024-01-21 23:43:56,Double Burger,3,65,1,0
2217,2024-01-21 23:43:56,Milkshake,2,28,1,0
2218,2024-01-21 19:21:49,Double Burger,3,65,1,0
2218,2024-01-21 19:21:49,Chicken Nuggets,1,30,1,0
2218,2024-01-21 19:21:49,Chicken Burger,3,55,1,0
2218,2024-01-21 19:21:49,Ice Cream,2,18,1,0
2218,2024-01-21 19:21:49,Cheese Burger,2,50,1,0
2219,2024-01-21 18:49:19,Fries,3,20,1,0
2219,2024-01-21 18:49:19,Soft Drink,1,15,1,0
2219,2024-01-21 18:49:19,Cheese Burger,3,50,1,0
2220,2024-01-21 17:25:20,Onion Rings,2,22,1,0
2220,2024-01-21 17:25:20,Classic Burger,3,45,1,0
2220,2024-01-21 17:25:20,Cheese Burger,1,50,1,0
2221,2024-01-21 18:58:18,Classic Burger,2,45,1,0
2221,2024-01-21 18:58:18,Fries,2,20,1,0
2221,2024-01-21 18:58:18,Double Burger,2,65,1,0
2221,2024-01-21 18:58:18,Cheese Burger,3,50,1,0
2221,2024-01-21 18:58:18,Chicken Burger,2,55,1,0
2222,2024-01-21 17:27:40,Milkshake,2,28,1,0
2223,2024-01-21 20:33:49,Onion Rings,3,22,1,0
2223,2024-01-21 20:33:49,Chicken Burger,3,55,1,0
2223,2024-01-21 20:33:49,Double Burger,2,65,1,0
2224,2024-01-21 20:15:03,Classic Burger,1,45,1,0
2225,2024-01-21 15:23:49,Classic Burger,3,45,1,0
2225,2024-01-21 15:23:49,Soft Drink,1,15,1,0
2226,2024-01-22 12:46:19,Soft Drink,1,15,0,1
2226,2024-01-22 12:46:19,Cheese Burger,3,50,0,1
2226,2024-01-22 12:46:19,Ice Cream,3,18,0,1
2226,2024-01-22 12:46:19,Chicken Burger,2,55,0,1
2227,2024-01-22 19:52:15,Onion Rings,3,22,0,1
2227,2024-01-22 19:52:15,Soft Drink,2,15,0,1
2227,2024-01-22 19:52:15,Ice Cream,3,18,0,1
2227,2024-01-22 19:52:15,Fries,1,20,0,1
2227,2024-01-22 19:52:15,Double Burger,1,65,0,1
2228,2024-01-22 14:45:13,Chicken Burger,1,55,0,1
2229,2024-01-22 11:04:05,Ice Cream,2,18,0,1
2229,2024-01-22 11:04:05,Milkshake,1,28,0,1
2229,2024-01-22 11:04:05,Fries,2,20,0,1
2229,2024-01-22 11:04:05,Chicken Burger,3,55,0,1
2230,2024-01-22 19:53:32,Ice Cream,3,18,0,1
2231,2024-01-22 23:26:21,Double Burger,3,65,0,1
2231,2024-01-22 23:26:21,Ice Cream,1,18,0,1
2231,2024-01-22 23:26:21,Classic Burger,2,45,0,1
2232,2024-01-22 17:37:42,Milkshake,1,28,0,1
2232,2024-01-22 17:37:42,Fries,3,20,0,1
2232,2024-01-22 17:37:42,Chicken Burger,1,55,0,1
2232,2024-01-22 17:37:42,Classic Burger,2,45,0,1
2233,2024-01-22 20:23:15,Chicken Nuggets,1,30,0,1
2234,2024-01-22 18:38:54,Cheese Burger,1,50,0,1
2234,2024-01-22 18:38:54,Ice Cream,1,18,0,1
2235,2024-01-22 17:48:14,Chicken Nuggets,2,30,0,1
2235,2024-01-22 17:48:14,Soft Drink,2,15,0,1
2235,2024-01-22 17:48:14,Ice Cream,1,18,0,1
2235,2024-01-22 17:48:14,Chicken Burger,2,55,0,1
2236,2024-01-22 20:03:38,Soft Drink,3,15,0,1
2237,2024-01-22 17:37:34,Milkshake,1,28,0,1
2238,2024-01-22 18:10:31,Onion Rings,2,22,0,1
2238,2024-01-22 18:10:31,Chicken Burger,1,55,0,1
2238,2024-01-22 18:10:31,Double Burger,2,65,0,1
2239,2024-01-22 18:18:12,Chicken Nuggets,1,30,0,1
2239,2024-01-22 18:18:12,Milkshake,2,28,0,1
2240,2024-01-22 15:56:40,Chicken Nuggets,3,30,0,1
2240,2024-01-22 15:56:40,Classic Burger,1,45,0,1
2240,2024-01-22 15:56:40,Cheese Burger,2,50,0,1
2240,2024-01-22 15:56:40,Soft Drink,3,15,0,1
2240,2024-01-22 15:56:40,Ice Cream,2,18,0,1
2241,2024-01-22 20:20:26,Cheese Burger,1,50,0,1
2242,2024-01-22 17:45:25,Cheese Burger,3,50,0,1
2243,2024-01-22 15:31:48,Soft Drink,3,15,0,1
2243,2024-01-22 15:31:48,Cheese Burger,1,50,0,1
2243,2024-01-22 15:31:48,Onion Rings,2,22,0,1
2244,2024-01-22 19:40:21,Milkshake,3,28,0,1
2244,2024-01-22 19:40:21,Classic Burger,3,45,0,1
2245,2024-01-22 15:00:20,Chicken Nuggets,1,30,0,1
2246,2024-01-22 18:15:49,Chicken Nuggets,3,30,0,1
2246,2024-01-22 18:15:49,Ice Cream,2,18,0,1
2246,2024-01-22 18:15:49,Chicken Burger,2,55,0,1
2247,2024-01-22 17:10:59,Double Burger,1,65,0,1
2247,2024-01-22 17:10:59,Soft Drink,3,15,0,1
2247,2024-01-22 17:10:59,Chicken Burger,3,55,0,1
2248,2024-01-22 21:36:13,Ice Cream,1,18,0,1
2248,2024-01-22 21:36:13,Chicken Burger,1,55,0,1
2248,2024-01-22 21:36:13,Fries,1,20,0,1
2248,2024-01-22 21:36:13,Soft Drink,1,15,0,1
2249,2024-01-22 19:02:32,Chicken Burger,2,55,0,1
2249,2024-01-22 19:02:32,Chicken Nuggets,1,30,0,1
2250,2024-01-22 17:32:53,Ice Cream,1,18,0,1
2250,2024-01-22 17:32:53,Fries,3,20,0,1
2250,2024-01-22 17:32:53,Classic Burger,1,45,0,1
2250,2024-01-22 17:32:53,Chicken Burger,2,55,0,1
2250,2024-01-22 17:32:53,Onion Rings,2,22,0,1
2251,2024-01-22 20:32:57,Onion Rings,3,22,0,1
2251,2024-01-22 20:32:57,Double Burger,3,65,0,1
2252,2024-01-22 22:15:57,Classic Burger,2,45,0,1
2252,2024-01-22 22:15:57,Ice Cream,2,18,0,1
2253,2024-01-22 19:18:42,Chicken Nuggets,3,30,0,1
2254,2024-01-22 18:29:29,Fries,1,20,0,1
2255,2024-01-22 14:20:47,Ice Cream,3,18,0,1
2255,2024-01-22 14:20:47,Double Burger,1,65,0,1
2256,2024-01-22 14:13:51,Ice Cream,1,18,0,1
2256,2024-01-22 14:13:51,Double Burger,3,65,0,1
2256,2024-01-22 14:13:51,Classic Burger,1,45,0,1
2257,2024-01-22 17:14:18,Chicken Nuggets,1,30,0,1
2257,2024-01-22 17:14:18,Double Burger,2,65,0,1
2257,2024-01-22 17:14:18,Onion Rings,2,22,0,1
2257,2024-01-22 17:14:18,Classic Burger,1,45,0,1
2257,2024-01-22 17:14:18,Fries,1,20,0,1
2258,2024-01-22 16:48:00,Onion Rings,3,22,0,1
2258,2024-01-22 16:48:00,Chicken Nuggets,2,30,0,1
2258,2024-01-22 16:48:00,Chicken Burger,2,55,0,1
2258,2024-01-22 16:48:00,Classic Burger,1,45,0,1
2259,2024-01-22 17:19:49,Fries,1,20,0,1
2259,2024-01-22 17:19:49,Milkshake,3,28,0,1
2259,2024-01-22 17:19:49,Chicken Nuggets,2,30,0,1
2260,2024-01-22 18:58:11,Double Burger,1,65,0,1
2260,2024-01-22 18:58:11,Onion Rings,1,22,0,1
2260,2024-01-22 18:58:11,Ice Cream,1,18,0,1
2261,2024-01-22 19:07:39,Cheese Burger,3,50,0,1
2261,2024-01-22 19:07:39,Double Burger,2,65,0,1
2262,2024-01-22 17:11:09,Fries,2,20,0,1
2262,2024-01-22 17:11:09,Chicken Nuggets,2,30,0,1
2262,2024-01-22 17:11:09,Onion Rings,2,22,0,1
2262,2024-01-22 17:11:09,Double Burger,2,65,0,1
2262,2024-01-22 17:11:09,Classic Burger,1,45,0,1
2263,2024-01-22 19:37:47,Onion Rings,2,22,0,1
2263,2024-01-22 19:37:47,Classic Burger,3,45,0,1
2263,2024-01-22 19:37:47,Cheese Burger,3,50,0,1
2263,2024-01-22 19:37:47,Milkshake,2,28,0,1
2264,2024-01-22 18:24:27,Milkshake,1,28,0,1
2264,2024-01-22 18:24:27,Cheese Burger,1,50,0,1
2264,2024-01-22 18:24:27,Onion Rings,2,22,0,1
2264,2024-01-22 18:24:27,Fries,2,20,0,1
2264,2024-01-22 18:24:27,Soft Drink,1,15,0,1
2265,2024-01-22 12:01:22,Double Burger,3,65,0,1
2265,2024-01-22 12:01:22,Cheese Burger,3,50,0,1
2265,2024-01-22 12:01:22,Soft Drink,2,15,0,1
2265,2024-01-22 12:01:22,Ice Cream,2,18,0,1
2265,2024-01-22 12:01:22,Classic Burger,2,45,0,1
2266,2024-01-22 15:15:35,Ice Cream,1,18,0,1
2267,2024-01-22 17:15:40,Fries,2,20,0,1
2267,2024-01-22 17:15:40,Classic Burger,1,45,0,1
2267,2024-01-22 17:15:40,Ice Cream,3,18,0,1
2267,2024-01-22 17:15:40,Cheese Burger,2,50,0,1
2267,2024-01-22 17:15:40,Onion Rings,3,22,0,1
2268,2024-01-22 14:26:44,Classic Burger,3,45,0,1
2268,2024-01-22 14:26:44,Onion Rings,2,22,0,1
2268,2024-01-22 14:26:44,Chicken Nuggets,2,30,0,1
2268,2024-01-22 14:26:44,Fries,2,20,0,1
2268,2024-01-22 14:26:44,Chicken Burger,3,55,0,1
2269,2024-01-22 19:21:17,Classic Burger,2,45,0,1
2269,2024-01-22 19:21:17,Chicken Burger,3,55,0,1
2269,2024-01-22 19:21:17,Soft Drink,3,15,0,1
2269,2024-01-22 19:21:17,Ice Cream,2,18,0,1
2270,2024-01-22 22:29:12,Fries,2,20,0,1
2270,2024-01-22 22:29:12,Soft Drink,3,15,0,1
2270,2024-01-22 22:29:12,Double Burger,1,65,0,1
2270,2024-01-22 22:29:12,Onion Rings,2,22,0,1
2270,2024-01-22 22:29:12,Ice Cream,2,18,0,1
2271,2024-01-22 21:35:34,Cheese Burger,2,50,0,1
2271,2024-01-22 21:35:34,Onion Rings,1,22,0,1
2271,2024-01-22 21:35:34,Double Burger,1,65,0,1
2271,2024-01-22 21:35:34,Milkshake,2,28,0,1
2271,2024-01-22 21:35:34,Chicken Burger,3,55,0,1
2272,2024-01-22 17:20:39,Cheese Burger,1,50,0,1
2272,2024-01-22 17:20:39,Chicken Nuggets,3,30,0,1
2272,2024-01-22 17:20:39,Double Burger,3,65,0,1
2273,2024-01-22 22:48:33,Soft Drink,2,15,0,1
2274,2024-01-22 18:01:27,Double Burger,2,65,0,1
2274,2024-01-22 18:01:27,Classic Burger,2,45,0,1
2274,2024-01-22 18:01:27,Soft Drink,1,15,0,1
2275,2024-01-22 16:20:03,Fries,1,20,0,1
2275,2024-01-22 16:20:03,Double Burger,2,65,0,1
2276,2024-01-23 17:11:21,Classic Burger,2,45,1,0
2276,2024-01-23 17:11:21,Cheese Burger,1,50,1,0
2276,2024-01-23 17:11:21,Ice Cream,3,18,1,0
2277,2024-01-23 16:34:23,Fries,2,20,1,0
2277,2024-01-23 16:34:23,Classic Burger,1,45,1,0
2277,2024-01-23 16:34:23,Ice Cream,3,18,1,0
2277,2024-01-23 16:34:23,Milkshake,2,28,1,0
2278,2024-01-23 18:04:28,Soft Drink,1,15,1,0
2278,2024-01-23 18:04:28,Fries,2,20,1,0
2278,2024-01-23 18:04:28,Onion Rings,1,22,1,0
2278,2024-01-23 18:04:28,Chicken Burger,3,55,1,0
2279,2024-01-23 18:04:17,Soft Drink,2,15,1,0
2279,2024-01-23 18:04:17,Fries,2,20,1,0
2279,2024-01-23 18:04:17,Chicken Burger,1,55,1,0
2280,2024-01-23 18:50:37,Fries,1,20,1,0
2281,2024-01-23 19:29:32,Milkshake,1,28,1,0
2281,2024-01-23 19:29:32,Ice Cream,1,18,1,0
2281,2024-01-23 19:29:32,Classic Burger,2,45,1,0
2281,2024-01-23 19:29:32,Double Burger,1,65,1,0
2282,2024-01-23 21:26:28,Cheese Burger,3,50,1,0
2282,2024-01-23 21:26:28,Milkshake,3,28,1,0
2282,2024-01-23 21:26:28,Ice Cream,2,18,1,0
2282,2024-01-23 21:26:28,Chicken Burger,2,55,1,0
2282,2024-01-23 21:26:28,Double Burger,1,65,1,0
2283,2024-01-23 20:53:24,Soft Drink,3,15,1,0
2283,2024-01-23 20:53:24,Chicken Nuggets,2,30,1,0
2284,2024-01-23 13:58:10,Chicken Burger,2,55,1,0
2284,2024-01-23 13:58:10,Cheese Burger,1,50,1,0
2284,2024-01-23 13:58:10,Ice Cream,1,18,1,0
2284,2024-01-23 13:58:10,Fries,3,20,1,0
2284,2024-01-23 13:58:10,Onion Rings,3,22,1,0
2285,2024-01-23 10:33:57,Fries,2,20,1,0
2285,2024-01-23 10:33:57,Chicken Nuggets,1,30,1,0
2286,2024-01-23 20:25:17,Double Burger,1,65,1,0
2286,2024-01-23 20:25:17,Milkshake,2,28,1,0
2286,2024-01-23 20:25:17,Onion Rings,1,22,1,0
2286,2024-01-23 20:25:17,Chicken Nuggets,2,30,1,0
2287,2024-01-23 13:59:19,Chicken Nuggets,2,30,1,0
2287,2024-01-23 13:59:19,Milkshake,3,28,1,0
2288,2024-01-23 17:38:28,Onion Rings,2,22,1,0
2288,2024-01-23 17:38:28,Classic Burger,2,45,1,0
2288,2024-01-23 17:38:28,Chicken Burger,3,55,1,0
2289,2024-01-23 14:57:49,Chicken Nuggets,3,30,1,0
2290,2024-01-23 12:11:42,Milkshake,1,28,1,0
2290,2024-01-23 12:11:42,Chicken Nuggets,1,30,1,0
2291,2024-01-23 19:04:40,Ice Cream,2,18,1,0
2291,2024-01-23 19:04:40,Soft Drink,2,15,1,0
2291,2024-01-23 19:04:40,Classic Burger,3,45,1,0
2291,2024-01-23 19:04:40,Cheese Burger,2,50,1,0
2292,2024-01-23 20:17:09,Cheese Burger,3,50,1,0
2292,2024-01-23 20:17:09,Onion Rings,1,22,1,0
2292,2024-01-23 20:17:09,Classic Burger,3,45,1,0
2292,2024-01-23 20:17:09,Fries,3,20,1,0
2292,2024-01-23 20:17:09,Double Burger,2,65,1,0
2293,2024-01-23 16:16:23,Onion Rings,1,22,1,0
2293,2024-01-23 16:16:23,Classic Burger,3,45,1,0
2293,2024-01-23 16:16:23,Chicken Burger,2,55,1,0
2293,2024-01-23 16:16:23,Soft Drink,3,15,1,0
2293,2024-01-23 16:16:23,Chicken Nuggets,3,30,1,0
2294,2024-01-23 10:54:17,Soft Drink,3,15,1,0
2294,2024-01-23 10:54:17,Chicken Burger,1,55,1,0
2294,2024-01-23 10:54:17,Double Burger,3,65,1,0
2294,2024-01-23 10:54:17,Milkshake,3,28,1,0
2295,2024-01-23 16:13:32,Ice Cream,1,18,1,0
2295,2024-01-23 16:13:32,Soft Drink,2,15,1,0
2296,2024-01-23 19:16:53,Fries,3,20,1,0
2296,2024-01-23 19:16:53,Cheese Burger,1,50,1,0
2296,2024-01-23 19:16:53,Milkshake,3,28,1,0
2296,2024-01-23 19:16:53,Soft Drink,2,15,1,0
2297,2024-01-23 13:24:32,Cheese Burger,3,50,1,0
2297,2024-01-23 13:24:32,Chicken Burger,2,55,1,0
2298,2024-01-23 18:16:18,Soft Drink,2,15,1,0
2299,2024-01-23 17:51:27,Chicken Nuggets,1,30,1,0
2299,2024-01-23 17:51:27,Milkshake,2,28,1,0
2299,2024-01-23 17:51:27,Chicken Burger,1,55,1,0
2299,2024-01-23 17:51:27,Onion Rings,2,22,1,0
2299,2024-01-23 17:51:27,Classic Burger,3,45,1,0
2300,2024-01-23 19:49:01,Classic Burger,3,45,1,0
2300,2024-01-23 19:49:01,Onion Rings,2,22,1,0
2300,2024-01-23 19:49:01,Soft Drink,2,15,1,0
2300,2024-01-23 19:49:01,Ice Cream,2,18,1,0
2301,2024-01-23 18:38:48,Milkshake,1,28,1,0
2301,2024-01-23 18:38:48,Soft Drink,1,15,1,0
2302,2024-01-23 15:29:41,Onion Rings,1,22,1,0
2302,2024-01-23 15:29:41,Chicken Burger,3,55,1,0
2302,2024-01-23 15:29:41,Chicken Nuggets,3,30,1,0
2302,2024-01-23 15:29:41,Milkshake,3,28,1,0
2302,2024-01-23 15:29:41,Fries,2,20,1,0
2303,2024-01-23 21:22:26,Onion Rings,2,22,1,0
2303,2024-01-23 21:22:26,Chicken Nuggets,3,30,1,0
2303,2024-01-23 21:22:26,Milkshake,1,28,1,0
2304,2024-01-23 17:51:55,Chicken Nuggets,1,30,1,0
2304,2024-01-23 17:51:55,Cheese Burger,1,50,1,0
2305,2024-01-23 17:47:47,Chicken Burger,2,55,1,0
2305,2024-01-23 17:47:47,Onion Rings,2,22,1,0
2305,2024-01-23 17:47:47,Soft Drink,1,15,1,0
2305,2024-01-23 17:47:47,Double Burger,1,65,1,0
2305,2024-01-23 17:47:47,Fries,2,20,1,0
2306,2024-01-23 15:58:52,Classic Burger,2,45,1,0
2306,2024-01-23 15:58:52,Soft Drink,1,15,1,0
2306,2024-01-23 15:58:52,Milkshake,1,28,1,0
2306,2024-01-23 15:58:52,Chicken Burger,1,55,1,0
2306,2024-01-23 15:58:52,Ice Cream,3,18,1,0
2307,2024-01-23 16:23:49,Ice Cream,3,18,1,0
2308,2024-01-23 15:50:59,Cheese Burger,1,50,1,0
2308,2024-01-23 15:50:59,Double Burger,3,65,1,0
2309,2024-01-23 17:26:54,Double Burger,2,65,1,0
2309,2024-01-23 17:26:54,Classic Burger,1,45,1,0
2309,2024-01-23 17:26:54,Ice Cream,2,18,1,0
2309,2024-01-23 17:26:54,Milkshake,2,28,1,0
2310,2024-01-23 23:42:53,Onion Rings,3,22,1,0
2310,2024-01-23 23:42:53,Fries,3,20,1,0
2310,2024-01-23 23:42:53,Chicken Nuggets,1,30,1,0
2310,2024-01-23 23:42:53,Milkshake,2,28,1,0
2311,2024-01-23 13:03:41,Fries,3,20,1,0
2311,2024-01-23 13:03:41,Cheese Burger,3,50,1,0
2312,2024-01-23 13:30:04,Onion Rings,1,22,1,0
2312,2024-01-23 13:30:04,Classic Burger,3,45,1,0
2312,2024-01-23 13:30:04,Chicken Nuggets,1,30,1,0
2312,2024-01-23 13:30:04,Milkshake,1,28,1,0
2312,2024-01-23 13:30:04,Chicken Burger,2,55,1,0
2313,2024-01-23 22:50:05,Chicken Nuggets,1,30,1,0
2313,2024-01-23 22:50:05,Classic Burger,1,45,1,0
2313,2024-01-23 22:50:05,Ice Cream,3,18,1,0
2313,2024-01-23 22:50:05,Soft Drink,1,15,1,0
2314,2024-01-23 17:06:28,Chicken Nuggets,3,30,1,0
2315,2024-01-23 15:50:25,Cheese Burger,2,50,1,0
2315,2024-01-23 15:50:25,Fries,3,20,1,0
2315,2024-01-23 15:50:25,Classic Burger,2,45,1,0
2315,2024-01-23 15:50:25,Double Burger,3,65,1,0
2315,2024-01-23 15:50:25,Ice Cream,3,18,1,0
2316,2024-01-23 21:10:29,Cheese Burger,1,50,1,0
2316,2024-01-23 21:10:29,Chicken Burger,3,55,1,0
2316,2024-01-23 21:10:29,Chicken Nuggets,2,30,1,0
2317,2024-01-23 16:25:48,Chicken Nuggets,1,30,1,0
2318,2024-01-23 23:14:25,Classic Burger,3,45,1,0
2318,2024-01-23 23:14:25,Fries,3,20,1,0
2318,2024-01-23 23:14:25,Milkshake,3,28,1,0
2318,2024-01-23 23:14:25,Ice Cream,1,18,1,0
2319,2024-01-23 20:05:59,Ice Cream,1,18,1,0
2319,2024-01-23 20:05:59,Cheese Burger,2,50,1,0
2319,2024-01-23 20:05:59,Classic Burger,3,45,1,0
2320,2024-01-23 16:38:19,Ice Cream,3,18,1,0
2320,2024-01-23 16:38:19,Onion Rings,1,22,1,0
2320,2024-01-23 16:38:19,Chicken Burger,1,55,1,0
2320,2024-01-23 16:38:19,Chicken Nuggets,1,30,1,0
2321,2024-01-24 16:57:40,Double Burger,2,65,0,0
2322,2024-01-24 20:56:45,Chicken Nuggets,2,30,0,0
2322,2024-01-24 20:56:45,Onion Rings,3,22,0,0
2322,2024-01-24 20:56:45,Classic Burger,1,45,0,0
2322,2024-01-24 20:56:45,Milkshake,3,28,0,0
2322,2024-01-24 20:56:45,Soft Drink,1,15,0,0
2323,2024-01-24 18:12:27,Milkshake,2,28,0,0
2323,2024-01-24 18:12:27,Cheese Burger,3,50,0,0
2323,2024-01-24 18:12:27,Chicken Nuggets,3,30,0,0
2323,2024-01-24 18:12:27,Fries,2,20,0,0
2323,2024-01-24 18:12:27,Chicken Burger,3,55,0,0
2324,2024-01-24 21:13:43,Classic Burger,1,45,0,0
2324,2024-01-24 21:13:43,Ice Cream,2,18,0,0
2325,2024-01-24 22:36:15,Soft Drink,2,15,0,0
2325,2024-01-24 22:36:15,Classic Burger,2,45,0,0
2325,2024-01-24 22:36:15,Chicken Nuggets,3,30,0,0
2325,2024-01-24 22:36:15,Milkshake,1,28,0,0
2326,2024-01-24 18:58:05,Milkshake,3,28,0,0
2326,2024-01-24 18:58:05,Chicken Nuggets,1,30,0,0
2326,2024-01-24 18:58:05,Soft Drink,1,15,0,0
2327,2024-01-24 15:01:39,Ice Cream,2,18,0,0
2327,2024-01-24 15:01:39,Milkshake,3,28,0,0
2327,2024-01-24 15:01:39,Classic Burger,2,45,0,0
2328,2024-01-24 19:18:10,Chicken Nuggets,3,30,0,0
2328,2024-01-24 19:18:10,Cheese Burger,2,50,0,0
2328,2024-01-24 19:18:10,Fries,1,20,0,0
2329,2024-01-24 15:36:23,Chicken Burger,3,55,0,0
2329,2024-01-24 15:36:23,Classic Burger,3,45,0,0
2329,2024-01-24 15:36:23,Onion Rings,3,22,0,0
2329,2024-01-24 15:36:23,Fries,1,20,0,0
2329,2024-01-24 15:36:23,Chicken Nuggets,2,30,0,0
2330,2024-01-24 23:25:38,Soft Drink,3,15,0,0
2330,2024-01-24 23:25:38,Milkshake,3,28,0,0
2330,2024-01-24 23:25:38,Classic Burger,2,45,0,0
2331,2024-01-24 18:50:33,Double Burger,2,65,0,0
2331,2024-01-24 18:50:33,Soft Drink,2,15,0,0
2331,2024-01-24 18:50:33,Ice Cream,3,18,0,0
2331,2024-01-24 18:50:33,Onion Rings,2,22,0,0
2332,2024-01-24 16:58:47,Chicken Nuggets,3,30,0,0
2332,2024-01-24 16:58:47,Double Burger,3,65,0,0
2332,2024-01-24 16:58:47,Soft Drink,2,15,0,0
2333,2024-01-24 18:58:44,Milkshake,3,28,0,0
2333,2024-01-24 18:58:44,Cheese Burger,3,50,0,0
2333,2024-01-24 18:58:44,Double Burger,3,65,0,0
2333,2024-01-24 18:58:44,Classic Burger,3,45,0,0
2333,2024-01-24 18:58:44,Onion Rings,1,22,0,0
2334,2024-01-24 13:28:31,Double Burger,1,65,0,0
2335,2024-01-24 15:31:22,Classic Burger,1,45,0,0
2336,2024-01-24 21:45:33,Onion Rings,2,22,0,0
2336,2024-01-24 21:45:33,Milkshake,3,28,0,0
2336,2024-01-24 21:45:33,Ice Cream,1,18,0,0
2337,2024-01-24 16:09:53,Cheese Burger,2,50,0,0
2337,2024-01-24 16:09:53,Fries,2,20,0,0
2337,2024-01-24 16:09:53,Ice Cream,1,18,0,0
2337,2024-01-24 16:09:53,Double Burger,3,65,0,0
2337,2024-01-24 16:09:53,Classic Burger,2,45,0,0
2338,2024-01-24 14:17:28,Classic Burger,3,45,0,0
2338,2024-01-24 14:17:28,Chicken Burger,2,55,0,0
2338,2024-01-24 14:17:28,Fries,1,20,0,0
2339,2024-01-24 19:35:20,Cheese Burger,2,50,0,0
2339,2024-01-24 19:35:20,Ice Cream,1,18,0,0
2339,2024-01-24 19:35:20,Onion Rings,1,22,0,0
2339,2024-01-24 19:35:20,Fries,1,20,0,0
2340,2024-01-24 21:25:23,Double Burger,2,65,0,0
2340,2024-01-24 21:25:23,Ice Cream,1,18,0,0
2340,2024-01-24 21:25:23,Fries,3,20,0,0
2341,2024-01-24 20:01:21,Chicken Burger,1,55,0,0
2341,2024-01-24 20:01:21,Cheese Burger,3,50,0,0
2342,2024-01-24 20:47:15,Chicken Nuggets,1,30,0,0
2342,2024-01-24 20:47:15,Ice Cream,3,18,0,0
2342,2024-01-24 20:47:15,Double Burger,1,65,0,0
2342,2024-01-24 20:47:15,Milkshake,3,28,0,0
2342,2024-01-24 20:47:15,Fries,1,20,0,0
2343,2024-01-24 15:33:11,Milkshake,3,28,0,0
2343,2024-01-24 15:33:11,Chicken Nuggets,2,30,0,0
2343,2024-01-24 15:33:11,Onion Rings,3,22,0,0
2344,2024-01-24 13:48:28,Cheese Burger,1,50,0,0
2344,2024-01-24 13:48:28,Soft Drink,1,15,0,0
2345,2024-01-24 22:29:42,Chicken Burger,2,55,0,0
2346,2024-01-24 17:05:12,Onion Rings,2,22,0,0
2346,2024-01-24 17:05:12,Classic Burger,2,45,0,0
2346,2024-01-24 17:05:12,Double Burger,3,65,0,0
2346,2024-01-24 17:05:12,Cheese Burger,2,50,0,0
2347,2024-01-24 17:33:31,Ice Cream,1,18,0,0
2347,2024-01-24 17:33:31,Double Burger,2,65,0,0
2348,2024-01-24 21:47:53,Classic Burger,1,45,0,0
2348,2024-01-24 21:47:53,Onion Rings,2,22,0,0
2348,2024-01-24 21:47:53,Milkshake,3,28,0,0
2349,2024-01-24 19:44:54,Soft Drink,1,15,0,0
2349,2024-01-24 19:44:54,Milkshake,3,28,0,0
2349,2024-01-24 19:44:54,Onion Rings,3,22,0,0
2349,2024-01-24 19:44:54,Ice Cream,2,18,0,0
2349,2024-01-24 19:44:54,Fries,2,20,0,0
2350,2024-01-24 19:33:14,Onion Rings,3,22,0,0
2350,2024-01-24 19:33:14,Soft Drink,2,15,0,0
2350,2024-01-24 19:33:14,Chicken Nuggets,3,30,0,0
2351,2024-01-24 23:20:10,Soft Drink,2,15,0,0
2351,2024-01-24 23:20:10,Milkshake,3,28,0,0
2351,2024-01-24 23:20:10,Chicken Nuggets,1,30,0,0
2352,2024-01-24 16:09:39,Chicken Nuggets,2,30,0,0
2352,2024-01-24 16:09:39,Soft Drink,1,15,0,0
2352,2024-01-24 16:09:39,Double Burger,2,65,0,0
2353,2024-01-24 20:44:35,Cheese Burger,3,50,0,0
2353,2024-01-24 20:44:35,Soft Drink,3,15,0,0
2353,2024-01-24 20:44:35,Chicken Burger,2,55,0,0
2353,2024-01-24 20:44:35,Chicken Nuggets,1,30,0,0
2353,2024-01-24 20:44:35,Milkshake,2,28,0,0
2354,2024-01-24 18:22:20,Ice Cream,1,18,0,0
2354,2024-01-24 18:22:20,Chicken Burger,1,55,0,0
2354,2024-01-24 18:22:20,Onion Rings,1,22,0,0
2354,2024-01-24 18:22:20,Double Burger,2,65,0,0
2354,2024-01-24 18:22:20,Cheese Burger,3,50,0,0
2355,2024-01-24 18:59:22,Onion Rings,3,22,0,0
2356,2024-01-24 22:51:09,Chicken Burger,1,55,0,0
2356,2024-01-24 22:51:09,Classic Burger,2,45,0,0
2356,2024-01-24 22:51:09,Milkshake,2,28,0,0
2356,2024-01-24 22:51:09,Onion Rings,1,22,0,0
2356,2024-01-24 22:51:09,Double Burger,1,65,0,0
2357,2024-01-24 19:23:05,Chicken Nuggets,2,30,0,0
2357,2024-01-24 19:23:05,Ice Cream,2,18,0,0
2358,2024-01-24 19:10:46,Classic Burger,2,45,0,0
2358,2024-01-24 19:10:46,Double Burger,2,65,0,0
2358,2024-01-24 19:10:46,Milkshake,2,28,0,0
2358,2024-01-24 19:10:46,Fries,1,20,0,0
2359,2024-01-24 21:44:13,Milkshake,3,28,0,0
2359,2024-01-24 21:44:13,Double Burger,3,65,0,0
2359,2024-01-24 21:44:13,Classic Burger,2,45,0,0
2360,2024-01-24 16:00:33,Soft Drink,3,15,0,0
2361,2024-01-24 15:15:32,Classic Burger,1,45,0,0
2361,2024-01-24 15:15:32,Fries,3,20,0,0
2361,2024-01-24 15:15:32,Onion Rings,3,22,0,0
2361,2024-01-24 15:15:32,Chicken Nuggets,2,30,0,0
2362,2024-01-24 14:44:07,Onion Rings,3,22,0,0
2362,2024-01-24 14:44:07,Classic Burger,3,45,0,0
2362,2024-01-24 14:44:07,Double Burger,1,65,0,0
2362,2024-01-24 14:44:07,Milkshake,1,28,0,0
2362,2024-01-24 14:44:07,Soft Drink,3,15,0,0
2363,2024-01-24 12:45:47,Chicken Burger,3,55,0,0
2364,2024-01-24 23:00:24,Soft Drink,1,15,0,0
2364,2024-01-24 23:00:24,Milkshake,3,28,0,0
2364,2024-01-24 23:00:24,Chicken Burger,3,55,0,0
2364,2024-01-24 23:00:24,Classic Burger,2,45,0,0
2364,2024-01-24 23:00:24,Ice Cream,1,18,0,0
2365,2024-01-24 14:25:34,Soft Drink,2,15,0,0
2365,2024-01-24 14:25:34,Chicken Burger,3,55,0,0
2365,2024-01-24 14:25:34,Ice Cream,3,18,0,0
2365,2024-01-24 14:25:34,Classic Burger,3,45,0,0
2365,2024-01-24 14:25:34,Milkshake,1,28,0,0
2366,2024-01-24 17:31:58,Soft Drink,1,15,0,0
2367,2024-01-24 17:23:45,Ice Cream,3,18,0,0
2367,2024-01-24 17:23:45,Onion Rings,3,22,0,0
2368,2024-01-24 18:15:40,Ice Cream,1,18,0,0
2369,2024-01-24 20:20:43,Classic Burger,1,45,0,0
2369,2024-01-24 20:20:43,Chicken Nuggets,2,30,0,0
2370,2024-01-24 20:16:11,Chicken Burger,2,55,0,0
2370,2024-01-24 20:16:11,Soft Drink,2,15,0,0
2370,2024-01-24 20:16:11,Onion Rings,1,22,0,0
2370,2024-01-24 20:16:11,Cheese Burger,2,50,0,0
2370,2024-01-24 20:16:11,Ice Cream,2,18,0,0
2371,2024-01-24 16:55:21,Ice Cream,1,18,0,0
2371,2024-01-24 16:55:21,Onion Rings,3,22,0,0
2371,2024-01-24 16:55:21,Chicken Burger,1,55,0,0
2371,2024-01-24 16:55:21,Classic Burger,1,45,0,0
2371,2024-01-24 16:55:21,Soft Drink,1,15,0,0
2372,2024-01-24 17:25:43,Cheese Burger,3,50,0,0
2372,2024-01-24 17:25:43,Fries,1,20,0,0
2372,2024-01-24 17:25:43,Chicken Burger,3,55,0,0
2372,2024-01-24 17:25:43,Soft Drink,1,15,0,0
2373,2024-01-24 18:52:35,Onion Rings,2,22,0,0
2374,2024-01-24 17:55:53,Milkshake,2,28,0,0
2374,2024-01-24 17:55:53,Classic Burger,3,45,0,0
2375,2024-01-24 22:21:20,Double Burger,1,65,0,0
2376,2024-01-25 21:50:23,Classic Burger,2,45,1,0
2376,2024-01-25 21:50:23,Chicken Nuggets,3,30,1,0
2377,2024-01-25 18:18:41,Classic Burger,1,45,1,0
2377,2024-01-25 18:18:41,Onion Rings,2,22,1,0
2377,2024-01-25 18:18:41,Double Burger,3,65,1,0
2377,2024-01-25 18:18:41,Chicken Nuggets,2,30,1,0
2377,2024-01-25 18:18:41,Milkshake,3,28,1,0
2378,2024-01-25 14:42:03,Cheese Burger,3,50,1,0
2378,2024-01-25 14:42:03,Fries,3,20,1,0
2378,2024-01-25 14:42:03,Soft Drink,2,15,1,0
2378,2024-01-25 14:42:03,Onion Rings,1,22,1,0
2379,2024-01-25 19:40:16,Chicken Nuggets,2,30,1,0
2379,2024-01-25 19:40:16,Cheese Burger,1,50,1,0
2379,2024-01-25 19:40:16,Chicken Burger,2,55,1,0
2380,2024-01-25 16:00:18,Onion Rings,3,22,1,0
2380,2024-01-25 16:00:18,Fries,2,20,1,0
2380,2024-01-25 16:00:18,Chicken Nuggets,3,30,1,0
2381,2024-01-25 16:17:24,Chicken Nuggets,3,30,1,0
2381,2024-01-25 16:17:24,Double Burger,3,65,1,0
2381,2024-01-25 16:17:24,Ice Cream,3,18,1,0
2382,2024-01-25 19:34:13,Ice Cream,3,18,1,0
2382,2024-01-25 19:34:13,Soft Drink,3,15,1,0
2382,2024-01-25 19:34:13,Onion Rings,2,22,1,0
2382,2024-01-25 19:34:13,Chicken Burger,3,55,1,0
2383,2024-01-25 21:07:10,Ice Cream,2,18,1,0
2383,2024-01-25 21:07:10,Soft Drink,3,15,1,0
2383,2024-01-25 21:07:10,Cheese Burger,2,50,1,0
2383,2024-01-25 21:07:10,Fries,3,20,1,0
2384,2024-01-25 18:01:37,Onion Rings,2,22,1,0
2384,2024-01-25 18:01:37,Double Burger,1,65,1,0
2384,2024-01-25 18:01:37,Soft Drink,2,15,1,0
2384,2024-01-25 18:01:37,Chicken Burger,1,55,1,0
2385,2024-01-25 18:19:19,Soft Drink,1,15,1,0
2385,2024-01-25 18:19:19,Fries,2,20,1,0
2385,2024-01-25 18:19:19,Milkshake,1,28,1,0
2385,2024-01-25 18:19:19,Onion Rings,3,22,1,0
2386,2024-01-25 23:25:20,Soft Drink,2,15,1,0
2386,2024-01-25 23:25:20,Ice Cream,2,18,1,0
2386,2024-01-25 23:25:20,Chicken Nuggets,1,30,1,0
2386,2024-01-25 23:25:20,Onion Rings,1,22,1,0
2386,2024-01-25 23:25:20,Chicken Burger,3,55,1,0
2387,2024-01-25 18:21:10,Classic Burger,2,45,1,0
2387,2024-01-25 18:21:10,Ice Cream,3,18,1,0
2387,2024-01-25 18:21:10,Cheese Burger,1,50,1,0
2388,2024-01-25 23:53:22,Classic Burger,3,45,1,0
2388,2024-01-25 23:53:22,Double Burger,3,65,1,0
2388,2024-01-25 23:53:22,Cheese Burger,2,50,1,0
2389,2024-01-25 19:58:25,Chicken Nuggets,2,30,1,0
2390,2024-01-25 12:31:13,Chicken Burger,2,55,1,0
2391,2024-01-25 20:09:55,Double Burger,1,65,1,0
2391,2024-01-25 20:09:55,Chicken Burger,2,55,1,0
2391,2024-01-25 20:09:55,Chicken Nuggets,1,30,1,0
2391,2024-01-25 20:09:55,Milkshake,3,28,1,0
2391,2024-01-25 20:09:55,Classic Burger,1,45,1,0
2392,2024-01-25 19:04:06,Chicken Nuggets,3,30,1,0
2392,2024-01-25 19:04:06,Ice Cream,3,18,1,0
2392,2024-01-25 19:04:06,Classic Burger,1,45,1,0
2393,2024-01-25 21:01:25,Chicken Burger,1,55,1,0
2393,2024-01-25 21:01:25,Soft Drink,1,15,1,0
2393,2024-01-25 21:01:25,Double Burger,3,65,1,0
2394,2024-01-25 20:13:38,Chicken Burger,1,55,1,0
2394,2024-01-25 20:13:38,Milkshake,1,28,1,0
2394,2024-01-25 20:13:38,Fries,2,20,1,0
2394,2024-01-25 20:13:38,Cheese Burger,2,50,1,0
2394,2024-01-25 20:13:38,Ice Cream,1,18,1,0
2395,2024-01-25 17:27:23,Chicken Burger,1,55,1,0
2395,2024-01-25 17:27:23,Double Burger,1,65,1,0
2396,2024-01-25 14:58:49,Classic Burger,3,45,1,0
2396,2024-01-25 14:58:49,Milkshake,1,28,1,0
2397,2024-01-25 17:06:04,Milkshake,2,28,1,0
2397,2024-01-25 17:06:04,Soft Drink,2,15,1,0
2397,2024-01-25 17:06:04,Double Burger,2,65,1,0
2397,2024-01-25 17:06:04,Ice Cream,1,18,1,0
2397,2024-01-25 17:06:04,Classic Burger,3,45,1,0
2398,2024-01-25 15:21:36,Ice Cream,1,18,1,0
2398,2024-01-25 15:21:36,Cheese Burger,3,50,1,0
2398,2024-01-25 15:21:36,Classic Burger,2,45,1,0
2398,2024-01-25 15:21:36,Chicken Burger,3,55,1,0
2399,2024-01-25 16:46:53,Fries,3,20,1,0
2400,2024-01-25 19:46:04,Chicken Nuggets,1,30,1,0
2400,2024-01-25 19:46:04,Classic Burger,2,45,1,0
2400,2024-01-25 19:46:04,Double Burger,1,65,1,0
2401,2024-01-25 23:28:39,Ice Cream,1,18,1,0
2401,2024-01-25 23:28:39,Cheese Burger,1,50,1,0
2401,2024-01-25 23:28:39,Chicken Nuggets,3,30,1,0
2401,2024-01-25 23:28:39,Milkshake,1,28,1,0
2401,2024-01-25 23:28:39,Chicken Burger,3,55,1,0
2402,2024-01-25 19:37:15,Fries,3,20,1,0
2402,2024-01-25 19:37:15,Soft Drink,3,15,1,0
2402,2024-01-25 19:37:15,Chicken Nuggets,3,30,1,0
2402,2024-01-25 19:37:15,Classic Burger,1,45,1,0
2402,2024-01-25 19:37:15,Double Burger,2,65,1,0
2403,2024-01-25 14:58:47,Milkshake,2,28,1,0
2403,2024-01-25 14:58:47,Double Burger,3,65,1,0
2404,2024-01-25 19:38:04,Fries,1,20,1,0
2404,2024-01-25 19:38:04,Soft Drink,3,15,1,0
2404,2024-01-25 19:38:04,Milkshake,2,28,1,0
2404,2024-01-25 19:38:04,Onion Rings,2,22,1,0
2405,2024-01-25 21:41:20,Milkshake,2,28,1,0
2405,2024-01-25 21:41:20,Double Burger,3,65,1,0
2405,2024-01-25 21:41:20,Onion Rings,1,22,1,0
2405,2024-01-25 21:41:20,Classic Burger,2,45,1,0
2406,2024-01-25 16:04:51,Chicken Burger,1,55,1,0
2407,2024-01-25 17:29:14,Ice Cream,1,18,1,0
2407,2024-01-25 17:29:14,Chicken Nuggets,2,30,1,0
2408,2024-01-25 18:39:19,Onion Rings,1,22,1,0
2408,2024-01-25 18:39:19,Classic Burger,3,45,1,0
2408,2024-01-25 18:39:19,Soft Drink,1,15,1,0
2409,2024-01-25 15:54:55,Chicken Nuggets,2,30,1,0
2409,2024-01-25 15:54:55,Classic Burger,3,45,1,0
2409,2024-01-25 15:54:55,Ice Cream,1,18,1,0
2409,2024-01-25 15:54:55,Fries,3,20,1,0
2409,2024-01-25 15:54:55,Milkshake,3,28,1,0
2410,2024-01-25 19:52:05,Soft Drink,3,15,1,0
2410,2024-01-25 19:52:05,Double Burger,2,65,1,0
2410,2024-01-25 19:52:05,Milkshake,3,28,1,0
2411,2024-01-25 17:40:39,Ice Cream,2,18,1,0
2411,2024-01-25 17:40:39,Chicken Nuggets,2,30,1,0
2411,2024-01-25 17:40:39,Chicken Burger,1,55,1,0
2411,2024-01-25 17:40:39,Double Burger,1,65,1,0
2411,2024-01-25 17:40:39,Cheese Burger,2,50,1,0
2412,2024-01-25 19:30:55,Classic Burger,2,45,1,0
2412,2024-01-25 19:30:55,Milkshake,3,28,1,0
2412,2024-01-25 19:30:55,Ice Cream,3,18,1,0
2412,2024-01-25 19:30:55,Chicken Burger,1,55,1,0
2413,2024-01-25 15:16:07,Cheese Burger,2,50,1,0
2413,2024-01-25 15:16:07,Double Burger,1,65,1,0
2413,2024-01-25 15:16:07,Chicken Nuggets,2,30,1,0
2413,2024-01-25 15:16:07,Fries,1,20,1,0
2413,2024-01-25 15:16:07,Soft Drink,2,15,1,0
2414,2024-01-25 16:19:54,Onion Rings,2,22,1,0
2414,2024-01-25 16:19:54,Classic Burger,3,45,1,0
2414,2024-01-25 16:19:54,Chicken Nuggets,2,30,1,0
2415,2024-01-25 20:19:24,Cheese Burger,3,50,1,0
2415,2024-01-25 20:19:24,Fries,2,20,1,0
2415,2024-01-25 20:19:24,Chicken Nuggets,1,30,1,0
2415,2024-01-25 20:19:24,Chicken Burger,2,55,1,0
2415,2024-01-25 20:19:24,Classic Burger,2,45,1,0
2416,2024-01-25 16:24:14,Fries,1,20,1,0
2416,2024-01-25 16:24:14,Milkshake,3,28,1,0
2417,2024-01-25 23:25:12,Fries,3,20,1,0
2418,2024-01-25 16:14:22,Chicken Nuggets,1,30,1,0
2419,2024-01-25 18:12:17,Double Burger,1,65,1,0
2419,2024-01-25 18:12:17,Cheese Burger,2,50,1,0
2420,2024-01-25 20:24:55,Milkshake,1,28,1,0
2420,2024-01-25 20:24:55,Ice Cream,3,18,1,0
2420,2024-01-25 20:24:55,Chicken Nuggets,3,30,1,0
2421,2024-01-25 13:26:37,Fries,2,20,1,0
2421,2024-01-25 13:26:37,Classic Burger,2,45,1,0
2421,2024-01-25 13:26:37,Chicken Nuggets,3,30,1,0
2422,2024-01-25 12:56:55,Classic Burger,2,45,1,0
2422,2024-01-25 12:56:55,Cheese Burger,1,50,1,0
2422,2024-01-25 12:56:55,Chicken Burger,2,55,1,0
2422,2024-01-25 12:56:55,Fries,1,20,1,0
2423,2024-01-25 13:46:20,Milkshake,1,28,1,0
2423,2024-01-25 13:46:20,Double Burger,1,65,1,0
2423,2024-01-25 13:46:20,Fries,1,20,1,0
2424,2024-01-25 21:17:02,Ice Cream,2,18,1,0
2424,2024-01-25 21:17:02,Fries,2,20,1,0
2424,2024-01-25 21:17:02,Chicken Nuggets,3,30,1,0
2425,2024-01-25 16:07:54,Milkshake,3,28,1,0
2425,2024-01-25 16:07:54,Classic Burger,1,45,1,0
2425,2024-01-25 16:07:54,Cheese Burger,3,50,1,0
2425,2024-01-25 16:07:54,Soft Drink,1,15,1,0
2426,2024-01-25 23:13:27,Milkshake,3,28,1,0
2426,2024-01-25 23:13:27,Ice Cream,2,18,1,0
2426,2024-01-25 23:13:27,Cheese Burger,1,50,1,0
2427,2024-01-25 16:36:54,Double Burger,1,65,1,0
2428,2024-01-25 18:58:55,Milkshake,2,28,1,0
2428,2024-01-25 18:58:55,Soft Drink,3,15,1,0
2428,2024-01-25 18:58:55,Chicken Burger,1,55,1,0
2428,2024-01-25 18:58:55,Double Burger,1,65,1,0
2428,2024-01-25 18:58:55,Fries,1,20,1,0
2429,2024-01-25 22:42:45,Classic Burger,3,45,1,0
2430,2024-01-26 21:23:28,Classic Burger,2,45,1,0
2430,2024-01-26 21:23:28,Onion Rings,1,22,1,0
2430,2024-01-26 21:23:28,Chicken Nuggets,1,30,1,0
2430,2024-01-26 21:23:28,Milkshake,2,28,1,0
2431,2024-01-26 19:55:04,Chicken Nuggets,2,30,1,0
2431,2024-01-26 19:55:04,Milkshake,3,28,1,0
2431,2024-01-26 19:55:04,Fries,3,20,1,0
2431,2024-01-26 19:55:04,Onion Rings,2,22,1,0
2431,2024-01-26 19:55:04,Classic Burger,1,45,1,0
2432,2024-01-26 20:13:40,Cheese Burger,2,50,1,0
2432,2024-01-26 20:13:40,Chicken Burger,3,55,1,0
2432,2024-01-26 20:13:40,Fries,1,20,1,0
2433,2024-01-26 16:16:40,Ice Cream,1,18,1,0
2433,2024-01-26 16:16:40,Classic Burger,2,45,1,0
2434,2024-01-26 15:51:37,Chicken Burger,3,55,1,0
2434,2024-01-26 15:51:37,Onion Rings,1,22,1,0
2434,2024-01-26 15:51:37,Chicken Nuggets,1,30,1,0
2435,2024-01-26 17:23:12,Ice Cream,2,18,1,0
2435,2024-01-26 17:23:12,Fries,2,20,1,0
2435,2024-01-26 17:23:12,Chicken Nuggets,1,30,1,0
2435,2024-01-26 17:23:12,Double Burger,1,65,1,0
2436,2024-01-26 17:47:46,Chicken Nuggets,2,30,1,0
2436,2024-01-26 17:47:46,Ice Cream,3,18,1,0
2436,2024-01-26 17:47:46,Classic Burger,3,45,1,0
2437,2024-01-26 16:05:42,Chicken Burger,2,55,1,0
2437,2024-01-26 16:05:42,Classic Burger,2,45,1,0
2437,2024-01-26 16:05:42,Fries,1,20,1,0
2438,2024-01-26 20:44:15,Fries,1,20,1,0
2438,2024-01-26 20:44:15,Chicken Nuggets,1,30,1,0
2438,2024-01-26 20:44:15,Soft Drink,2,15,1,0
2438,2024-01-26 20:44:15,Milkshake,1,28,1,0
2439,2024-01-26 20:28:33,Classic Burger,1,45,1,0
2439,2024-01-26 20:28:33,Milkshake,2,28,1,0
2440,2024-01-26 18:49:45,Chicken Nuggets,1,30,1,0
2440,2024-01-26 18:49:45,Ice Cream,2,18,1,0
2440,2024-01-26 18:49:45,Classic Burger,3,45,1,0
2441,2024-01-26 22:52:35,Classic Burger,1,45,1,0
2441,2024-01-26 22:52:35,Double Burger,3,65,1,0
2441,2024-01-26 22:52:35,Milkshake,2,28,1,0
2441,2024-01-26 22:52:35,Soft Drink,1,15,1,0
2442,2024-01-26 14:00:40,Soft Drink,1,15,1,0
2442,2024-01-26 14:00:40,Classic Burger,2,45,1,0
2442,2024-01-26 14:00:40,Double Burger,2,65,1,0
2443,2024-01-26 17:45:03,Onion Rings,2,22,1,0
2443,2024-01-26 17:45:03,Milkshake,2,28,1,0
2443,2024-01-26 17:45:03,Fries,2,20,1,0
2443,2024-01-26 17:45:03,Classic Burger,2,45,1,0
2443,2024-01-26 17:45:03,Chicken Burger,3,55,1,0
2444,2024-01-26 15:10:16,Soft Drink,2,15,1,0
2444,2024-01-26 15:10:16,Ice Cream,3,18,1,0
2445,2024-01-26 12:15:53,Soft Drink,1,15,1,0
2445,2024-01-26 12:15:53,Classic Burger,1,45,1,0
2446,2024-01-26 17:41:52,Soft Drink,1,15,1,0
2446,2024-01-26 17:41:52,Cheese Burger,3,50,1,0
2447,2024-01-26 17:38:48,Milkshake,1,28,1,0
2448,2024-01-26 22:02:58,Milkshake,1,28,1,0
2448,2024-01-26 22:02:58,Cheese Burger,3,50,1,0
2448,2024-01-26 22:02:58,Fries,2,20,1,0
2448,2024-01-26 22:02:58,Soft Drink,3,15,1,0
2448,2024-01-26 22:02:58,Double Burger,2,65,1,0
2449,2024-01-26 19:25:33,Double Burger,3,65,1,0
2449,2024-01-26 19:25:33,Ice Cream,3,18,1,0
2449,2024-01-26 19:25:33,Fries,2,20,1,0
2449,2024-01-26 19:25:33,Milkshake,2,28,1,0
2449,2024-01-26 19:25:33,Chicken Nuggets,2,30,1,0
2450,2024-01-26 14:22:59,Cheese Burger,3,50,1,0
2450,2024-01-26 14:22:59,Onion Rings,3,22,1,0
2451,2024-01-26 23:20:07,Onion Rings,1,22,1,0
2451,2024-01-26 23:20:07,Double Burger,1,65,1,0
2452,2024-01-26 21:21:22,Chicken Nuggets,1,30,1,0
2452,2024-01-26 21:21:22,Cheese Burger,2,50,1,0
2452,2024-01-26 21:21:22,Chicken Burger,3,55,1,0
2452,2024-01-26 21:21:22,Fries,1,20,1,0
2452,2024-01-26 21:21:22,Milkshake,2,28,1,0
2453,2024-01-26 19:44:02,Chicken Burger,2,55,1,0
2453,2024-01-26 19:44:02,Fries,2,20,1,0
2453,2024-01-26 19:44:02,Chicken Nuggets,1,30,1,0
2453,2024-01-26 19:44:02,Classic Burger,1,45,1,0
2454,2024-01-26 17:52:19,Soft Drink,1,15,1,0
2454,2024-01-26 17:52:19,Chicken Burger,1,55,1,0
2454,2024-01-26 17:52:19,Ice Cream,3,18,1,0
2455,2024-01-26 15:02:28,Classic Burger,1,45,1,0
2455,2024-01-26 15:02:28,Milkshake,2,28,1,0
2455,2024-01-26 15:02:28,Chicken Burger,1,55,1,0
2456,2024-01-26 16:16:11,Onion Rings,3,22,1,0
2456,2024-01-26 16:16:11,Chicken Burger,3,55,1,0
2456,2024-01-26 16:16:11,Cheese Burger,1,50,1,0
2456,2024-01-26 16:16:11,Fries,2,20,1,0
2457,2024-01-26 21:19:21,Soft Drink,3,15,1,0
2457,2024-01-26 21:19:21,Double Burger,1,65,1,0
2457,2024-01-26 21:19:21,Ice Cream,1,18,1,0
2458,2024-01-26 23:41:48,Soft Drink,2,15,1,0
2458,2024-01-26 23:41:48,Cheese Burger,2,50,1,0
2459,2024-01-26 22:57:23,Milkshake,2,28,1,0
2459,2024-01-26 22:57:23,Chicken Nuggets,2,30,1,0
2460,2024-01-26 16:58:51,Onion Rings,1,22,1,0
2460,2024-01-26 16:58:51,Milkshake,2,28,1,0
2460,2024-01-26 16:58:51,Chicken Nuggets,1,30,1,0
2460,2024-01-26 16:58:51,Classic Burger,3,45,1,0
2461,2024-01-26 14:15:04,Classic Burger,3,45,1,0
2461,2024-01-26 14:15:04,Ice Cream,1,18,1,0
2461,2024-01-26 14:15:04,Soft Drink,1,15,1,0
2461,2024-01-26 14:15:04,Chicken Burger,3,55,1,0
2461,2024-01-26 14:15:04,Fries,2,20,1,0
2462,2024-01-26 18:56:03,Classic Burger,3,45,1,0
2462,2024-01-26 18:56:03,Chicken Nuggets,2,30,1,0
2463,2024-01-26 12:30:10,Soft Drink,2,15,1,0
2463,2024-01-26 12:30:10,Fries,2,20,1,0
2464,2024-01-26 18:34:36,Soft Drink,1,15,1,0
2464,2024-01-26 18:34:36,Chicken Nuggets,3,30,1,0
2464,2024-01-26 18:34:36,Ice Cream,1,18,1,0
2464,2024-01-26 18:34:36,Milkshake,2,28,1,0
2464,2024-01-26 18:34:36,Double Burger,1,65,1,0
2465,2024-01-26 17:05:58,Chicken Nuggets,1,30,1,0
2465,2024-01-26 17:05:58,Cheese Burger,1,50,1,0
2465,2024-01-26 17:05:58,Onion Rings,3,22,1,0
2466,2024-01-26 16:38:01,Fries,2,20,1,0
2467,2024-01-26 13:16:40,Soft Drink,2,15,1,0
2467,2024-01-26 13:16:40,Fries,3,20,1,0
2467,2024-01-26 13:16:40,Chicken Nuggets,1,30,1,0
2468,2024-01-26 19:11:02,Soft Drink,1,15,1,0
2468,2024-01-26 19:11:02,Milkshake,1,28,1,0
2468,2024-01-26 19:11:02,Double Burger,2,65,1,0
2468,2024-01-26 19:11:02,Onion Rings,2,22,1,0
2469,2024-01-26 16:23:37,Ice Cream,2,18,1,0
2469,2024-01-26 16:23:37,Onion Rings,2,22,1,0
2470,2024-01-26 14:12:39,Ice Cream,2,18,1,0
2470,2024-01-26 14:12:39,Fries,1,20,1,0
2470,2024-01-26 14:12:39,Double Burger,3,65,1,0
2470,2024-01-26 14:12:39,Chicken Burger,2,55,1,0
2470,2024-01-26 14:12:39,Soft Drink,2,15,1,0
2471,2024-01-26 10:55:46,Milkshake,3,28,1,0
2472,2024-01-26 17:24:13,Fries,3,20,1,0
2472,2024-01-26 17:24:13,Soft Drink,1,15,1,0
2472,2024-01-26 17:24:13,Classic Burger,1,45,1,0
2473,2024-01-26 23:44:35,Soft Drink,3,15,1,0
2473,2024-01-26 23:44:35,Fries,1,20,1,0
2473,2024-01-26 23:44:35,Chicken Burger,2,55,1,0
2473,2024-01-26 23:44:35,Double Burger,2,65,1,0
2473,2024-01-26 23:44:35,Onion Rings,1,22,1,0
2474,2024-01-26 22:35:45,Double Burger,3,65,1,0
2474,2024-01-26 22:35:45,Ice Cream,3,18,1,0
2475,2024-01-26 16:31:01,Classic Burger,1,45,1,0
2475,2024-01-26 16:31:01,Cheese Burger,2,50,1,0
2475,2024-01-26 16:31:01,Fries,3,20,1,0
2475,2024-01-26 16:31:01,Soft Drink,3,15,1,0
2475,2024-01-26 16:31:01,Chicken Burger,1,55,1,0
2476,2024-01-26 16:41:27,Double Burger,2,65,1,0
2476,2024-01-26 16:41:27,Classic Burger,2,45,1,0
2476,2024-01-26 16:41:27,Milkshake,2,28,1,0
2476,2024-01-26 16:41:27,Soft Drink,1,15,1,0
2476,2024-01-26 16:41:27,Chicken Nuggets,3,30,1,0
2477,2024-01-26 19:33:43,Chicken Nuggets,1,30,1,0
2477,2024-01-26 19:33:43,Cheese Burger,3,50,1,0
2478,2024-01-26 15:39:14,Ice Cream,2,18,1,0
2478,2024-01-26 15:39:14,Fries,3,20,1,0
2479,2024-01-26 18:01:36,Chicken Nuggets,3,30,1,0
2479,2024-01-26 18:01:36,Ice Cream,1,18,1,0
2480,2024-01-26 20:47:10,Ice Cream,2,18,1,0
2480,2024-01-26 20:47:10,Soft Drink,3,15,1,0
2480,2024-01-26 20:47:10,Double Burger,3,65,1,0
2480,2024-01-26 20:47:10,Chicken Nuggets,3,30,1,0
2480,2024-01-26 20:47:10,Classic Burger,3,45,1,0
2481,2024-01-26 21:07:36,Fries,1,20,1,0
2481,2024-01-26 21:07:36,Double Burger,2,65,1,0
2481,2024-01-26 21:07:36,Milkshake,2,28,1,0
2481,2024-01-26 21:07:36,Soft Drink,3,15,1,0
2482,2024-01-26 17:16:00,Fries,2,20,1,0
2482,2024-01-26 17:16:00,Chicken Nuggets,1,30,1,0
2482,2024-01-26 17:16:00,Cheese Burger,2,50,1,0
2482,2024-01-26 17:16:00,Double Burger,2,65,1,0
2483,2024-01-26 17:14:44,Soft Drink,2,15,1,0
2483,2024-01-26 17:14:44,Fries,3,20,1,0
2483,2024-01-26 17:14:44,Onion Rings,2,22,1,0
2483,2024-01-26 17:14:44,Ice Cream,1,18,1,0
2484,2024-01-26 15:21:42,Chicken Nuggets,2,30,1,0
2484,2024-01-26 15:21:42,Chicken Burger,2,55,1,0
2485,2024-01-26 15:47:28,Ice Cream,3,18,1,0
2485,2024-01-26 15:47:28,Chicken Burger,2,55,1,0
2485,2024-01-26 15:47:28,Fries,1,20,1,0
2485,2024-01-26 15:47:28,Soft Drink,1,15,1,0
2486,2024-01-26 17:32:17,Fries,2,20,1,0
2486,2024-01-26 17:32:17,Soft Drink,2,15,1,0
2486,2024-01-26 17:32:17,Chicken Burger,2,55,1,0
2486,2024-01-26 17:32:17,Double Burger,3,65,1,0
2487,2024-01-26 19:34:32,Fries,1,20,1,0
2487,2024-01-26 19:34:32,Onion Rings,1,22,1,0
2487,2024-01-26 19:34:32,Cheese Burger,1,50,1,0
2487,2024-01-26 19:34:32,Soft Drink,3,15,1,0
2488,2024-01-26 20:02:28,Double Burger,1,65,1,0
2489,2024-01-26 15:37:16,Chicken Burger,3,55,1,0
2489,2024-01-26 15:37:16,Double Burger,1,65,1,0
2490,2024-01-26 22:39:17,Soft Drink,1,15,1,0
2491,2024-01-26 17:24:05,Chicken Burger,2,55,1,0
2491,2024-01-26 17:24:05,Classic Burger,3,45,1,0
2491,2024-01-26 17:24:05,Soft Drink,3,15,1,0
2492,2024-01-26 17:49:51,Double Burger,3,65,1,0
2492,2024-01-26 17:49:51,Chicken Burger,3,55,1,0
2492,2024-01-26 17:49:51,Chicken Nuggets,2,30,1,0
2493,2024-01-26 15:04:02,Ice Cream,1,18,1,0
2493,2024-01-26 15:04:02,Milkshake,1,28,1,0
2493,2024-01-26 15:04:02,Classic Burger,3,45,1,0
2493,2024-01-26 15:04:02,Cheese Burger,3,50,1,0
2494,2024-01-27 20:38:35,Double Burger,2,65,0,0
2494,2024-01-27 20:38:35,Chicken Burger,3,55,0,0
2494,2024-01-27 20:38:35,Ice Cream,3,18,0,0
2494,2024-01-27 20:38:35,Milkshake,1,28,0,0
2495,2024-01-27 20:42:11,Milkshake,3,28,0,0
2495,2024-01-27 20:42:11,Chicken Burger,1,55,0,0
2495,2024-01-27 20:42:11,Cheese Burger,2,50,0,0
2496,2024-01-27 17:12:06,Double Burger,1,65,0,0
2496,2024-01-27 17:12:06,Onion Rings,1,22,0,0
2497,2024-01-27 18:51:25,Milkshake,3,28,0,0
2498,2024-01-27 19:30:24,Chicken Burger,2,55,0,0
2498,2024-01-27 19:30:24,Double Burger,3,65,0,0
2498,2024-01-27 19:30:24,Cheese Burger,3,50,0,0
2498,2024-01-27 19:30:24,Classic Burger,2,45,0,0
2498,2024-01-27 19:30:24,Chicken Nuggets,3,30,0,0
2499,2024-01-27 13:37:09,Milkshake,3,28,0,0
2499,2024-01-27 13:37:09,Soft Drink,1,15,0,0
2500,2024-01-27 16:14:33,Double Burger,3,65,0,0
2500,2024-01-27 16:14:33,Chicken Burger,2,55,0,0
2501,2024-01-27 20:27:54,Soft Drink,2,15,0,0
2501,2024-01-27 20:27:54,Double Burger,3,65,0,0
2501,2024-01-27 20:27:54,Ice Cream,2,18,0,0
2501,2024-01-27 20:27:54,Chicken Burger,3,55,0,0
2502,2024-01-27 14:08:41,Soft Drink,1,15,0,0
2502,2024-01-27 14:08:41,Onion Rings,3,22,0,0
2503,2024-01-27 18:10:09,Chicken Nuggets,2,30,0,0
2503,2024-01-27 18:10:09,Fries,1,20,0,0
2503,2024-01-27 18:10:09,Onion Rings,3,22,0,0
2504,2024-01-27 13:16:24,Onion Rings,3,22,0,0
2504,2024-01-27 13:16:24,Double Burger,3,65,0,0
2504,2024-01-27 13:16:24,Ice Cream,2,18,0,0
2505,2024-01-27 19:21:44,Soft Drink,2,15,0,0
2505,2024-01-27 19:21:44,Ice Cream,2,18,0,0
2505,2024-01-27 19:21:44,Fries,3,20,0,0
2505,2024-01-27 19:21:44,Onion Rings,2,22,0,0
2505,2024-01-27 19:21:44,Double Burger,3,65,0,0
2506,2024-01-27 17:32:22,Chicken Burger,2,55,0,0
2507,2024-01-27 13:24:42,Chicken Burger,1,55,0,0
2507,2024-01-27 13:24:42,Onion Rings,2,22,0,0
2507,2024-01-27 13:24:42,Double Burger,3,65,0,0
2507,2024-01-27 13:24:42,Ice Cream,1,18,0,0
2507,2024-01-27 13:24:42,Chicken Nuggets,3,30,0,0
2508,2024-01-27 21:48:26,Fries,1,20,0,0
2509,2024-01-27 15:52:03,Milkshake,1,28,0,0
2509,2024-01-27 15:52:03,Double Burger,2,65,0,0
2509,2024-01-27 15:52:03,Cheese Burger,1,50,0,0
2509,2024-01-27 15:52:03,Chicken Nuggets,1,30,0,0
2510,2024-01-27 15:58:35,Chicken Nuggets,2,30,0,0
2510,2024-01-27 15:58:35,Classic Burger,3,45,0,0
2510,2024-01-27 15:58:35,Chicken Burger,2,55,0,0
2510,2024-01-27 15:58:35,Onion Rings,3,22,0,0
2510,2024-01-27 15:58:35,Soft Drink,2,15,0,0
2511,2024-01-27 18:40:06,Soft Drink,2,15,0,0
2511,2024-01-27 18:40:06,Classic Burger,2,45,0,0
2511,2024-01-27 18:40:06,Chicken Burger,3,55,0,0
2511,2024-01-27 18:40:06,Milkshake,1,28,0,0
2511,2024-01-27 18:40:06,Chicken Nuggets,2,30,0,0
2512,2024-01-27 21:47:28,Double Burger,3,65,0,0
2512,2024-01-27 21:47:28,Classic Burger,3,45,0,0
2512,2024-01-27 21:47:28,Chicken Nuggets,3,30,0,0
2513,2024-01-27 14:09:59,Double Burger,1,65,0,0
2513,2024-01-27 14:09:59,Chicken Nuggets,3,30,0,0
2513,2024-01-27 14:09:59,Ice Cream,1,18,0,0
2513,2024-01-27 14:09:59,Cheese Burger,3,50,0,0
2513,2024-01-27 14:09:59,Classic Burger,3,45,0,0
2514,2024-01-27 18:59:28,Classic Burger,2,45,0,0
2514,2024-01-27 18:59:28,Milkshake,1,28,0,0
2514,2024-01-27 18:59:28,Double Burger,1,65,0,0
2514,2024-01-27 18:59:28,Ice Cream,1,18,0,0
2514,2024-01-27 18:59:28,Chicken Nuggets,1,30,0,0
2515,2024-01-27 19:41:51,Soft Drink,1,15,0,0
2515,2024-01-27 19:41:51,Milkshake,1,28,0,0
2515,2024-01-27 19:41:51,Ice Cream,1,18,0,0
2516,2024-01-27 20:58:37,Soft Drink,2,15,0,0
2517,2024-01-27 18:22:34,Chicken Burger,2,55,0,0
2518,2024-01-27 16:21:58,Milkshake,2,28,0,0
2518,2024-01-27 16:21:58,Fries,1,20,0,0
2518,2024-01-27 16:21:58,Chicken Nuggets,2,30,0,0
2518,2024-01-27 16:21:58,Classic Burger,1,45,0,0
2519,2024-01-27 15:57:21,Milkshake,3,28,0,0
2519,2024-01-27 15:57:21,Soft Drink,3,15,0,0
2520,2024-01-27 18:50:34,Classic Burger,1,45,0,0
2520,2024-01-27 18:50:34,Ice Cream,1,18,0,0
2521,2024-01-27 14:39:29,Soft Drink,1,15,0,0
2521,2024-01-27 14:39:29,Milkshake,3,28,0,0
2522,2024-01-27 10:36:25,Ice Cream,3,18,0,0
2522,2024-01-27 10:36:25,Chicken Nuggets,1,30,0,0
2522,2024-01-27 10:36:25,Onion Rings,2,22,0,0
2522,2024-01-27 10:36:25,Fries,2,20,0,0
2523,2024-01-27 19:35:28,Chicken Nuggets,1,30,0,0
2523,2024-01-27 19:35:28,Ice Cream,2,18,0,0
2523,2024-01-27 19:35:28,Milkshake,2,28,0,0
2523,2024-01-27 19:35:28,Double Burger,3,65,0,0
2523,2024-01-27 19:35:28,Cheese Burger,2,50,0,0
2524,2024-01-27 20:24:39,Classic Burger,3,45,0,0
2525,2024-01-27 10:02:24,Milkshake,3,28,0,0
2525,2024-01-27 10:02:24,Cheese Burger,3,50,0,0
2525,2024-01-27 10:02:24,Onion Rings,1,22,0,0
2525,2024-01-27 10:02:24,Fries,1,20,0,0
2525,2024-01-27 10:02:24,Chicken Nuggets,2,30,0,0
2526,2024-01-27 14:33:27,Double Burger,1,65,0,0
2526,2024-01-27 14:33:27,Chicken Nuggets,1,30,0,0
2526,2024-01-27 14:33:27,Onion Rings,1,22,0,0
2527,2024-01-27 19:37:51,Chicken Nuggets,3,30,0,0
2527,2024-01-27 19:37:51,Soft Drink,3,15,0,0
2527,2024-01-27 19:37:51,Cheese Burger,1,50,0,0
2527,2024-01-27 19:37:51,Milkshake,1,28,0,0
2527,2024-01-27 19:37:51,Classic Burger,2,45,0,0
2528,2024-01-27 23:22:22,Fries,2,20,0,0
2528,2024-01-27 23:22:22,Ice Cream,2,18,0,0
2528,2024-01-27 23:22:22,Classic Burger,3,45,0,0
2528,2024-01-27 23:22:22,Chicken Burger,3,55,0,0
2529,2024-01-27 18:58:28,Onion Rings,2,22,0,0
2529,2024-01-27 18:58:28,Ice Cream,3,18,0,0
2530,2024-01-27 15:32:00,Classic Burger,2,45,0,0
2530,2024-01-27 15:32:00,Cheese Burger,1,50,0,0
2530,2024-01-27 15:32:00,Milkshake,3,28,0,0
2530,2024-01-27 15:32:00,Soft Drink,1,15,0,0
2531,2024-01-27 17:50:06,Ice Cream,3,18,0,0
2531,2024-01-27 17:50:06,Milkshake,1,28,0,0
2531,2024-01-27 17:50:06,Cheese Burger,2,50,0,0
2531,2024-01-27 17:50:06,Chicken Nuggets,2,30,0,0
2532,2024-01-27 22:48:21,Double Burger,3,65,0,0
2533,2024-01-27 16:09:45,Chicken Burger,1,55,0,0
2533,2024-01-27 16:09:45,Ice Cream,1,18,0,0
2533,2024-01-27 16:09:45,Soft Drink,2,15,0,0
2534,2024-01-27 15:00:43,Ice Cream,1,18,0,0
2534,2024-01-27 15:00:43,Classic Burger,3,45,0,0
2534,2024-01-27 15:00:43,Onion Rings,3,22,0,0
2534,2024-01-27 15:00:43,Soft Drink,3,15,0,0
2534,2024-01-27 15:00:43,Milkshake,3,28,0,0
2535,2024-01-27 16:52:38,Fries,3,20,0,0
2535,2024-01-27 16:52:38,Classic Burger,2,45,0,0
2535,2024-01-27 16:52:38,Ice Cream,3,18,0,0
2535,2024-01-27 16:52:38,Chicken Burger,3,55,0,0
2536,2024-01-27 15:25:07,Soft Drink,1,15,0,0
2536,2024-01-27 15:25:07,Milkshake,3,28,0,0
2536,2024-01-27 15:25:07,Fries,2,20,0,0
2537,2024-01-27 18:49:20,Double Burger,1,65,0,0
2538,2024-01-27 22:22:42,Fries,3,20,0,0
2539,2024-01-27 18:18:12,Milkshake,2,28,0,0
2539,2024-01-27 18:18:12,Double Burger,3,65,0,0
2540,2024-01-27 17:41:42,Milkshake,2,28,0,0
2541,2024-01-27 17:36:45,Ice Cream,2,18,0,0
2541,2024-01-27 17:36:45,Fries,3,20,0,0
2541,2024-01-27 17:36:45,Soft Drink,1,15,0,0
2541,2024-01-27 17:36:45,Onion Rings,1,22,0,0
2542,2024-01-27 13:50:45,Soft Drink,3,15,0,0
2543,2024-01-27 20:46:09,Cheese Burger,1,50,0,0
2543,2024-01-27 20:46:09,Chicken Burger,1,55,0,0
2543,2024-01-27 20:46:09,Chicken Nuggets,3,30,0,0
2543,2024-01-27 20:46:09,Double Burger,2,65,0,0
2543,2024-01-27 20:46:09,Soft Drink,3,15,0,0
2544,2024-01-27 17:37:28,Chicken Nuggets,2,30,0,0
2544,2024-01-27 17:37:28,Cheese Burger,3,50,0,0
2544,2024-01-27 17:37:28,Double Burger,3,65,0,0
2544,2024-01-27 17:37:28,Ice Cream,1,18,0,0
2544,2024-01-27 17:37:28,Chicken Burger,1,55,0,0
2545,2024-01-27 17:56:54,Soft Drink,3,15,0,0
2545,2024-01-27 17:56:54,Chicken Burger,3,55,0,0
2545,2024-01-27 17:56:54,Milkshake,1,28,0,0
2545,2024-01-27 17:56:54,Fries,1,20,0,0
2546,2024-01-27 23:25:37,Onion Rings,3,22,0,0
2547,2024-01-28 21:44:52,Soft Drink,2,15,0,0
2547,2024-01-28 21:44:52,Chicken Burger,3,55,0,0
2548,2024-01-28 18:09:41,Chicken Nuggets,1,30,0,0
2549,2024-01-28 13:24:42,Onion Rings,3,22,0,0
2550,2024-01-28 20:30:39,Chicken Burger,1,55,0,0
2550,2024-01-28 20:30:39,Classic Burger,2,45,0,0
2550,2024-01-28 20:30:39,Milkshake,3,28,0,0
2551,2024-01-28 15:42:19,Chicken Nuggets,2,30,0,0
2552,2024-01-28 23:50:22,Classic Burger,1,45,0,0
2552,2024-01-28 23:50:22,Milkshake,3,28,0,0
2553,2024-01-28 21:32:46,Chicken Burger,1,55,0,0
2554,2024-01-28 16:59:07,Onion Rings,3,22,0,0
2554,2024-01-28 16:59:07,Double Burger,2,65,0,0
2555,2024-01-28 21:58:50,Fries,2,20,0,0
2556,2024-01-28 18:02:01,Classic Burger,3,45,0,0
2556,2024-01-28 18:02:01,Cheese Burger,2,50,0,0
2556,2024-01-28 18:02:01,Soft Drink,1,15,0,0
2556,2024-01-28 18:02:01,Chicken Nuggets,2,30,0,0
2556,2024-01-28 18:02:01,Milkshake,2,28,0,0
2557,2024-01-28 20:14:32,Soft Drink,3,15,0,0
2557,2024-01-28 20:14:32,Chicken Burger,2,55,0,0
2557,2024-01-28 20:14:32,Classic Burger,2,45,0,0
2557,2024-01-28 20:14:32,Fries,2,20,0,0
2558,2024-01-28 19:28:31,Double Burger,3,65,0,0
2558,2024-01-28 19:28:31,Chicken Nuggets,1,30,0,0
2558,2024-01-28 19:28:31,Fries,1,20,0,0
2558,2024-01-28 19:28:31,Soft Drink,1,15,0,0
2558,2024-01-28 19:28:31,Chicken Burger,3,55,0,0
2559,2024-01-28 15:07:23,Fries,1,20,0,0
2559,2024-01-28 15:07:23,Soft Drink,1,15,0,0
2559,2024-01-28 15:07:23,Chicken Nuggets,2,30,0,0
2559,2024-01-28 15:07:23,Ice Cream,1,18,0,0
2560,2024-01-28 16:01:41,Cheese Burger,1,50,0,0
2561,2024-01-28 21:25:11,Chicken Burger,2,55,0,0
2561,2024-01-28 21:25:11,Soft Drink,2,15,0,0
2561,2024-01-28 21:25:11,Milkshake,2,28,0,0
2561,2024-01-28 21:25:11,Double Burger,2,65,0,0
2561,2024-01-28 21:25:11,Cheese Burger,3,50,0,0
2562,2024-01-28 16:12:12,Ice Cream,2,18,0,0
2562,2024-01-28 16:12:12,Cheese Burger,1,50,0,0
2562,2024-01-28 16:12:12,Chicken Burger,3,55,0,0
2563,2024-01-28 16:23:10,Double Burger,2,65,0,0
2563,2024-01-28 16:23:10,Cheese Burger,3,50,0,0
2563,2024-01-28 16:23:10,Chicken Burger,3,55,0,0
2563,2024-01-28 16:23:10,Onion Rings,3,22,0,0
2563,2024-01-28 16:23:10,Ice Cream,2,18,0,0
2564,2024-01-28 15:35:07,Classic Burger,2,45,0,0
2564,2024-01-28 15:35:07,Ice Cream,1,18,0,0
2564,2024-01-28 15:35:07,Double Burger,3,65,0,0
2564,2024-01-28 15:35:07,Chicken Nuggets,3,30,0,0
2564,2024-01-28 15:35:07,Cheese Burger,3,50,0,0
2565,2024-01-28 19:18:14,Fries,3,20,0,0
2566,2024-01-28 23:40:17,Chicken Burger,1,55,0,0
2566,2024-01-28 23:40:17,Milkshake,1,28,0,0
2566,2024-01-28 23:40:17,Classic Burger,2,45,0,0
2566,2024-01-28 23:40:17,Ice Cream,3,18,0,0
2567,2024-01-28 14:03:30,Milkshake,1,28,0,0
2567,2024-01-28 14:03:30,Ice Cream,3,18,0,0
2568,2024-01-28 18:21:53,Chicken Burger,1,55,0,0
2569,2024-01-28 22:47:27,Onion Rings,1,22,0,0
2570,2024-01-28 17:42:14,Fries,1,20,0,0
2570,2024-01-28 17:42:14,Soft Drink,1,15,0,0
2570,2024-01-28 17:42:14,Milkshake,1,28,0,0
2571,2024-01-28 19:08:08,Double Burger,1,65,0,0
2572,2024-01-28 14:20:33,Chicken Nuggets,2,30,0,0
2572,2024-01-28 14:20:33,Chicken Burger,1,55,0,0
2572,2024-01-28 14:20:33,Cheese Burger,3,50,0,0
2572,2024-01-28 14:20:33,Fries,3,20,0,0
2572,2024-01-28 14:20:33,Ice Cream,3,18,0,0
2573,2024-01-28 19:56:48,Onion Rings,2,22,0,0
2573,2024-01-28 19:56:48,Double Burger,3,65,0,0
2574,2024-01-28 17:59:33,Chicken Burger,2,55,0,0
2574,2024-01-28 17:59:33,Chicken Nuggets,2,30,0,0
2574,2024-01-28 17:59:33,Milkshake,2,28,0,0
2574,2024-01-28 17:59:33,Onion Rings,1,22,0,0
2575,2024-01-28 20:12:43,Soft Drink,3,15,0,0
2575,2024-01-28 20:12:43,Cheese Burger,3,50,0,0
2575,2024-01-28 20:12:43,Milkshake,3,28,0,0
2576,2024-01-28 21:11:07,Chicken Nuggets,3,30,0,0
2577,2024-01-28 23:56:32,Fries,3,20,0,0
2577,2024-01-28 23:56:32,Chicken Nuggets,3,30,0,0
2577,2024-01-28 23:56:32,Ice Cream,1,18,0,0
2577,2024-01-28 23:56:32,Classic Burger,3,45,0,0
2578,2024-01-28 19:30:50,Cheese Burger,1,50,0,0
2579,2024-01-28 18:16:54,Chicken Nuggets,3,30,0,0
2579,2024-01-28 18:16:54,Fries,3,20,0,0
2579,2024-01-28 18:16:54,Onion Rings,2,22,0,0
2579,2024-01-28 18:16:54,Chicken Burger,3,55,0,0
2579,2024-01-28 18:16:54,Cheese Burger,3,50,0,0
2580,2024-01-28 18:27:29,Cheese Burger,2,50,0,0
2580,2024-01-28 18:27:29,Double Burger,1,65,0,0
2581,2024-01-28 16:49:54,Classic Burger,2,45,0,0
2581,2024-01-28 16:49:54,Ice Cream,3,18,0,0
2581,2024-01-28 16:49:54,Soft Drink,1,15,0,0
2581,2024-01-28 16:49:54,Double Burger,2,65,0,0
2581,2024-01-28 16:49:54,Onion Rings,2,22,0,0
2582,2024-01-28 19:19:10,Soft Drink,2,15,0,0
2582,2024-01-28 19:19:10,Chicken Nuggets,2,30,0,0
2582,2024-01-28 19:19:10,Chicken Burger,3,55,0,0
2582,2024-01-28 19:19:10,Fries,2,20,0,0
2582,2024-01-28 19:19:10,Milkshake,2,28,0,0
2583,2024-01-28 17:41:31,Chicken Nuggets,3,30,0,0
2583,2024-01-28 17:41:31,Ice Cream,1,18,0,0
2583,2024-01-28 17:41:31,Soft Drink,2,15,0,0
2583,2024-01-28 17:41:31,Onion Rings,2,22,0,0
2584,2024-01-28 18:31:44,Ice Cream,3,18,0,0
2584,2024-01-28 18:31:44,Chicken Burger,3,55,0,0
2584,2024-01-28 18:31:44,Soft Drink,1,15,0,0
2584,2024-01-28 18:31:44,Classic Burger,3,45,0,0
2585,2024-01-28 21:58:37,Cheese Burger,2,50,0,0
2586,2024-01-28 14:48:34,Soft Drink,3,15,0,0
2586,2024-01-28 14:48:34,Onion Rings,2,22,0,0
2586,2024-01-28 14:48:34,Double Burger,2,65,0,0
2586,2024-01-28 14:48:34,Cheese Burger,2,50,0,0
2587,2024-01-28 21:20:16,Classic Burger,1,45,0,0
2587,2024-01-28 21:20:16,Milkshake,1,28,0,0
2587,2024-01-28 21:20:16,Chicken Nuggets,1,30,0,0
2587,2024-01-28 21:20:16,Onion Rings,3,22,0,0
2588,2024-01-28 21:26:10,Onion Rings,2,22,0,0
2588,2024-01-28 21:26:10,Chicken Nuggets,2,30,0,0
2588,2024-01-28 21:26:10,Chicken Burger,1,55,0,0
2588,2024-01-28 21:26:10,Classic Burger,1,45,0,0
2588,2024-01-28 21:26:10,Soft Drink,2,15,0,0
2589,2024-01-28 17:51:49,Cheese Burger,1,50,0,0
2589,2024-01-28 17:51:49,Double Burger,1,65,0,0
2589,2024-01-28 17:51:49,Onion Rings,3,22,0,0
2589,2024-01-28 17:51:49,Classic Burger,3,45,0,0
2589,2024-01-28 17:51:49,Chicken Nuggets,2,30,0,0
2590,2024-01-28 11:30:33,Chicken Burger,3,55,0,0
2591,2024-01-28 16:02:42,Onion Rings,2,22,0,0
2591,2024-01-28 16:02:42,Cheese Burger,1,50,0,0
2591,2024-01-28 16:02:42,Chicken Nuggets,2,30,0,0
2592,2024-01-28 21:27:20,Ice Cream,2,18,0,0
2593,2024-01-28 17:17:13,Chicken Nuggets,2,30,0,0
2594,2024-01-28 15:58:55,Milkshake,1,28,0,0
2594,2024-01-28 15:58:55,Classic Burger,3,45,0,0
2595,2024-01-28 16:15:15,Fries,2,20,0,0
2595,2024-01-28 16:15:15,Onion Rings,1,22,0,0
2595,2024-01-28 16:15:15,Chicken Nuggets,1,30,0,0
2595,2024-01-28 16:15:15,Soft Drink,2,15,0,0
2596,2024-01-28 20:04:32,Classic Burger,2,45,0,0
2596,2024-01-28 20:04:32,Ice Cream,2,18,0,0
2596,2024-01-28 20:04:32,Cheese Burger,3,50,0,0
2596,2024-01-28 20:04:32,Milkshake,2,28,0,0
2596,2024-01-28 20:04:32,Double Burger,3,65,0,0
2597,2024-01-28 19:12:30,Classic Burger,2,45,0,0
2598,2024-01-28 17:24:25,Classic Burger,3,45,0,0
2598,2024-01-28 17:24:25,Soft Drink,3,15,0,0
2598,2024-01-28 17:24:25,Ice Cream,1,18,0,0
2598,2024-01-28 17:24:25,Double Burger,1,65,0,0
2598,2024-01-28 17:24:25,Chicken Nuggets,3,30,0,0
2599,2024-01-28 16:08:33,Double Burger,2,65,0,0
2599,2024-01-28 16:08:33,Cheese Burger,1,50,0,0
2599,2024-01-28 16:08:33,Classic Burger,2,45,0,0
2600,2024-01-28 16:23:51,Chicken Burger,2,55,0,0
2600,2024-01-28 16:23:51,Double Burger,2,65,0,0
2600,2024-01-28 16:23:51,Milkshake,2,28,0,0
2601,2024-01-28 15:09:46,Classic Burger,2,45,0,0
2602,2024-01-28 22:59:09,Classic Burger,2,45,0,0
2602,2024-01-28 22:59:09,Onion Rings,1,22,0,0
2602,2024-01-28 22:59:09,Cheese Burger,2,50,0,0
2603,2024-01-28 17:05:12,Classic Burger,1,45,0,0
2603,2024-01-28 17:05:12,Cheese Burger,3,50,0,0
2604,2024-01-28 21:48:12,Soft Drink,3,15,0,0
2605,2024-01-28 22:26:44,Chicken Nuggets,1,30,0,0
2606,2024-01-28 20:40:48,Ice Cream,2,18,0,0
2607,2024-01-28 16:23:21,Chicken Burger,3,55,0,0
2607,2024-01-28 16:23:21,Fries,3,20,0,0
2608,2024-01-28 19:03:48,Double Burger,1,65,0,0
2608,2024-01-28 19:03:48,Chicken Burger,1,55,0,0
2609,2024-01-28 17:55:38,Fries,2,20,0,0
2610,2024-01-28 15:08:50,Soft Drink,2,15,0,0
2610,2024-01-28 15:08:50,Classic Burger,3,45,0,0
2611,2024-01-28 18:09:46,Double Burger,1,65,0,0
2611,2024-01-28 18:09:46,Soft Drink,1,15,0,0
2611,2024-01-28 18:09:46,Chicken Nuggets,2,30,0,0
2611,2024-01-28 18:09:46,Milkshake,1,28,0,0
2612,2024-01-28 14:31:07,Onion Rings,3,22,0,0
2613,2024-01-28 21:22:20,Double Burger,3,65,0,0
2614,2024-01-29 17:03:06,Soft Drink,1,15,1,0
2615,2024-01-29 19:41:53,Cheese Burger,3,50,1,0
2615,2024-01-29 19:41:53,Classic Burger,3,45,1,0
2615,2024-01-29 19:41:53,Milkshake,1,28,1,0
2616,2024-01-29 16:24:06,Double Burger,2,65,1,0
2616,2024-01-29 16:24:06,Chicken Nuggets,3,30,1,0
2616,2024-01-29 16:24:06,Cheese Burger,1,50,1,0
2616,2024-01-29 16:24:06,Soft Drink,1,15,1,0
2616,2024-01-29 16:24:06,Milkshake,2,28,1,0
2617,2024-01-29 20:59:34,Double Burger,2,65,1,0
2617,2024-01-29 20:59:34,Milkshake,2,28,1,0
2617,2024-01-29 20:59:34,Ice Cream,1,18,1,0
2617,2024-01-29 20:59:34,Chicken Nuggets,1,30,1,0
2617,2024-01-29 20:59:34,Soft Drink,3,15,1,0
2618,2024-01-29 13:51:46,Classic Burger,2,45,1,0
2618,2024-01-29 13:51:46,Milkshake,3,28,1,0
2618,2024-01-29 13:51:46,Fries,1,20,1,0
2618,2024-01-29 13:51:46,Onion Rings,2,22,1,0
2619,2024-01-29 18:24:52,Fries,2,20,1,0
2619,2024-01-29 18:24:52,Onion Rings,1,22,1,0
2619,2024-01-29 18:24:52,Chicken Nuggets,1,30,1,0
2620,2024-01-29 23:20:09,Cheese Burger,1,50,1,0
2620,2024-01-29 23:20:09,Milkshake,3,28,1,0
2620,2024-01-29 23:20:09,Onion Rings,1,22,1,0
2621,2024-01-29 14:15:41,Ice Cream,2,18,1,0
2621,2024-01-29 14:15:41,Double Burger,2,65,1,0
2621,2024-01-29 14:15:41,Fries,1,20,1,0
2622,2024-01-29 15:01:20,Chicken Nuggets,3,30,1,0
2622,2024-01-29 15:01:20,Double Burger,1,65,1,0
2622,2024-01-29 15:01:20,Chicken Burger,2,55,1,0
2622,2024-01-29 15:01:20,Fries,3,20,1,0
2623,2024-01-29 19:15:24,Classic Burger,2,45,1,0
2623,2024-01-29 19:15:24,Milkshake,2,28,1,0
2623,2024-01-29 19:15:24,Chicken Nuggets,1,30,1,0
2624,2024-01-29 18:23:06,Fries,2,20,1,0
2624,2024-01-29 18:23:06,Chicken Burger,3,55,1,0
2625,2024-01-29 19:14:42,Onion Rings,1,22,1,0
2625,2024-01-29 19:14:42,Milkshake,3,28,1,0
2625,2024-01-29 19:14:42,Double Burger,3,65,1,0
2626,2024-01-29 19:30:38,Onion Rings,2,22,1,0
2626,2024-01-29 19:30:38,Soft Drink,2,15,1,0
2626,2024-01-29 19:30:38,Double Burger,2,65,1,0
2626,2024-01-29 19:30:38,Chicken Burger,2,55,1,0
2626,2024-01-29 19:30:38,Classic Burger,2,45,1,0
2627,2024-01-29 19:54:53,Soft Drink,1,15,1,0
2627,2024-01-29 19:54:53,Ice Cream,1,18,1,0
2627,2024-01-29 19:54:53,Onion Rings,2,22,1,0
2627,2024-01-29 19:54:53,Chicken Burger,2,55,1,0
2628,2024-01-29 21:31:13,Onion Rings,3,22,1,0
2628,2024-01-29 21:31:13,Soft Drink,3,15,1,0
2628,2024-01-29 21:31:13,Milkshake,2,28,1,0
2628,2024-01-29 21:31:13,Fries,1,20,1,0
2628,2024-01-29 21:31:13,Double Burger,1,65,1,0
2629,2024-01-29 19:10:31,Double Burger,2,65,1,0
2629,2024-01-29 19:10:31,Onion Rings,2,22,1,0
2629,2024-01-29 19:10:31,Chicken Burger,3,55,1,0
2630,2024-01-29 17:10:41,Soft Drink,3,15,1,0
2630,2024-01-29 17:10:41,Fries,3,20,1,0
2630,2024-01-29 17:10:41,Double Burger,2,65,1,0
2630,2024-01-29 17:10:41,Classic Burger,3,45,1,0
2631,2024-01-29 20:03:05,Fries,1,20,1,0
2632,2024-01-29 23:57:20,Double Burger,3,65,1,0
2633,2024-01-29 17:56:37,Milkshake,1,28,1,0
2633,2024-01-29 17:56:37,Double Burger,2,65,1,0
2634,2024-01-29 15:39:35,Chicken Burger,2,55,1,0
2634,2024-01-29 15:39:35,Onion Rings,1,22,1,0
2634,2024-01-29 15:39:35,Fries,1,20,1,0
2635,2024-01-29 21:43:43,Chicken Nuggets,2,30,1,0
2635,2024-01-29 21:43:43,Double Burger,1,65,1,0
2635,2024-01-29 21:43:43,Ice Cream,3,18,1,0
2635,2024-01-29 21:43:43,Fries,1,20,1,0
2635,2024-01-29 21:43:43,Cheese Burger,2,50,1,0
2636,2024-01-29 17:09:32,Chicken Nuggets,1,30,1,0
2636,2024-01-29 17:09:32,Cheese Burger,2,50,1,0
2637,2024-01-29 11:50:47,Ice Cream,1,18,1,0
2637,2024-01-29 11:50:47,Cheese Burger,1,50,1,0
2637,2024-01-29 11:50:47,Chicken Burger,3,55,1,0
2637,2024-01-29 11:50:47,Onion Rings,2,22,1,0
2638,2024-01-29 20:05:59,Double Burger,2,65,1,0
2638,2024-01-29 20:05:59,Classic Burger,2,45,1,0
2638,2024-01-29 20:05:59,Chicken Nuggets,2,30,1,0
2638,2024-01-29 20:05:59,Onion Rings,2,22,1,0
2638,2024-01-29 20:05:59,Cheese Burger,3,50,1,0
2639,2024-01-29 16:33:26,Fries,1,20,1,0
2640,2024-01-29 17:43:33,Milkshake,1,28,1,0
2640,2024-01-29 17:43:33,Classic Burger,3,45,1,0
2641,2024-01-29 18:05:07,Chicken Nuggets,2,30,1,0
2641,2024-01-29 18:05:07,Chicken Burger,1,55,1,0
2642,2024-01-29 18:06:31,Onion Rings,2,22,1,0
2642,2024-01-29 18:06:31,Cheese Burger,2,50,1,0
2642,2024-01-29 18:06:31,Chicken Nuggets,1,30,1,0
2642,2024-01-29 18:06:31,Classic Burger,1,45,1,0
2643,2024-01-29 20:55:13,Onion Rings,2,22,1,0
2644,2024-01-29 16:09:10,Onion Rings,3,22,1,0
2644,2024-01-29 16:09:10,Soft Drink,1,15,1,0
2645,2024-01-29 19:04:14,Ice Cream,1,18,1,0
2645,2024-01-29 19:04:14,Soft Drink,1,15,1,0
2645,2024-01-29 19:04:14,Fries,2,20,1,0
2646,2024-01-29 17:36:06,Double Burger,2,65,1,0
2646,2024-01-29 17:36:06,Onion Rings,2,22,1,0
2646,2024-01-29 17:36:06,Chicken Nuggets,1,30,1,0
2646,2024-01-29 17:36:06,Soft Drink,2,15,1,0
2646,2024-01-29 17:36:06,Classic Burger,2,45,1,0
2647,2024-01-29 20:15:34,Chicken Nuggets,1,30,1,0
2647,2024-01-29 20:15:34,Chicken Burger,2,55,1,0
2648,2024-01-29 19:57:29,Chicken Burger,2,55,1,0
2648,2024-01-29 19:57:29,Fries,3,20,1,0
2649,2024-01-29 15:35:45,Double Burger,2,65,1,0
2649,2024-01-29 15:35:45,Fries,1,20,1,0
2650,2024-01-29 21:41:10,Soft Drink,1,15,1,0
2651,2024-01-29 16:37:56,Onion Rings,1,22,1,0
2651,2024-01-29 16:37:56,Chicken Burger,1,55,1,0
2651,2024-01-29 16:37:56,Classic Burger,2,45,1,0
2651,2024-01-29 16:37:56,Soft Drink,3,15,1,0
2652,2024-01-29 20:43:18,Ice Cream,2,18,1,0
2652,2024-01-29 20:43:18,Classic Burger,3,45,1,0
2653,2024-01-29 19:42:26,Soft Drink,3,15,1,0
2653,2024-01-29 19:42:26,Fries,2,20,1,0
2653,2024-01-29 19:42:26,Chicken Burger,2,55,1,0
2653,2024-01-29 19:42:26,Classic Burger,1,45,1,0
2653,2024-01-29 19:42:26,Ice Cream,1,18,1,0
2654,2024-01-29 23:07:28,Classic Burger,2,45,1,0
2654,2024-01-29 23:07:28,Onion Rings,1,22,1,0
2654,2024-01-29 23:07:28,Soft Drink,2,15,1,0
2654,2024-01-29 23:07:28,Ice Cream,3,18,1,0
2654,2024-01-29 23:07:28,Double Burger,2,65,1,0
2655,2024-01-29 17:13:15,Chicken Burger,1,55,1,0
2655,2024-01-29 17:13:15,Classic Burger,1,45,1,0
2655,2024-01-29 17:13:15,Chicken Nuggets,2,30,1,0
2655,2024-01-29 17:13:15,Soft Drink,1,15,1,0
2655,2024-01-29 17:13:15,Ice Cream,2,18,1,0
2656,2024-01-29 16:55:05,Onion Rings,3,22,1,0
2656,2024-01-29 16:55:05,Milkshake,1,28,1,0
2656,2024-01-29 16:55:05,Chicken Burger,2,55,1,0
2656,2024-01-29 16:55:05,Chicken Nuggets,2,30,1,0
2657,2024-01-29 17:27:27,Milkshake,2,28,1,0
2657,2024-01-29 17:27:27,Soft Drink,1,15,1,0
2658,2024-01-29 17:25:53,Classic Burger,1,45,1,0
2658,2024-01-29 17:25:53,Fries,3,20,1,0
2658,2024-01-29 17:25:53,Double Burger,2,65,1,0
2659,2024-01-29 20:06:43,Milkshake,2,28,1,0
2659,2024-01-29 20:06:43,Chicken Burger,1,55,1,0
2659,2024-01-29 20:06:43,Double Burger,1,65,1,0
2659,2024-01-29 20:06:43,Soft Drink,2,15,1,0
2659,2024-01-29 20:06:43,Cheese Burger,3,50,1,0
2660,2024-01-29 13:32:34,Double Burger,1,65,1,0
2660,2024-01-29 13:32:34,Chicken Burger,3,55,1,0
2660,2024-01-29 13:32:34,Fries,1,20,1,0
2661,2024-01-29 14:07:51,Onion Rings,2,22,1,0
2661,2024-01-29 14:07:51,Soft Drink,2,15,1,0
2661,2024-01-29 14:07:51,Classic Burger,2,45,1,0
2661,2024-01-29 14:07:51,Chicken Burger,1,55,1,0
2661,2024-01-29 14:07:51,Cheese Burger,3,50,1,0
2662,2024-01-29 14:46:11,Milkshake,3,28,1,0
2662,2024-01-29 14:46:11,Ice Cream,3,18,1,0
2663,2024-01-29 20:18:09,Fries,1,20,1,0
2663,2024-01-29 20:18:09,Milkshake,3,28,1,0
2664,2024-01-29 23:23:28,Fries,2,20,1,0
2665,2024-01-30 17:26:27,Ice Cream,1,18,1,0
2665,2024-01-30 17:26:27,Soft Drink,3,15,1,0
2666,2024-01-30 18:34:36,Milkshake,2,28,1,0
2666,2024-01-30 18:34:36,Double Burger,1,65,1,0
2666,2024-01-30 18:34:36,Soft Drink,1,15,1,0
2666,2024-01-30 18:34:36,Chicken Burger,1,55,1,0
2667,2024-01-30 21:55:41,Double Burger,2,65,1,0
2667,2024-01-30 21:55:41,Ice Cream,2,18,1,0
2668,2024-01-30 15:21:51,Chicken Nuggets,1,30,1,0
2669,2024-01-30 18:01:04,Double Burger,1,65,1,0
2669,2024-01-30 18:01:04,Chicken Burger,1,55,1,0
2669,2024-01-30 18:01:04,Classic Burger,2,45,1,0
2669,2024-01-30 18:01:04,Fries,3,20,1,0
2669,2024-01-30 18:01:04,Soft Drink,2,15,1,0
2670,2024-01-30 20:44:09,Classic Burger,1,45,1,0
2670,2024-01-30 20:44:09,Onion Rings,2,22,1,0
2670,2024-01-30 20:44:09,Ice Cream,3,18,1,0
2670,2024-01-30 20:44:09,Cheese Burger,2,50,1,0
2670,2024-01-30 20:44:09,Double Burger,3,65,1,0
2671,2024-01-30 19:37:16,Milkshake,2,28,1,0
2671,2024-01-30 19:37:16,Soft Drink,1,15,1,0
2671,2024-01-30 19:37:16,Chicken Burger,2,55,1,0
2672,2024-01-30 18:52:03,Milkshake,1,28,1,0
2673,2024-01-30 21:25:25,Fries,1,20,1,0
2673,2024-01-30 21:25:25,Double Burger,1,65,1,0
2674,2024-01-30 10:27:06,Double Burger,3,65,1,0
2674,2024-01-30 10:27:06,Fries,3,20,1,0
2674,2024-01-30 10:27:06,Milkshake,3,28,1,0
2674,2024-01-30 10:27:06,Onion Rings,2,22,1,0
2674,2024-01-30 10:27:06,Classic Burger,1,45,1,0
2675,2024-01-30 20:47:51,Ice Cream,3,18,1,0
2676,2024-01-30 16:10:11,Cheese Burger,2,50,1,0
2676,2024-01-30 16:10:11,Soft Drink,1,15,1,0
2677,2024-01-30 12:47:58,Fries,1,20,1,0
2677,2024-01-30 12:47:58,Classic Burger,1,45,1,0
2677,2024-01-30 12:47:58,Chicken Nuggets,3,30,1,0
2677,2024-01-30 12:47:58,Double Burger,1,65,1,0
2677,2024-01-30 12:47:58,Cheese Burger,1,50,1,0
2678,2024-01-30 19:27:53,Fries,2,20,1,0
2678,2024-01-30 19:27:53,Milkshake,1,28,1,0
2679,2024-01-30 22:32:10,Double Burger,2,65,1,0
2680,2024-01-30 17:26:20,Fries,1,20,1,0
2681,2024-01-30 20:18:55,Chicken Burger,3,55,1,0
2682,2024-01-30 22:02:33,Double Burger,2,65,1,0
2682,2024-01-30 22:02:33,Chicken Burger,2,55,1,0
2683,2024-01-30 21:39:29,Soft Drink,2,15,1,0
2683,2024-01-30 21:39:29,Milkshake,1,28,1,0
2683,2024-01-30 21:39:29,Chicken Burger,2,55,1,0
2684,2024-01-30 22:24:30,Classic Burger,2,45,1,0
2685,2024-01-30 20:00:05,Classic Burger,1,45,1,0
2686,2024-01-30 18:53:08,Chicken Burger,2,55,1,0
2686,2024-01-30 18:53:08,Cheese Burger,3,50,1,0
2686,2024-01-30 18:53:08,Classic Burger,1,45,1,0
2687,2024-01-30 13:31:10,Cheese Burger,2,50,1,0
2687,2024-01-30 13:31:10,Ice Cream,1,18,1,0
2688,2024-01-30 17:46:18,Cheese Burger,1,50,1,0
2688,2024-01-30 17:46:18,Milkshake,3,28,1,0
2688,2024-01-30 17:46:18,Ice Cream,1,18,1,0
2688,2024-01-30 17:46:18,Chicken Nuggets,3,30,1,0
2688,2024-01-30 17:46:18,Onion Rings,3,22,1,0
2689,2024-01-30 15:43:31,Onion Rings,1,22,1,0
2690,2024-01-30 23:07:37,Onion Rings,1,22,1,0
2691,2024-01-30 17:32:27,Chicken Burger,3,55,1,0
2691,2024-01-30 17:32:27,Fries,1,20,1,0
2692,2024-01-30 18:55:12,Chicken Burger,1,55,1,0
2692,2024-01-30 18:55:12,Double Burger,2,65,1,0
2692,2024-01-30 18:55:12,Soft Drink,3,15,1,0
2693,2024-01-30 19:21:43,Fries,2,20,1,0
2693,2024-01-30 19:21:43,Cheese Burger,2,50,1,0
2693,2024-01-30 19:21:43,Classic Burger,2,45,1,0
2694,2024-01-30 18:07:30,Classic Burger,1,45,1,0
2694,2024-01-30 18:07:30,Soft Drink,3,15,1,0
2694,2024-01-30 18:07:30,Chicken Burger,1,55,1,0
2695,2024-01-30 23:27:26,Classic Burger,2,45,1,0
2695,2024-01-30 23:27:26,Milkshake,1,28,1,0
2695,2024-01-30 23:27:26,Fries,3,20,1,0
2696,2024-01-30 16:00:36,Soft Drink,2,15,1,0
2696,2024-01-30 16:00:36,Classic Burger,2,45,1,0
2696,2024-01-30 16:00:36,Onion Rings,1,22,1,0
2697,2024-01-30 18:20:49,Chicken Nuggets,3,30,1,0
2698,2024-01-30 15:07:28,Fries,1,20,1,0
2698,2024-01-30 15:07:28,Chicken Burger,3,55,1,0
2698,2024-01-30 15:07:28,Cheese Burger,2,50,1,0
2699,2024-01-30 14:01:17,Ice Cream,1,18,1,0
2699,2024-01-30 14:01:17,Milkshake,2,28,1,0
2700,2024-01-30 16:49:17,Classic Burger,3,45,1,0
2701,2024-01-30 17:45:50,Chicken Burger,3,55,1,0
2701,2024-01-30 17:45:50,Milkshake,3,28,1,0
2701,2024-01-30 17:45:50,Fries,3,20,1,0
2701,2024-01-30 17:45:50,Onion Rings,2,22,1,0
2702,2024-01-30 16:16:03,Double Burger,3,65,1,0
2702,2024-01-30 16:16:03,Milkshake,1,28,1,0
2703,2024-01-30 15:01:41,Fries,3,20,1,0
2703,2024-01-30 15:01:41,Onion Rings,1,22,1,0
2703,2024-01-30 15:01:41,Ice Cream,1,18,1,0
2703,2024-01-30 15:01:41,Cheese Burger,2,50,1,0
2703,2024-01-30 15:01:41,Soft Drink,3,15,1,0
2704,2024-01-30 13:20:21,Double Burger,2,65,1,0
2704,2024-01-30 13:20:21,Fries,3,20,1,0
2704,2024-01-30 13:20:21,Cheese Burger,1,50,1,0
2705,2024-01-30 17:04:32,Onion Rings,3,22,1,0
2705,2024-01-30 17:04:32,Double Burger,1,65,1,0
2706,2024-01-30 13:38:11,Classic Burger,2,45,1,0
2707,2024-01-30 20:05:16,Chicken Nuggets,3,30,1,0
2708,2024-01-30 18:24:18,Fries,3,20,1,0
2709,2024-01-30 13:59:52,Chicken Nuggets,1,30,1,0
2709,2024-01-30 13:59:52,Milkshake,1,28,1,0
2709,2024-01-30 13:59:52,Soft Drink,1,15,1,0
2709,2024-01-30 13:59:52,Ice Cream,1,18,1,0
2709,2024-01-30 13:59:52,Onion Rings,2,22,1,0
2710,2024-01-30 17:03:23,Ice Cream,2,18,1,0
2711,2024-01-30 15:52:35,Chicken Nuggets,2,30,1,0
2711,2024-01-30 15:52:35,Chicken Burger,2,55,1,0
2711,2024-01-30 15:52:35,Double Burger,3,65,1,0
2712,2024-01-30 18:45:32,Classic Burger,3,45,1,0
2712,2024-01-30 18:45:32,Double Burger,3,65,1,0
2712,2024-01-30 18:45:32,Onion Rings,2,22,1,0
2712,2024-01-30 18:45:32,Soft Drink,3,15,1,0
2712,2024-01-30 18:45:32,Ice Cream,3,18,1,0
2713,2024-01-30 22:08:21,Chicken Nuggets,1,30,1,0
2713,2024-01-30 22:08:21,Soft Drink,1,15,1,0
2713,2024-01-30 22:08:21,Cheese Burger,3,50,1,0
2713,2024-01-30 22:08:21,Double Burger,1,65,1,0
2714,2024-01-31 20:33:12,Fries,3,20,1,0
2714,2024-01-31 20:33:12,Ice Cream,3,18,1,0
2714,2024-01-31 20:33:12,Milkshake,1,28,1,0
2714,2024-01-31 20:33:12,Classic Burger,2,45,1,0
2715,2024-01-31 18:39:38,Cheese Burger,1,50,1,0
2716,2024-01-31 15:27:19,Onion Rings,1,22,1,0
2716,2024-01-31 15:27:19,Soft Drink,1,15,1,0
2717,2024-01-31 17:02:49,Fries,1,20,1,0
2717,2024-01-31 17:02:49,Soft Drink,2,15,1,0
2717,2024-01-31 17:02:49,Onion Rings,1,22,1,0
2717,2024-01-31 17:02:49,Cheese Burger,2,50,1,0
2717,2024-01-31 17:02:49,Classic Burger,2,45,1,0
2718,2024-01-31 15:49:37,Ice Cream,1,18,1,0
2718,2024-01-31 15:49:37,Classic Burger,3,45,1,0
2718,2024-01-31 15:49:37,Soft Drink,1,15,1,0
2719,2024-01-31 21:18:16,Milkshake,3,28,1,0
2719,2024-01-31 21:18:16,Cheese Burger,1,50,1,0
2719,2024-01-31 21:18:16,Onion Rings,3,22,1,0
2719,2024-01-31 21:18:16,Classic Burger,3,45,1,0
2720,2024-01-31 18:33:52,Double Burger,3,65,1,0
2720,2024-01-31 18:33:52,Chicken Nuggets,2,30,1,0
2720,2024-01-31 18:33:52,Chicken Burger,1,55,1,0
2721,2024-01-31 23:59:39,Double Burger,3,65,1,0
2721,2024-01-31 23:59:39,Milkshake,1,28,1,0
2721,2024-01-31 23:59:39,Classic Burger,1,45,1,0
2721,2024-01-31 23:59:39,Fries,1,20,1,0
2721,2024-01-31 23:59:39,Onion Rings,2,22,1,0
2722,2024-01-31 17:54:24,Fries,2,20,1,0
2722,2024-01-31 17:54:24,Classic Burger,3,45,1,0
2722,2024-01-31 17:54:24,Cheese Burger,3,50,1,0
2723,2024-01-31 15:27:48,Cheese Burger,2,50,1,0
2723,2024-01-31 15:27:48,Soft Drink,2,15,1,0
2723,2024-01-31 15:27:48,Milkshake,3,28,1,0
2724,2024-01-31 13:55:30,Classic Burger,1,45,1,0
2725,2024-01-31 12:47:32,Ice Cream,2,18,1,0
2725,2024-01-31 12:47:32,Classic Burger,1,45,1,0
2725,2024-01-31 12:47:32,Onion Rings,2,22,1,0
2725,2024-01-31 12:47:32,Cheese Burger,3,50,1,0
2726,2024-01-31 13:13:04,Chicken Nuggets,2,30,1,0
2726,2024-01-31 13:13:04,Onion Rings,3,22,1,0
2726,2024-01-31 13:13:04,Milkshake,2,28,1,0
2726,2024-01-31 13:13:04,Soft Drink,1,15,1,0
2727,2024-01-31 18:40:13,Fries,2,20,1,0
2727,2024-01-31 18:40:13,Onion Rings,1,22,1,0
2727,2024-01-31 18:40:13,Classic Burger,3,45,1,0
2728,2024-01-31 19:32:27,Chicken Nuggets,2,30,1,0
2728,2024-01-31 19:32:27,Cheese Burger,1,50,1,0
2728,2024-01-31 19:32:27,Chicken Burger,2,55,1,0
2728,2024-01-31 19:32:27,Double Burger,3,65,1,0
2728,2024-01-31 19:32:27,Soft Drink,2,15,1,0
2729,2024-01-31 13:27:07,Chicken Burger,1,55,1,0
2729,2024-01-31 13:27:07,Fries,1,20,1,0
2729,2024-01-31 13:27:07,Double Burger,1,65,1,0
2729,2024-01-31 13:27:07,Milkshake,3,28,1,0
2730,2024-01-31 20:27:42,Soft Drink,2,15,1,0
2730,2024-01-31 20:27:42,Cheese Burger,1,50,1,0
2730,2024-01-31 20:27:42,Fries,2,20,1,0
2730,2024-01-31 20:27:42,Ice Cream,3,18,1,0
2731,2024-01-31 16:40:53,Fries,1,20,1,0
2731,2024-01-31 16:40:53,Milkshake,2,28,1,0
2731,2024-01-31 16:40:53,Chicken Nuggets,2,30,1,0
2731,2024-01-31 16:40:53,Double Burger,1,65,1,0
2732,2024-01-31 18:45:12,Classic Burger,3,45,1,0
2732,2024-01-31 18:45:12,Double Burger,1,65,1,0
2733,2024-01-31 22:00:14,Onion Rings,2,22,1,0
2733,2024-01-31 22:00:14,Ice Cream,2,18,1,0
2733,2024-01-31 22:00:14,Chicken Nuggets,2,30,1,0
2733,2024-01-31 22:00:14,Cheese Burger,2,50,1,0
2734,2024-01-31 20:30:21,Onion Rings,2,22,1,0
2734,2024-01-31 20:30:21,Chicken Burger,2,55,1,0
2734,2024-01-31 20:30:21,Ice Cream,2,18,1,0
2735,2024-01-31 17:54:36,Soft Drink,3,15,1,0
2735,2024-01-31 17:54:36,Double Burger,2,65,1,0
2736,2024-01-31 15:28:09,Ice Cream,1,18,1,0
2736,2024-01-31 15:28:09,Soft Drink,3,15,1,0
2736,2024-01-31 15:28:09,Onion Rings,1,22,1,0
2736,2024-01-31 15:28:09,Fries,3,20,1,0
2736,2024-01-31 15:28:09,Chicken Nuggets,2,30,1,0
2737,2024-01-31 11:08:35,Cheese Burger,2,50,1,0
2737,2024-01-31 11:08:35,Chicken Nuggets,1,30,1,0
2738,2024-01-31 15:20:28,Onion Rings,2,22,1,0
2738,2024-01-31 15:20:28,Cheese Burger,1,50,1,0
2739,2024-01-31 17:56:30,Chicken Burger,2,55,1,0
2740,2024-01-31 15:39:01,Chicken Nuggets,1,30,1,0
2740,2024-01-31 15:39:01,Double Burger,1,65,1,0
2740,2024-01-31 15:39:01,Milkshake,2,28,1,0
2740,2024-01-31 15:39:01,Chicken Burger,3,55,1,0
2741,2024-01-31 17:07:39,Chicken Nuggets,1,30,1,0
2741,2024-01-31 17:07:39,Ice Cream,3,18,1,0
2741,2024-01-31 17:07:39,Milkshake,2,28,1,0
2741,2024-01-31 17:07:39,Double Burger,3,65,1,0
2741,2024-01-31 17:07:39,Fries,3,20,1,0
2742,2024-01-31 18:46:18,Classic Burger,3,45,1,0
2742,2024-01-31 18:46:18,Soft Drink,2,15,1,0
2742,2024-01-31 18:46:18,Cheese Burger,1,50,1,0
2743,2024-01-31 17:03:08,Cheese Burger,3,50,1,0
2743,2024-01-31 17:03:08,Onion Rings,3,22,1,0
2744,2024-01-31 16:52:04,Cheese Burger,1,50,1,0
2744,2024-01-31 16:52:04,Soft Drink,2,15,1,0
2744,2024-01-31 16:52:04,Fries,3,20,1,0
2744,2024-01-31 16:52:04,Double Burger,1,65,1,0
2745,2024-01-31 18:07:33,Fries,3,20,1,0
2745,2024-01-31 18:07:33,Classic Burger,1,45,1,0
2745,2024-01-31 18:07:33,Chicken Nuggets,2,30,1,0
2745,2024-01-31 18:07:33,Ice Cream,3,18,1,0
2745,2024-01-31 18:07:33,Chicken Burger,3,55,1,0
2746,2024-01-31 19:55:15,Chicken Burger,3,55,1,0
2746,2024-01-31 19:55:15,Soft Drink,1,15,1,0
2746,2024-01-31 19:55:15,Double Burger,1,65,1,0
2746,2024-01-31 19:55:15,Chicken Nuggets,2,30,1,0
2747,2024-01-31 14:19:59,Ice Cream,2,18,1,0
2747,2024-01-31 14:19:59,Milkshake,1,28,1,0
2747,2024-01-31 14:19:59,Double Burger,2,65,1,0
2748,2024-01-31 22:16:20,Classic Burger,2,45,1,0
2748,2024-01-31 22:16:20,Fries,2,20,1,0
2748,2024-01-31 22:16:20,Chicken Nuggets,2,30,1,0
2749,2024-01-31 17:29:08,Milkshake,2,28,1,0
2749,2024-01-31 17:29:08,Chicken Burger,1,55,1,0
2749,2024-01-31 17:29:08,Soft Drink,1,15,1,0
2750,2024-01-31 18:30:34,Soft Drink,1,15,1,0
2751,2024-01-31 20:28:54,Ice Cream,2,18,1,0
2751,2024-01-31 20:28:54,Cheese Burger,3,50,1,0
2751,2024-01-31 20:28:54,Fries,2,20,1,0
2752,2024-01-31 18:39:32,Milkshake,2,28,1,0
2752,2024-01-31 18:39:32,Onion Rings,2,22,1,0
2752,2024-01-31 18:39:32,Double Burger,2,65,1,0
2753,2024-01-31 20:33:56,Classic Burger,3,45,1,0
2753,2024-01-31 20:33:56,Cheese Burger,2,50,1,0
2753,2024-01-31 20:33:56,Chicken Burger,1,55,1,0
2754,2024-01-31 18:18:27,Cheese Burger,3,50,1,0
2755,2024-01-31 16:12:50,Cheese Burger,1,50,1,0
2755,2024-01-31 16:12:50,Onion Rings,2,22,1,0
2755,2024-01-31 16:12:50,Chicken Burger,1,55,1,0
2756,2024-01-31 19:24:57,Onion Rings,1,22,1,0
2756,2024-01-31 19:24:57,Chicken Nuggets,2,30,1,0
2756,2024-01-31 19:24:57,Milkshake,3,28,1,0
2756,2024-01-31 19:24:57,Chicken Burger,1,55,1,0
2756,2024-01-31 19:24:57,Ice Cream,3,18,1,0
2757,2024-01-31 14:09:46,Double Burger,2,65,1,0
2757,2024-01-31 14:09:46,Fries,3,20,1,0
2758,2024-01-31 18:27:04,Ice Cream,2,18,1,0
2758,2024-01-31 18:27:04,Double Burger,3,65,1,0
2758,2024-01-31 18:27:04,Classic Burger,3,45,1,0
2758,2024-01-31 18:27:04,Cheese Burger,3,50,1,0
2758,2024-01-31 18:27:04,Chicken Burger,2,55,1,0
2759,2024-01-31 17:45:33,Ice Cream,2,18,1,0
2760,2024-01-31 17:54:48,Milkshake,2,28,1,0
2760,2024-01-31 17:54:48,Chicken Nuggets,3,30,1,0
2760,2024-01-31 17:54:48,Double Burger,3,65,1,0
2760,2024-01-31 17:54:48,Classic Burger,2,45,1,0
2760,2024-01-31 17:54:48,Cheese Burger,3,50,1,0
2761,2024-01-31 17:19:07,Chicken Nuggets,2,30,1,0
2761,2024-01-31 17:19:07,Soft Drink,2,15,1,0
2761,2024-01-31 17:19:07,Onion Rings,3,22,1,0
2761,2024-01-31 17:19:07,Double Burger,1,65,1,0
2762,2024-02-01 18:08:03,Chicken Nuggets,3,30,1,0
2763,2024-02-01 14:50:07,Fries,1,20,1,0
2763,2024-02-01 14:50:07,Double Burger,3,65,1,0
2764,2024-02-01 21:38:09,Chicken Nuggets,1,30,1,0
2764,2024-02-01 21:38:09,Chicken Burger,3,55,1,0
2765,2024-02-01 15:02:36,Chicken Burger,2,55,1,0
2765,2024-02-01 15:02:36,Classic Burger,1,45,1,0
2765,2024-02-01 15:02:36,Ice Cream,2,18,1,0
2766,2024-02-01 20:03:05,Fries,2,20,1,0
2767,2024-02-01 19:45:02,Onion Rings,1,22,1,0
2768,2024-02-01 16:52:50,Double Burger,3,65,1,0
2768,2024-02-01 16:52:50,Milkshake,1,28,1,0
2768,2024-02-01 16:52:50,Cheese Burger,1,50,1,0
2768,2024-02-01 16:52:50,Soft Drink,3,15,1,0
2768,2024-02-01 16:52:50,Fries,1,20,1,0
2769,2024-02-01 23:08:06,Fries,1,20,1,0
2769,2024-02-01 23:08:06,Chicken Burger,1,55,1,0
2770,2024-02-01 14:37:23,Soft Drink,1,15,1,0
2771,2024-02-01 20:37:04,Ice Cream,1,18,1,0
2771,2024-02-01 20:37:04,Onion Rings,3,22,1,0
2771,2024-02-01 20:37:04,Double Burger,3,65,1,0
2771,2024-02-01 20:37:04,Fries,1,20,1,0
2771,2024-02-01 20:37:04,Cheese Burger,3,50,1,0
2772,2024-02-01 21:27:24,Classic Burger,1,45,1,0
2772,2024-02-01 21:27:24,Chicken Burger,1,55,1,0
2772,2024-02-01 21:27:24,Onion Rings,2,22,1,0
2772,2024-02-01 21:27:24,Cheese Burger,3,50,1,0
2773,2024-02-01 15:18:45,Soft Drink,1,15,1,0
2773,2024-02-01 15:18:45,Classic Burger,2,45,1,0
2773,2024-02-01 15:18:45,Onion Rings,3,22,1,0
2774,2024-02-01 22:13:21,Classic Burger,2,45,1,0
2774,2024-02-01 22:13:21,Soft Drink,1,15,1,0
2774,2024-02-01 22:13:21,Onion Rings,1,22,1,0
2774,2024-02-01 22:13:21,Cheese Burger,2,50,1,0
2774,2024-02-01 22:13:21,Chicken Nuggets,2,30,1,0
2775,2024-02-01 17:50:05,Chicken Nuggets,1,30,1,0
2775,2024-02-01 17:50:05,Double Burger,1,65,1,0
2775,2024-02-01 17:50:05,Chicken Burger,2,55,1,0
2776,2024-02-01 18:55:17,Cheese Burger,2,50,1,0
2777,2024-02-01 18:25:41,Onion Rings,3,22,1,0
2777,2024-02-01 18:25:41,Ice Cream,1,18,1,0
2778,2024-02-01 17:22:33,Ice Cream,3,18,1,0
2778,2024-02-01 17:22:33,Milkshake,2,28,1,0
2778,2024-02-01 17:22:33,Chicken Burger,3,55,1,0
2778,2024-02-01 17:22:33,Soft Drink,1,15,1,0
2779,2024-02-01 20:18:54,Double Burger,1,65,1,0
2779,2024-02-01 20:18:54,Chicken Nuggets,1,30,1,0
2779,2024-02-01 20:18:54,Milkshake,1,28,1,0
2780,2024-02-01 20:24:53,Double Burger,3,65,1,0
2781,2024-02-01 12:34:54,Milkshake,2,28,1,0
2781,2024-02-01 12:34:54,Onion Rings,1,22,1,0
2782,2024-02-01 21:30:01,Chicken Burger,2,55,1,0
2782,2024-02-01 21:30:01,Fries,2,20,1,0
2783,2024-02-01 13:08:40,Soft Drink,2,15,1,0
2783,2024-02-01 13:08:40,Double Burger,2,65,1,0
2784,2024-02-01 21:34:57,Onion Rings,2,22,1,0
2784,2024-02-01 21:34:57,Chicken Nuggets,2,30,1,0
2784,2024-02-01 21:34:57,Classic Burger,3,45,1,0
2784,2024-02-01 21:34:57,Cheese Burger,1,50,1,0
2785,2024-02-01 21:44:48,Fries,3,20,1,0
2785,2024-02-01 21:44:48,Classic Burger,2,45,1,0
2785,2024-02-01 21:44:48,Onion Rings,3,22,1,0
2785,2024-02-01 21:44:48,Milkshake,1,28,1,0
2786,2024-02-01 14:32:05,Milkshake,3,28,1,0
2786,2024-02-01 14:32:05,Fries,3,20,1,0
2786,2024-02-01 14:32:05,Chicken Burger,1,55,1,0
2786,2024-02-01 14:32:05,Soft Drink,3,15,1,0
2786,2024-02-01 14:32:05,Classic Burger,3,45,1,0
2787,2024-02-01 16:13:16,Cheese Burger,2,50,1,0
2787,2024-02-01 16:13:16,Chicken Nuggets,1,30,1,0
2788,2024-02-01 14:38:59,Double Burger,2,65,1,0
2788,2024-02-01 14:38:59,Onion Rings,3,22,1,0
2789,2024-02-01 17:45:41,Onion Rings,1,22,1,0
2789,2024-02-01 17:45:41,Cheese Burger,2,50,1,0
2790,2024-02-01 17:05:05,Chicken Nuggets,3,30,1,0
2791,2024-02-01 20:12:18,Onion Rings,3,22,1,0
2791,2024-02-01 20:12:18,Milkshake,1,28,1,0
2792,2024-02-01 21:47:35,Onion Rings,3,22,1,0
2792,2024-02-01 21:47:35,Soft Drink,1,15,1,0
2792,2024-02-01 21:47:35,Double Burger,2,65,1,0
2793,2024-02-01 22:17:56,Onion Rings,1,22,1,0
2793,2024-02-01 22:17:56,Cheese Burger,2,50,1,0
2794,2024-02-01 16:24:12,Ice Cream,3,18,1,0
2794,2024-02-01 16:24:12,Onion Rings,2,22,1,0
2794,2024-02-01 16:24:12,Soft Drink,1,15,1,0
2794,2024-02-01 16:24:12,Chicken Burger,2,55,1,0
2794,2024-02-01 16:24:12,Chicken Nuggets,2,30,1,0
2795,2024-02-01 17:52:22,Chicken Burger,2,55,1,0
2795,2024-02-01 17:52:22,Ice Cream,1,18,1,0
2795,2024-02-01 17:52:22,Cheese Burger,3,50,1,0
2796,2024-02-01 12:20:45,Chicken Nuggets,3,30,1,0
2796,2024-02-01 12:20:45,Classic Burger,3,45,1,0
2796,2024-02-01 12:20:45,Double Burger,1,65,1,0
2796,2024-02-01 12:20:45,Ice Cream,2,18,1,0
2797,2024-02-01 15:34:41,Chicken Nuggets,1,30,1,0
2798,2024-02-02 16:37:10,Ice Cream,2,18,1,0
2798,2024-02-02 16:37:10,Classic Burger,1,45,1,0
2798,2024-02-02 16:37:10,Chicken Burger,2,55,1,0
2798,2024-02-02 16:37:10,Milkshake,3,28,1,0
2799,2024-02-02 17:26:00,Ice Cream,1,18,1,0
2799,2024-02-02 17:26:00,Fries,3,20,1,0
2800,2024-02-02 18:17:08,Fries,2,20,1,0
2800,2024-02-02 18:17:08,Double Burger,1,65,1,0
2801,2024-02-02 15:33:32,Classic Burger,1,45,1,0
2801,2024-02-02 15:33:32,Onion Rings,3,22,1,0
2801,2024-02-02 15:33:32,Chicken Burger,3,55,1,0
2801,2024-02-02 15:33:32,Ice Cream,3,18,1,0
2801,2024-02-02 15:33:32,Soft Drink,3,15,1,0
2802,2024-02-02 19:53:06,Chicken Nuggets,2,30,1,0
2802,2024-02-02 19:53:06,Fries,3,20,1,0
2802,2024-02-02 19:53:06,Chicken Burger,1,55,1,0
2802,2024-02-02 19:53:06,Soft Drink,1,15,1,0
2802,2024-02-02 19:53:06,Onion Rings,3,22,1,0
2803,2024-02-02 16:04:00,Chicken Nuggets,2,30,1,0
2803,2024-02-02 16:04:00,Double Burger,3,65,1,0
2804,2024-02-02 17:23:15,Chicken Burger,2,55,1,0
2804,2024-02-02 17:23:15,Classic Burger,1,45,1,0
2804,2024-02-02 17:23:15,Soft Drink,2,15,1,0
2804,2024-02-02 17:23:15,Ice Cream,1,18,1,0
2804,2024-02-02 17:23:15,Milkshake,2,28,1,0
2805,2024-02-02 19:15:21,Milkshake,2,28,1,0
2805,2024-02-02 19:15:21,Onion Rings,1,22,1,0
2806,2024-02-02 18:38:50,Milkshake,1,28,1,0
2806,2024-02-02 18:38:50,Ice Cream,1,18,1,0
2806,2024-02-02 18:38:50,Chicken Nuggets,1,30,1,0
2806,2024-02-02 18:38:50,Chicken Burger,1,55,1,0
2807,2024-02-02 16:11:15,Cheese Burger,2,50,1,0
2808,2024-02-02 17:16:04,Chicken Burger,2,55,1,0
2808,2024-02-02 17:16:04,Milkshake,2,28,1,0
2808,2024-02-02 17:16:04,Soft Drink,3,15,1,0
2808,2024-02-02 17:16:04,Onion Rings,1,22,1,0
2809,2024-02-02 17:56:04,Classic Burger,1,45,1,0
2810,2024-02-02 16:41:14,Fries,1,20,1,0
2811,2024-02-02 17:34:03,Fries,1,20,1,0
2811,2024-02-02 17:34:03,Ice Cream,1,18,1,0
2811,2024-02-02 17:34:03,Double Burger,1,65,1,0
2811,2024-02-02 17:34:03,Cheese Burger,3,50,1,0
2812,2024-02-02 22:08:35,Onion Rings,3,22,1,0
2813,2024-02-02 19:58:31,Classic Burger,3,45,1,0
2813,2024-02-02 19:58:31,Chicken Burger,1,55,1,0
2813,2024-02-02 19:58:31,Cheese Burger,3,50,1,0
2813,2024-02-02 19:58:31,Chicken Nuggets,1,30,1,0
2813,2024-02-02 19:58:31,Onion Rings,1,22,1,0
2814,2024-02-02 17:42:47,Classic Burger,2,45,1,0
2814,2024-02-02 17:42:47,Soft Drink,3,15,1,0
2814,2024-02-02 17:42:47,Chicken Burger,2,55,1,0
2814,2024-02-02 17:42:47,Chicken Nuggets,3,30,1,0
2814,2024-02-02 17:42:47,Milkshake,2,28,1,0
2815,2024-02-02 20:47:22,Milkshake,2,28,1,0
2815,2024-02-02 20:47:22,Classic Burger,3,45,1,0
2816,2024-02-02 16:30:20,Soft Drink,2,15,1,0
2816,2024-02-02 16:30:20,Double Burger,2,65,1,0
2816,2024-02-02 16:30:20,Ice Cream,3,18,1,0
2816,2024-02-02 16:30:20,Milkshake,3,28,1,0
2816,2024-02-02 16:30:20,Chicken Burger,1,55,1,0
2817,2024-02-02 21:19:25,Classic Burger,1,45,1,0
2817,2024-02-02 21:19:25,Fries,2,20,1,0
2817,2024-02-02 21:19:25,Double Burger,1,65,1,0
2817,2024-02-02 21:19:25,Ice Cream,1,18,1,0
2818,2024-02-02 19:35:09,Double Burger,3,65,1,0
2818,2024-02-02 19:35:09,Soft Drink,3,15,1,0
2818,2024-02-02 19:35:09,Chicken Nuggets,1,30,1,0
2818,2024-02-02 19:35:09,Chicken Burger,1,55,1,0
2819,2024-02-02 17:58:35,Ice Cream,3,18,1,0
2819,2024-02-02 17:58:35,Double Burger,3,65,1,0
2819,2024-02-02 17:58:35,Classic Burger,1,45,1,0
2820,2024-02-02 19:19:55,Chicken Burger,2,55,1,0
2820,2024-02-02 19:19:55,Ice Cream,1,18,1,0
2821,2024-02-02 13:04:48,Cheese Burger,3,50,1,0
2821,2024-02-02 13:04:48,Ice Cream,2,18,1,0
2821,2024-02-02 13:04:48,Classic Burger,1,45,1,0
2821,2024-02-02 13:04:48,Soft Drink,1,15,1,0
2821,2024-02-02 13:04:48,Chicken Nuggets,1,30,1,0
2822,2024-02-02 14:14:49,Double Burger,3,65,1,0
2822,2024-02-02 14:14:49,Onion Rings,3,22,1,0
2822,2024-02-02 14:14:49,Milkshake,1,28,1,0
2822,2024-02-02 14:14:49,Soft Drink,2,15,1,0
2822,2024-02-02 14:14:49,Classic Burger,2,45,1,0
2823,2024-02-02 14:20:45,Chicken Burger,3,55,1,0
2824,2024-02-02 18:27:40,Ice Cream,2,18,1,0
2824,2024-02-02 18:27:40,Chicken Nuggets,1,30,1,0
2824,2024-02-02 18:27:40,Soft Drink,2,15,1,0
2825,2024-02-02 23:56:34,Ice Cream,3,18,1,0
2825,2024-02-02 23:56:34,Double Burger,1,65,1,0
2826,2024-02-02 23:34:20,Milkshake,1,28,1,0
2826,2024-02-02 23:34:20,Cheese Burger,3,50,1,0
2826,2024-02-02 23:34:20,Soft Drink,2,15,1,0
2826,2024-02-02 23:34:20,Onion Rings,3,22,1,0
2826,2024-02-02 23:34:20,Double Burger,2,65,1,0
2827,2024-02-02 19:45:59,Double Burger,2,65,1,0
2828,2024-02-02 19:51:48,Fries,1,20,1,0
2828,2024-02-02 19:51:48,Classic Burger,3,45,1,0
2828,2024-02-02 19:51:48,Onion Rings,3,22,1,0
2828,2024-02-02 19:51:48,Milkshake,2,28,1,0
2828,2024-02-02 19:51:48,Ice Cream,1,18,1,0
2829,2024-02-02 12:26:16,Double Burger,3,65,1,0
2829,2024-02-02 12:26:16,Chicken Burger,2,55,1,0
2829,2024-02-02 12:26:16,Milkshake,2,28,1,0
2829,2024-02-02 12:26:16,Onion Rings,1,22,1,0
2829,2024-02-02 12:26:16,Cheese Burger,2,50,1,0
2830,2024-02-02 16:48:55,Cheese Burger,3,50,1,0
2830,2024-02-02 16:48:55,Onion Rings,3,22,1,0
2830,2024-02-02 16:48:55,Ice Cream,2,18,1,0
2830,2024-02-02 16:48:55,Double Burger,3,65,1,0
2831,2024-02-02 15:58:16,Ice Cream,3,18,1,0
2831,2024-02-02 15:58:16,Chicken Burger,1,55,1,0
2831,2024-02-02 15:58:16,Milkshake,2,28,1,0
2831,2024-02-02 15:58:16,Soft Drink,2,15,1,0
2831,2024-02-02 15:58:16,Onion Rings,1,22,1,0
2832,2024-02-02 16:26:41,Chicken Nuggets,3,30,1,0
2832,2024-02-02 16:26:41,Ice Cream,3,18,1,0
2832,2024-02-02 16:26:41,Chicken Burger,1,55,1,0
2832,2024-02-02 16:26:41,Milkshake,3,28,1,0
2832,2024-02-02 16:26:41,Classic Burger,1,45,1,0
2833,2024-02-02 17:47:17,Double Burger,3,65,1,0
2833,2024-02-02 17:47:17,Cheese Burger,3,50,1,0
2833,2024-02-02 17:47:17,Fries,1,20,1,0
2834,2024-02-02 16:54:02,Chicken Burger,2,55,1,0
2834,2024-02-02 16:54:02,Double Burger,1,65,1,0
2835,2024-02-02 12:54:06,Ice Cream,2,18,1,0
2835,2024-02-02 12:54:06,Milkshake,1,28,1,0
2836,2024-02-02 20:06:20,Ice Cream,1,18,1,0
2836,2024-02-02 20:06:20,Classic Burger,3,45,1,0
2836,2024-02-02 20:06:20,Onion Rings,2,22,1,0
2837,2024-02-02 14:06:06,Onion Rings,2,22,1,0
2837,2024-02-02 14:06:06,Double Burger,2,65,1,0
2837,2024-02-02 14:06:06,Classic Burger,2,45,1,0
2837,2024-02-02 14:06:06,Milkshake,2,28,1,0
2837,2024-02-02 14:06:06,Fries,2,20,1,0
2838,2024-02-02 18:16:14,Milkshake,1,28,1,0
2838,2024-02-02 18:16:14,Chicken Burger,1,55,1,0
2838,2024-02-02 18:16:14,Onion Rings,2,22,1,0
2838,2024-02-02 18:16:14,Fries,3,20,1,0
2838,2024-02-02 18:16:14,Ice Cream,2,18,1,0
2839,2024-02-03 17:46:15,Chicken Burger,1,55,1,0
2840,2024-02-03 21:48:16,Chicken Burger,1,55,1,0
2840,2024-02-03 21:48:16,Onion Rings,2,22,1,0
2840,2024-02-03 21:48:16,Fries,1,20,1,0
2841,2024-02-03 23:49:02,Soft Drink,2,15,1,0
2842,2024-02-03 14:21:07,Chicken Nuggets,3,30,1,0
2842,2024-02-03 14:21:07,Double Burger,2,65,1,0
2843,2024-02-03 19:26:42,Chicken Nuggets,2,30,1,0
2843,2024-02-03 19:26:42,Onion Rings,2,22,1,0
2843,2024-02-03 19:26:42,Ice Cream,3,18,1,0
2843,2024-02-03 19:26:42,Soft Drink,2,15,1,0
2843,2024-02-03 19:26:42,Classic Burger,2,45,1,0
2844,2024-02-03 16:46:18,Chicken Nuggets,3,30,1,0
2844,2024-02-03 16:46:18,Onion Rings,2,22,1,0
2845,2024-02-03 17:35:42,Milkshake,2,28,1,0
2845,2024-02-03 17:35:42,Onion Rings,2,22,1,0
2845,2024-02-03 17:35:42,Ice Cream,3,18,1,0
2845,2024-02-03 17:35:42,Double Burger,1,65,1,0
2845,2024-02-03 17:35:42,Soft Drink,2,15,1,0
2846,2024-02-03 23:09:18,Soft Drink,1,15,1,0
2846,2024-02-03 23:09:18,Classic Burger,2,45,1,0
2846,2024-02-03 23:09:18,Ice Cream,1,18,1,0
2846,2024-02-03 23:09:18,Chicken Nuggets,3,30,1,0
2846,2024-02-03 23:09:18,Onion Rings,3,22,1,0
2847,2024-02-03 13:18:51,Classic Burger,2,45,1,0
2847,2024-02-03 13:18:51,Fries,2,20,1,0
2847,2024-02-03 13:18:51,Soft Drink,2,15,1,0
2847,2024-02-03 13:18:51,Onion Rings,1,22,1,0
2847,2024-02-03 13:18:51,Chicken Nuggets,3,30,1,0
2848,2024-02-03 18:23:20,Soft Drink,1,15,1,0
2848,2024-02-03 18:23:20,Cheese Burger,3,50,1,0
2848,2024-02-03 18:23:20,Double Burger,2,65,1,0
2849,2024-02-03 19:25:25,Cheese Burger,2,50,1,0
2849,2024-02-03 19:25:25,Chicken Burger,3,55,1,0
2849,2024-02-03 19:25:25,Ice Cream,1,18,1,0
2849,2024-02-03 19:25:25,Chicken Nuggets,3,30,1,0
2850,2024-02-03 21:58:48,Double Burger,1,65,1,0
2850,2024-02-03 21:58:48,Classic Burger,1,45,1,0
2850,2024-02-03 21:58:48,Milkshake,2,28,1,0
2850,2024-02-03 21:58:48,Fries,3,20,1,0
2851,2024-02-03 18:59:57,Double Burger,3,65,1,0
2851,2024-02-03 18:59:57,Cheese Burger,1,50,1,0
2852,2024-02-03 18:41:54,Chicken Nuggets,3,30,1,0
2853,2024-02-03 16:10:52,Fries,1,20,1,0
2853,2024-02-03 16:10:52,Cheese Burger,1,50,1,0
2853,2024-02-03 16:10:52,Milkshake,1,28,1,0
2853,2024-02-03 16:10:52,Onion Rings,2,22,1,0
2853,2024-02-03 16:10:52,Ice Cream,2,18,1,0
2854,2024-02-03 18:53:50,Fries,2,20,1,0
2854,2024-02-03 18:53:50,Soft Drink,2,15,1,0
2854,2024-02-03 18:53:50,Cheese Burger,2,50,1,0
2855,2024-02-03 16:24:52,Double Burger,1,65,1,0
2856,2024-02-03 19:53:15,Classic Burger,3,45,1,0
2856,2024-02-03 19:53:15,Onion Rings,1,22,1,0
2856,2024-02-03 19:53:15,Soft Drink,2,15,1,0
2857,2024-02-03 16:34:30,Classic Burger,1,45,1,0
2858,2024-02-03 19:01:21,Double Burger,2,65,1,0
2858,2024-02-03 19:01:21,Cheese Burger,2,50,1,0
2858,2024-02-03 19:01:21,Milkshake,2,28,1,0
2859,2024-02-03 17:20:48,Chicken Burger,3,55,1,0
2859,2024-02-03 17:20:48,Milkshake,1,28,1,0
2859,2024-02-03 17:20:48,Cheese Burger,2,50,1,0
2859,2024-02-03 17:20:48,Fries,2,20,1,0
2860,2024-02-03 21:33:03,Cheese Burger,1,50,1,0
2860,2024-02-03 21:33:03,Ice Cream,1,18,1,0
2860,2024-02-03 21:33:03,Fries,2,20,1,0
2861,2024-02-03 17:21:35,Soft Drink,2,15,1,0
2862,2024-02-03 12:41:27,Soft Drink,1,15,1,0
2862,2024-02-03 12:41:27,Chicken Nuggets,2,30,1,0
2863,2024-02-03 21:05:40,Chicken Nuggets,2,30,1,0
2863,2024-02-03 21:05:40,Soft Drink,3,15,1,0
2863,2024-02-03 21:05:40,Milkshake,3,28,1,0
2863,2024-02-03 21:05:40,Double Burger,2,65,1,0
2863,2024-02-03 21:05:40,Onion Rings,3,22,1,0
2864,2024-02-03 15:51:14,Onion Rings,1,22,1,0
2864,2024-02-03 15:51:14,Chicken Burger,2,55,1,0
2864,2024-02-03 15:51:14,Milkshake,3,28,1,0
2864,2024-02-03 15:51:14,Cheese Burger,1,50,1,0
2864,2024-02-03 15:51:14,Ice Cream,3,18,1,0
2865,2024-02-03 16:29:54,Milkshake,3,28,1,0
2865,2024-02-03 16:29:54,Double Burger,2,65,1,0
2866,2024-02-03 16:28:51,Milkshake,2,28,1,0
2867,2024-02-03 22:01:13,Double Burger,2,65,1,0
2867,2024-02-03 22:01:13,Classic Burger,1,45,1,0
2868,2024-02-03 11:58:49,Milkshake,3,28,1,0
2868,2024-02-03 11:58:49,Ice Cream,2,18,1,0
2869,2024-02-03 23:19:41,Ice Cream,1,18,1,0
2869,2024-02-03 23:19:41,Onion Rings,1,22,1,0
2869,2024-02-03 23:19:41,Soft Drink,2,15,1,0
2870,2024-02-03 21:51:33,Classic Burger,1,45,1,0
2870,2024-02-03 21:51:33,Ice Cream,2,18,1,0
2870,2024-02-03 21:51:33,Cheese Burger,3,50,1,0
2871,2024-02-03 18:02:30,Double Burger,1,65,1,0
2871,2024-02-03 18:02:30,Ice Cream,2,18,1,0
2871,2024-02-03 18:02:30,Milkshake,3,28,1,0
2871,2024-02-03 18:02:30,Cheese Burger,1,50,1,0
2872,2024-02-03 17:39:20,Fries,2,20,1,0
2872,2024-02-03 17:39:20,Chicken Nuggets,1,30,1,0
2872,2024-02-03 17:39:20,Ice Cream,3,18,1,0
2872,2024-02-03 17:39:20,Cheese Burger,2,50,1,0
2873,2024-02-03 18:16:32,Soft Drink,3,15,1,0
2874,2024-02-03 19:23:22,Chicken Nuggets,2,30,1,0
2874,2024-02-03 19:23:22,Chicken Burger,2,55,1,0
2874,2024-02-03 19:23:22,Onion Rings,1,22,1,0
2875,2024-02-03 19:05:35,Classic Burger,1,45,1,0
2875,2024-02-03 19:05:35,Cheese Burger,2,50,1,0
2875,2024-02-03 19:05:35,Double Burger,1,65,1,0
2875,2024-02-03 19:05:35,Chicken Nuggets,2,30,1,0
2875,2024-02-03 19:05:35,Fries,1,20,1,0
2876,2024-02-03 19:01:43,Chicken Burger,1,55,1,0
2877,2024-02-03 18:02:25,Onion Rings,2,22,1,0
2877,2024-02-03 18:02:25,Cheese Burger,3,50,1,0
2877,2024-02-03 18:02:25,Classic Burger,2,45,1,0
2877,2024-02-03 18:02:25,Double Burger,1,65,1,0
2877,2024-02-03 18:02:25,Milkshake,1,28,1,0
2878,2024-02-03 17:19:42,Classic Burger,3,45,1,0
2878,2024-02-03 17:19:42,Soft Drink,1,15,1,0
2879,2024-02-03 17:01:03,Ice Cream,2,18,1,0
2879,2024-02-03 17:01:03,Double Burger,3,65,1,0
2879,2024-02-03 17:01:03,Chicken Nuggets,2,30,1,0
2879,2024-02-03 17:01:03,Milkshake,3,28,1,0
2879,2024-02-03 17:01:03,Chicken Burger,3,55,1,0
2880,2024-02-03 17:04:53,Chicken Burger,2,55,1,0
2880,2024-02-03 17:04:53,Onion Rings,1,22,1,0
2881,2024-02-03 21:54:45,Milkshake,3,28,1,0
2881,2024-02-03 21:54:45,Classic Burger,1,45,1,0
2881,2024-02-03 21:54:45,Chicken Nuggets,2,30,1,0
2882,2024-02-03 19:00:27,Fries,1,20,1,0
2882,2024-02-03 19:00:27,Chicken Burger,1,55,1,0
2882,2024-02-03 19:00:27,Soft Drink,3,15,1,0
2882,2024-02-03 19:00:27,Double Burger,2,65,1,0
2883,2024-02-03 10:52:27,Soft Drink,1,15,1,0
2883,2024-02-03 10:52:27,Milkshake,3,28,1,0
2884,2024-02-03 19:32:38,Onion Rings,1,22,1,0
2884,2024-02-03 19:32:38,Double Burger,1,65,1,0
2884,2024-02-03 19:32:38,Cheese Burger,2,50,1,0
2884,2024-02-03 19:32:38,Classic Burger,3,45,1,0
2885,2024-02-03 18:28:23,Cheese Burger,1,50,1,0
2885,2024-02-03 18:28:23,Milkshake,1,28,1,0
2885,2024-02-03 18:28:23,Ice Cream,3,18,1,0
2886,2024-02-03 17:13:06,Ice Cream,1,18,1,0
2886,2024-02-03 17:13:06,Fries,2,20,1,0
2886,2024-02-03 17:13:06,Onion Rings,3,22,1,0
2886,2024-02-03 17:13:06,Cheese Burger,3,50,1,0
2887,2024-02-03 16:57:10,Chicken Nuggets,3,30,1,0
2887,2024-02-03 16:57:10,Chicken Burger,1,55,1,0
2887,2024-02-03 16:57:10,Soft Drink,1,15,1,0
2887,2024-02-03 16:57:10,Cheese Burger,1,50,1,0
2887,2024-02-03 16:57:10,Ice Cream,2,18,1,0
2888,2024-02-03 21:58:34,Chicken Nuggets,1,30,1,0
2888,2024-02-03 21:58:34,Ice Cream,3,18,1,0
2888,2024-02-03 21:58:34,Onion Rings,2,22,1,0
2888,2024-02-03 21:58:34,Cheese Burger,3,50,1,0
2889,2024-02-03 20:37:40,Fries,3,20,1,0
2889,2024-02-03 20:37:40,Chicken Nuggets,1,30,1,0
2889,2024-02-03 20:37:40,Cheese Burger,2,50,1,0
2889,2024-02-03 20:37:40,Onion Rings,1,22,1,0
2890,2024-02-03 15:50:06,Chicken Burger,2,55,1,0
2890,2024-02-03 15:50:06,Ice Cream,3,18,1,0
2890,2024-02-03 15:50:06,Onion Rings,3,22,1,0
2890,2024-02-03 15:50:06,Double Burger,1,65,1,0
2890,2024-02-03 15:50:06,Fries,1,20,1,0
2891,2024-02-03 19:26:21,Cheese Burger,3,50,1,0
2891,2024-02-03 19:26:21,Classic Burger,3,45,1,0
2891,2024-02-03 19:26:21,Chicken Burger,1,55,1,0
2891,2024-02-03 19:26:21,Onion Rings,1,22,1,0
2891,2024-02-03 19:26:21,Chicken Nuggets,2,30,1,0
2892,2024-02-03 15:23:23,Cheese Burger,2,50,1,0
2892,2024-02-03 15:23:23,Milkshake,2,28,1,0
2893,2024-02-03 13:21:40,Onion Rings,1,22,1,0
2893,2024-02-03 13:21:40,Classic Burger,1,45,1,0
2893,2024-02-03 13:21:40,Ice Cream,3,18,1,0
2894,2024-02-03 16:39:28,Fries,2,20,1,0
2895,2024-02-03 20:32:48,Chicken Nuggets,1,30,1,0
2895,2024-02-03 20:32:48,Milkshake,1,28,1,0
2896,2024-02-03 20:15:32,Ice Cream,2,18,1,0
2897,2024-02-03 19:10:45,Fries,2,20,1,0
2897,2024-02-03 19:10:45,Soft Drink,3,15,1,0
2897,2024-02-03 19:10:45,Classic Burger,1,45,1,0
2898,2024-02-03 20:38:26,Onion Rings,2,22,1,0
2899,2024-02-03 19:24:21,Cheese Burger,3,50,1,0
2900,2024-02-03 16:43:50,Soft Drink,3,15,1,0
2901,2024-02-04 21:59:57,Soft Drink,3,15,1,0
2901,2024-02-04 21:59:57,Chicken Burger,2,55,1,0
2901,2024-02-04 21:59:57,Milkshake,3,28,1,0
2901,2024-02-04 21:59:57,Cheese Burger,2,50,1,0
2901,2024-02-04 21:59:57,Fries,3,20,1,0
2902,2024-02-04 20:47:16,Classic Burger,3,45,1,0
2902,2024-02-04 20:47:16,Onion Rings,3,22,1,0
2902,2024-02-04 20:47:16,Ice Cream,3,18,1,0
2902,2024-02-04 20:47:16,Chicken Nuggets,2,30,1,0
2903,2024-02-04 19:33:47,Fries,3,20,1,0
2903,2024-02-04 19:33:47,Cheese Burger,1,50,1,0
2903,2024-02-04 19:33:47,Ice Cream,1,18,1,0
2903,2024-02-04 19:33:47,Milkshake,1,28,1,0
2903,2024-02-04 19:33:47,Onion Rings,1,22,1,0
2904,2024-02-04 21:54:47,Cheese Burger,1,50,1,0
2905,2024-02-04 17:42:29,Cheese Burger,3,50,1,0
2905,2024-02-04 17:42:29,Milkshake,2,28,1,0
2905,2024-02-04 17:42:29,Classic Burger,1,45,1,0
2905,2024-02-04 17:42:29,Fries,3,20,1,0
2906,2024-02-04 15:11:27,Chicken Burger,1,55,1,0
2906,2024-02-04 15:11:27,Classic Burger,1,45,1,0
2906,2024-02-04 15:11:27,Onion Rings,1,22,1,0
2906,2024-02-04 15:11:27,Fries,1,20,1,0
2907,2024-02-04 17:23:39,Ice Cream,1,18,1,0
2907,2024-02-04 17:23:39,Cheese Burger,3,50,1,0
2907,2024-02-04 17:23:39,Double Burger,2,65,1,0
2907,2024-02-04 17:23:39,Chicken Burger,2,55,1,0
2907,2024-02-04 17:23:39,Milkshake,2,28,1,0
2908,2024-02-04 15:51:08,Soft Drink,1,15,1,0
2908,2024-02-04 15:51:08,Chicken Nuggets,3,30,1,0
2908,2024-02-04 15:51:08,Milkshake,2,28,1,0
2908,2024-02-04 15:51:08,Fries,1,20,1,0
2909,2024-02-04 15:13:01,Classic Burger,3,45,1,0
2909,2024-02-04 15:13:01,Chicken Burger,3,55,1,0
2909,2024-02-04 15:13:01,Chicken Nuggets,1,30,1,0
2910,2024-02-04 17:10:18,Soft Drink,2,15,1,0
2910,2024-02-04 17:10:18,Ice Cream,1,18,1,0
2911,2024-02-04 15:37:36,Milkshake,3,28,1,0
2911,2024-02-04 15:37:36,Classic Burger,2,45,1,0
2912,2024-02-04 17:21:15,Double Burger,1,65,1,0
2913,2024-02-04 12:42:49,Onion Rings,3,22,1,0
2913,2024-02-04 12:42:49,Soft Drink,2,15,1,0
2914,2024-02-04 18:17:17,Soft Drink,1,15,1,0
2914,2024-02-04 18:17:17,Milkshake,3,28,1,0
2914,2024-02-04 18:17:17,Cheese Burger,3,50,1,0
2914,2024-02-04 18:17:17,Onion Rings,1,22,1,0
2915,2024-02-04 18:00:56,Double Burger,3,65,1,0
2916,2024-02-04 15:18:15,Onion Rings,2,22,1,0
2917,2024-02-04 19:47:38,Ice Cream,3,18,1,0
2918,2024-02-04 20:21:18,Milkshake,2,28,1,0
2918,2024-02-04 20:21:18,Classic Burger,2,45,1,0
2918,2024-02-04 20:21:18,Soft Drink,1,15,1,0
2919,2024-02-04 13:19:39,Soft Drink,3,15,1,0
2919,2024-02-04 13:19:39,Double Burger,1,65,1,0
2920,2024-02-04 15:46:44,Soft Drink,3,15,1,0
2920,2024-02-04 15:46:44,Ice Cream,3,18,1,0
2920,2024-02-04 15:46:44,Onion Rings,2,22,1,0
2920,2024-02-04 15:46:44,Chicken Nuggets,1,30,1,0
2920,2024-02-04 15:46:44,Milkshake,1,28,1,0
2921,2024-02-04 15:06:30,Cheese Burger,3,50,1,0
2922,2024-02-04 15:46:06,Chicken Nuggets,1,30,1,0
2922,2024-02-04 15:46:06,Soft Drink,3,15,1,0
2923,2024-02-04 20:07:12,Fries,1,20,1,0
2923,2024-02-04 20:07:12,Ice Cream,1,18,1,0
2923,2024-02-04 20:07:12,Onion Rings,1,22,1,0
2923,2024-02-04 20:07:12,Cheese Burger,3,50,1,0
2923,2024-02-04 20:07:12,Chicken Nuggets,1,30,1,0
2924,2024-02-04 17:00:18,Double Burger,2,65,1,0
2924,2024-02-04 17:00:18,Cheese Burger,1,50,1,0
2925,2024-02-04 17:19:21,Ice Cream,1,18,1,0
2925,2024-02-04 17:19:21,Fries,2,20,1,0
2925,2024-02-04 17:19:21,Double Burger,2,65,1,0
2925,2024-02-04 17:19:21,Soft Drink,3,15,1,0
2926,2024-02-04 11:08:49,Milkshake,3,28,1,0
2926,2024-02-04 11:08:49,Onion Rings,1,22,1,0
2926,2024-02-04 11:08:49,Cheese Burger,2,50,1,0
2926,2024-02-04 11:08:49,Fries,3,20,1,0
2926,2024-02-04 11:08:49,Double Burger,2,65,1,0
2927,2024-02-04 19:05:40,Soft Drink,2,15,1,0
2927,2024-02-04 19:05:40,Double Burger,1,65,1,0
2927,2024-02-04 19:05:40,Chicken Burger,3,55,1,0
2928,2024-02-04 14:05:32,Cheese Burger,1,50,1,0
2929,2024-02-04 18:13:19,Chicken Nuggets,3,30,1,0
2929,2024-02-04 18:13:19,Ice Cream,1,18,1,0
2929,2024-02-04 18:13:19,Onion Rings,3,22,1,0
2929,2024-02-04 18:13:19,Milkshake,3,28,1,0
2929,2024-02-04 18:13:19,Classic Burger,2,45,1,0
2930,2024-02-04 18:02:07,Chicken Nuggets,3,30,1,0
2930,2024-02-04 18:02:07,Fries,3,20,1,0
2930,2024-02-04 18:02:07,Chicken Burger,3,55,1,0
2931,2024-02-04 22:46:56,Soft Drink,1,15,1,0
2931,2024-02-04 22:46:56,Ice Cream,3,18,1,0
2931,2024-02-04 22:46:56,Classic Burger,1,45,1,0
2931,2024-02-04 22:46:56,Onion Rings,1,22,1,0
2931,2024-02-04 22:46:56,Double Burger,3,65,1,0
2932,2024-02-04 14:09:46,Double Burger,1,65,1,0
2932,2024-02-04 14:09:46,Chicken Burger,2,55,1,0
2933,2024-02-04 10:54:44,Soft Drink,2,15,1,0
2933,2024-02-04 10:54:44,Ice Cream,2,18,1,0
2934,2024-02-04 18:54:39,Soft Drink,3,15,1,0
2934,2024-02-04 18:54:39,Onion Rings,3,22,1,0
2934,2024-02-04 18:54:39,Fries,1,20,1,0
2934,2024-02-04 18:54:39,Classic Burger,1,45,1,0
2934,2024-02-04 18:54:39,Ice Cream,1,18,1,0
2935,2024-02-04 23:33:05,Classic Burger,3,45,1,0
2935,2024-02-04 23:33:05,Milkshake,3,28,1,0
2936,2024-02-04 21:55:24,Chicken Burger,1,55,1,0
2936,2024-02-04 21:55:24,Cheese Burger,2,50,1,0
2937,2024-02-04 18:20:16,Onion Rings,3,22,1,0
2937,2024-02-04 18:20:16,Double Burger,2,65,1,0
2937,2024-02-04 18:20:16,Chicken Burger,3,55,1,0
2937,2024-02-04 18:20:16,Cheese Burger,1,50,1,0
2938,2024-02-04 16:46:24,Double Burger,2,65,1,0
2938,2024-02-04 16:46:24,Milkshake,1,28,1,0
2939,2024-02-04 20:12:07,Cheese Burger,2,50,1,0
2940,2024-02-04 15:27:03,Chicken Burger,2,55,1,0
2940,2024-02-04 15:27:03,Ice Cream,3,18,1,0
2940,2024-02-04 15:27:03,Milkshake,2,28,1,0
2940,2024-02-04 15:27:03,Classic Burger,3,45,1,0
2941,2024-02-04 19:13:26,Soft Drink,3,15,1,0
2941,2024-02-04 19:13:26,Ice Cream,2,18,1,0
2941,2024-02-04 19:13:26,Classic Burger,1,45,1,0
2941,2024-02-04 19:13:26,Fries,3,20,1,0
2942,2024-02-04 19:32:22,Double Burger,2,65,1,0
2942,2024-02-04 19:32:22,Fries,2,20,1,0
2942,2024-02-04 19:32:22,Onion Rings,2,22,1,0
2943,2024-02-04 21:43:15,Ice Cream,2,18,1,0
2943,2024-02-04 21:43:15,Onion Rings,3,22,1,0
2944,2024-02-04 23:38:54,Soft Drink,2,15,1,0
2945,2024-02-04 19:23:17,Chicken Nuggets,3,30,1,0
2945,2024-02-04 19:23:17,Double Burger,3,65,1,0
2945,2024-02-04 19:23:17,Onion Rings,3,22,1,0
2945,2024-02-04 19:23:17,Cheese Burger,1,50,1,0
2946,2024-02-04 16:01:28,Soft Drink,1,15,1,0
2946,2024-02-04 16:01:28,Onion Rings,1,22,1,0
2947,2024-02-04 17:41:09,Ice Cream,3,18,1,0
2948,2024-02-04 12:14:05,Fries,2,20,1,0
2948,2024-02-04 12:14:05,Chicken Burger,2,55,1,0
2948,2024-02-04 12:14:05,Chicken Nuggets,2,30,1,0
2949,2024-02-04 15:54:08,Fries,3,20,1,0
2949,2024-02-04 15:54:08,Chicken Nuggets,1,30,1,0
2949,2024-02-04 15:54:08,Soft Drink,3,15,1,0
2949,2024-02-04 15:54:08,Ice Cream,1,18,1,0
2950,2024-02-04 16:55:28,Milkshake,2,28,1,0
2951,2024-02-04 16:15:50,Chicken Burger,3,55,1,0
2951,2024-02-04 16:15:50,Fries,2,20,1,0
2952,2024-02-04 18:53:29,Ice Cream,3,18,1,0
2952,2024-02-04 18:53:29,Soft Drink,3,15,1,0
2952,2024-02-04 18:53:29,Milkshake,1,28,1,0
2953,2024-02-04 15:55:33,Chicken Burger,1,55,1,0
2953,2024-02-04 15:55:33,Ice Cream,2,18,1,0
2953,2024-02-04 15:55:33,Milkshake,3,28,1,0
2953,2024-02-04 15:55:33,Onion Rings,3,22,1,0
2954,2024-02-04 21:17:36,Fries,2,20,1,0
2954,2024-02-04 21:17:36,Cheese Burger,1,50,1,0
2954,2024-02-04 21:17:36,Ice Cream,2,18,1,0
2955,2024-02-04 18:18:30,Milkshake,3,28,1,0
2956,2024-02-04 17:54:47,Classic Burger,3,45,1,0
2956,2024-02-04 17:54:47,Milkshake,2,28,1,0
2956,2024-02-04 17:54:47,Cheese Burger,3,50,1,0
2956,2024-02-04 17:54:47,Onion Rings,3,22,1,0
2957,2024-02-04 17:46:14,Fries,3,20,1,0
2957,2024-02-04 17:46:14,Soft Drink,1,15,1,0
2957,2024-02-04 17:46:14,Chicken Burger,2,55,1,0
2958,2024-02-04 18:36:02,Double Burger,1,65,1,0
2958,2024-02-04 18:36:02,Soft Drink,3,15,1,0
2958,2024-02-04 18:36:02,Chicken Nuggets,1,30,1,0
2958,2024-02-04 18:36:02,Classic Burger,2,45,1,0
2959,2024-02-04 20:56:42,Ice Cream,1,18,1,0
2959,2024-02-04 20:56:42,Classic Burger,2,45,1,0
2960,2024-02-04 15:45:28,Chicken Nuggets,3,30,1,0
2960,2024-02-04 15:45:28,Fries,1,20,1,0
2960,2024-02-04 15:45:28,Chicken Burger,2,55,1,0
2960,2024-02-04 15:45:28,Milkshake,2,28,1,0
2961,2024-02-04 16:46:22,Ice Cream,1,18,1,0
2961,2024-02-04 16:46:22,Soft Drink,3,15,1,0
2962,2024-02-04 17:30:32,Chicken Burger,3,55,1,0
2962,2024-02-04 17:30:32,Soft Drink,1,15,1,0
2962,2024-02-04 17:30:32,Fries,2,20,1,0
2962,2024-02-04 17:30:32,Ice Cream,3,18,1,0
2963,2024-02-04 13:54:25,Chicken Burger,3,55,1,0
2963,2024-02-04 13:54:25,Ice Cream,3,18,1,0
2963,2024-02-04 13:54:25,Onion Rings,2,22,1,0
2963,2024-02-04 13:54:25,Soft Drink,3,15,1,0
2963,2024-02-04 13:54:25,Fries,3,20,1,0
2964,2024-02-04 15:04:13,Chicken Burger,1,55,1,0
2964,2024-02-04 15:04:13,Cheese Burger,3,50,1,0
2964,2024-02-04 15:04:13,Ice Cream,3,18,1,0
2965,2024-02-04 16:57:08,Double Burger,3,65,1,0
2965,2024-02-04 16:57:08,Cheese Burger,2,50,1,0
2966,2024-02-04 20:53:55,Ice Cream,3,18,1,0
2966,2024-02-04 20:53:55,Classic Burger,3,45,1,0
2966,2024-02-04 20:53:55,Milkshake,3,28,1,0
2966,2024-02-04 20:53:55,Cheese Burger,2,50,1,0
2967,2024-02-04 18:16:14,Double Burger,2,65,1,0
2967,2024-02-04 18:16:14,Classic Burger,2,45,1,0
2967,2024-02-04 18:16:14,Soft Drink,3,15,1,0
2967,2024-02-04 18:16:14,Onion Rings,1,22,1,0
2968,2024-02-04 18:37:44,Onion Rings,1,22,1,0
2968,2024-02-04 18:37:44,Classic Burger,3,45,1,0
2969,2024-02-04 20:51:24,Double Burger,2,65,1,0
2969,2024-02-04 20:51:24,Chicken Burger,3,55,1,0
2969,2024-02-04 20:51:24,Classic Burger,2,45,1,0
2970,2024-02-04 17:39:23,Chicken Nuggets,3,30,1,0
2970,2024-02-04 17:39:23,Cheese Burger,1,50,1,0
2970,2024-02-04 17:39:23,Double Burger,1,65,1,0
2970,2024-02-04 17:39:23,Chicken Burger,3,55,1,0
2970,2024-02-04 17:39:23,Soft Drink,1,15,1,0
2971,2024-02-04 19:22:58,Milkshake,2,28,1,0
2971,2024-02-04 19:22:58,Cheese Burger,3,50,1,0
2972,2024-02-04 17:58:20,Cheese Burger,1,50,1,0
2972,2024-02-04 17:58:20,Milkshake,1,28,1,0
2972,2024-02-04 17:58:20,Chicken Burger,2,55,1,0
2972,2024-02-04 17:58:20,Classic Burger,1,45,1,0
2973,2024-02-04 18:34:28,Cheese Burger,3,50,1,0
2973,2024-02-04 18:34:28,Classic Burger,2,45,1,0
2973,2024-02-04 18:34:28,Soft Drink,3,15,1,0
2973,2024-02-04 18:34:28,Chicken Nuggets,3,30,1,0
2974,2024-02-04 16:49:43,Ice Cream,2,18,1,0
2974,2024-02-04 16:49:43,Double Burger,3,65,1,0
2974,2024-02-04 16:49:43,Fries,1,20,1,0
2974,2024-02-04 16:49:43,Onion Rings,1,22,1,0
2974,2024-02-04 16:49:43,Soft Drink,2,15,1,0
2975,2024-02-04 10:57:24,Classic Burger,2,45,1,0
2975,2024-02-04 10:57:24,Double Burger,2,65,1,0
2975,2024-02-04 10:57:24,Fries,2,20,1,0
2975,2024-02-04 10:57:24,Soft Drink,2,15,1,0
2976,2024-02-04 17:56:51,Onion Rings,1,22,1,0
2976,2024-02-04 17:56:51,Soft Drink,1,15,1,0
2977,2024-02-04 22:05:10,Chicken Nuggets,1,30,1,0
2977,2024-02-04 22:05:10,Classic Burger,2,45,1,0
2977,2024-02-04 22:05:10,Ice Cream,1,18,1,0
2977,2024-02-04 22:05:10,Chicken Burger,3,55,1,0
2978,2024-02-04 20:18:46,Fries,1,20,1,0
2978,2024-02-04 20:18:46,Chicken Burger,1,55,1,0
2978,2024-02-04 20:18:46,Cheese Burger,3,50,1,0
2978,2024-02-04 20:18:46,Classic Burger,1,45,1,0
2978,2024-02-04 20:18:46,Soft Drink,2,15,1,0
2979,2024-02-04 20:47:55,Double Burger,2,65,1,0
2979,2024-02-04 20:47:55,Cheese Burger,1,50,1,0
2979,2024-02-04 20:47:55,Chicken Burger,3,55,1,0
2980,2024-02-04 21:02:38,Soft Drink,3,15,1,0
2980,2024-02-04 21:02:38,Double Burger,3,65,1,0
2981,2024-02-04 18:33:30,Onion Rings,3,22,1,0
2981,2024-02-04 18:33:30,Chicken Nuggets,2,30,1,0
2981,2024-02-04 18:33:30,Chicken Burger,1,55,1,0
2981,2024-02-04 18:33:30,Milkshake,2,28,1,0
2981,2024-02-04 18:33:30,Classic Burger,1,45,1,0
2982,2024-02-04 18:57:15,Onion Rings,1,22,1,0
2983,2024-02-04 16:36:10,Chicken Nuggets,2,30,1,0
2983,2024-02-04 16:36:10,Classic Burger,1,45,1,0
2983,2024-02-04 16:36:10,Chicken Burger,2,55,1,0
2983,2024-02-04 16:36:10,Onion Rings,3,22,1,0
2983,2024-02-04 16:36:10,Soft Drink,1,15,1,0
2984,2024-02-05 17:56:45,Chicken Nuggets,3,30,1,0
2984,2024-02-05 17:56:45,Soft Drink,2,15,1,0
2985,2024-02-05 16:10:16,Onion Rings,3,22,1,0
2985,2024-02-05 16:10:16,Double Burger,2,65,1,0
2985,2024-02-05 16:10:16,Classic Burger,3,45,1,0
2985,2024-02-05 16:10:16,Fries,2,20,1,0
2986,2024-02-05 18:18:00,Chicken Nuggets,3,30,1,0
2987,2024-02-05 19:27:03,Double Burger,3,65,1,0
2987,2024-02-05 19:27:03,Onion Rings,1,22,1,0
2987,2024-02-05 19:27:03,Chicken Burger,3,55,1,0
2987,2024-02-05 19:27:03,Cheese Burger,3,50,1,0
2987,2024-02-05 19:27:03,Chicken Nuggets,1,30,1,0
2988,2024-02-05 13:05:28,Classic Burger,3,45,1,0
2988,2024-02-05 13:05:28,Cheese Burger,3,50,1,0
2988,2024-02-05 13:05:28,Onion Rings,2,22,1,0
2989,2024-02-05 11:29:18,Double Burger,2,65,1,0
2989,2024-02-05 11:29:18,Fries,2,20,1,0
2989,2024-02-05 11:29:18,Milkshake,3,28,1,0
2989,2024-02-05 11:29:18,Cheese Burger,3,50,1,0
2990,2024-02-05 16:16:26,Classic Burger,3,45,1,0
2991,2024-02-05 14:32:40,Soft Drink,2,15,1,0
2991,2024-02-05 14:32:40,Chicken Burger,3,55,1,0
2991,2024-02-05 14:32:40,Chicken Nuggets,3,30,1,0
2991,2024-02-05 14:32:40,Classic Burger,2,45,1,0
2992,2024-02-05 16:13:30,Double Burger,1,65,1,0
2992,2024-02-05 16:13:30,Fries,2,20,1,0
2992,2024-02-05 16:13:30,Ice Cream,3,18,1,0
2992,2024-02-05 16:13:30,Chicken Nuggets,3,30,1,0
2992,2024-02-05 16:13:30,Milkshake,2,28,1,0
2993,2024-02-05 17:29:36,Soft Drink,1,15,1,0
2993,2024-02-05 17:29:36,Classic Burger,1,45,1,0
2993,2024-02-05 17:29:36,Milkshake,1,28,1,0
2993,2024-02-05 17:29:36,Double Burger,2,65,1,0
2994,2024-02-05 16:52:30,Soft Drink,1,15,1,0
2994,2024-02-05 16:52:30,Fries,2,20,1,0
2994,2024-02-05 16:52:30,Chicken Nuggets,1,30,1,0
2994,2024-02-05 16:52:30,Classic Burger,3,45,1,0
2994,2024-02-05 16:52:30,Double Burger,2,65,1,0
2995,2024-02-05 22:45:51,Classic Burger,3,45,1,0
2996,2024-02-05 18:25:08,Soft Drink,2,15,1,0
2996,2024-02-05 18:25:08,Ice Cream,3,18,1,0
2996,2024-02-05 18:25:08,Chicken Burger,3,55,1,0
2996,2024-02-05 18:25:08,Classic Burger,1,45,1,0
2997,2024-02-05 18:59:30,Chicken Burger,2,55,1,0
2997,2024-02-05 18:59:30,Cheese Burger,3,50,1,0
2998,2024-02-05 19:51:12,Double Burger,2,65,1,0
2998,2024-02-05 19:51:12,Fries,1,20,1,0
2998,2024-02-05 19:51:12,Ice Cream,3,18,1,0
2998,2024-02-05 19:51:12,Cheese Burger,2,50,1,0
2999,2024-02-05 14:11:17,Chicken Burger,3,55,1,0
2999,2024-02-05 14:11:17,Double Burger,1,65,1,0
2999,2024-02-05 14:11:17,Chicken Nuggets,3,30,1,0
2999,2024-02-05 14:11:17,Ice Cream,2,18,1,0
2999,2024-02-05 14:11:17,Classic Burger,3,45,1,0
3000,2024-02-05 21:35:24,Ice Cream,2,18,1,0
3000,2024-02-05 21:35:24,Chicken Burger,1,55,1,0
3000,2024-02-05 21:35:24,Soft Drink,3,15,1,0
3001,2024-02-05 17:21:38,Cheese Burger,3,50,1,0
3001,2024-02-05 17:21:38,Double Burger,1,65,1,0
3001,2024-02-05 17:21:38,Milkshake,2,28,1,0
3002,2024-02-05 20:14:45,Chicken Burger,3,55,1,0
3002,2024-02-05 20:14:45,Classic Burger,3,45,1,0
3002,2024-02-05 20:14:45,Soft Drink,2,15,1,0
3002,2024-02-05 20:14:45,Double Burger,2,65,1,0
3003,2024-02-05 14:16:36,Classic Burger,3,45,1,0
3004,2024-02-05 13:40:34,Chicken Burger,2,55,1,0
3004,2024-02-05 13:40:34,Double Burger,1,65,1,0
3005,2024-02-05 20:35:54,Fries,1,20,1,0
3006,2024-02-05 19:26:15,Chicken Nuggets,3,30,1,0
3007,2024-02-05 15:37:24,Cheese Burger,2,50,1,0
3008,2024-02-05 15:34:15,Classic Burger,3,45,1,0
3008,2024-02-05 15:34:15,Cheese Burger,3,50,1,0
3009,2024-02-05 21:14:49,Soft Drink,3,15,1,0
3009,2024-02-05 21:14:49,Classic Burger,1,45,1,0
3009,2024-02-05 21:14:49,Cheese Burger,3,50,1,0
3010,2024-02-05 14:55:58,Cheese Burger,3,50,1,0
3011,2024-02-05 22:13:28,Double Burger,1,65,1,0
3011,2024-02-05 22:13:28,Classic Burger,2,45,1,0
3011,2024-02-05 22:13:28,Cheese Burger,3,50,1,0
3011,2024-02-05 22:13:28,Chicken Nuggets,3,30,1,0
3012,2024-02-05 15:53:46,Ice Cream,3,18,1,0
3012,2024-02-05 15:53:46,Chicken Nuggets,2,30,1,0
3012,2024-02-05 15:53:46,Chicken Burger,3,55,1,0
3012,2024-02-05 15:53:46,Soft Drink,2,15,1,0
3013,2024-02-05 19:24:30,Ice Cream,1,18,1,0
3014,2024-02-05 17:02:47,Milkshake,3,28,1,0
3015,2024-02-05 19:20:00,Ice Cream,1,18,1,0
3016,2024-02-05 16:03:16,Fries,3,20,1,0
3016,2024-02-05 16:03:16,Onion Rings,3,22,1,0
3016,2024-02-05 16:03:16,Chicken Nuggets,1,30,1,0
3017,2024-02-05 17:47:28,Cheese Burger,1,50,1,0
3017,2024-02-05 17:47:28,Milkshake,1,28,1,0
3018,2024-02-05 18:26:04,Double Burger,3,65,1,0
3019,2024-02-05 14:06:39,Milkshake,3,28,1,0
3019,2024-02-05 14:06:39,Ice Cream,1,18,1,0
3019,2024-02-05 14:06:39,Cheese Burger,3,50,1,0
3019,2024-02-05 14:06:39,Chicken Nuggets,1,30,1,0
3020,2024-02-05 20:35:40,Milkshake,1,28,1,0
3020,2024-02-05 20:35:40,Classic Burger,3,45,1,0
3021,2024-02-05 16:10:30,Fries,3,20,1,0
3021,2024-02-05 16:10:30,Soft Drink,3,15,1,0
3021,2024-02-05 16:10:30,Cheese Burger,3,50,1,0
3021,2024-02-05 16:10:30,Milkshake,3,28,1,0
3021,2024-02-05 16:10:30,Ice Cream,1,18,1,0
3022,2024-02-05 17:41:47,Chicken Nuggets,1,30,1,0
3022,2024-02-05 17:41:47,Milkshake,1,28,1,0
3022,2024-02-05 17:41:47,Onion Rings,3,22,1,0
3022,2024-02-05 17:41:47,Fries,3,20,1,0
3023,2024-02-05 15:23:45,Soft Drink,1,15,1,0
3023,2024-02-05 15:23:45,Milkshake,3,28,1,0
3023,2024-02-05 15:23:45,Double Burger,3,65,1,0
3023,2024-02-05 15:23:45,Fries,2,20,1,0
3024,2024-02-05 10:43:49,Onion Rings,1,22,1,0
3024,2024-02-05 10:43:49,Chicken Nuggets,2,30,1,0
3024,2024-02-05 10:43:49,Soft Drink,2,15,1,0
3024,2024-02-05 10:43:49,Milkshake,2,28,1,0
3025,2024-02-05 17:24:26,Double Burger,2,65,1,0
3025,2024-02-05 17:24:26,Milkshake,3,28,1,0
3025,2024-02-05 17:24:26,Onion Rings,2,22,1,0
3025,2024-02-05 17:24:26,Ice Cream,1,18,1,0
3025,2024-02-05 17:24:26,Fries,2,20,1,0
3026,2024-02-05 23:02:23,Chicken Burger,1,55,1,0
3026,2024-02-05 23:02:23,Soft Drink,2,15,1,0
3026,2024-02-05 23:02:23,Milkshake,3,28,1,0
3027,2024-02-05 20:51:24,Ice Cream,3,18,1,0
3027,2024-02-05 20:51:24,Soft Drink,2,15,1,0
3027,2024-02-05 20:51:24,Fries,3,20,1,0
3027,2024-02-05 20:51:24,Chicken Burger,1,55,1,0
3027,2024-02-05 20:51:24,Double Burger,3,65,1,0
3028,2024-02-05 17:58:50,Classic Burger,1,45,1,0
3029,2024-02-05 17:26:07,Double Burger,1,65,1,0
3029,2024-02-05 17:26:07,Ice Cream,1,18,1,0
3029,2024-02-05 17:26:07,Fries,1,20,1,0
3030,2024-02-05 18:59:45,Fries,3,20,1,0
3030,2024-02-05 18:59:45,Soft Drink,3,15,1,0
3030,2024-02-05 18:59:45,Onion Rings,3,22,1,0
3031,2024-02-06 20:40:18,Cheese Burger,1,50,1,0
3032,2024-02-06 20:28:02,Onion Rings,2,22,1,0
3033,2024-02-06 19:30:05,Milkshake,3,28,1,0
3033,2024-02-06 19:30:05,Chicken Nuggets,1,30,1,0
3033,2024-02-06 19:30:05,Chicken Burger,2,55,1,0
3033,2024-02-06 19:30:05,Classic Burger,2,45,1,0
3033,2024-02-06 19:30:05,Ice Cream,3,18,1,0
3034,2024-02-06 18:28:08,Ice Cream,1,18,1,0
3034,2024-02-06 18:28:08,Fries,3,20,1,0
3034,2024-02-06 18:28:08,Chicken Nuggets,1,30,1,0
3034,2024-02-06 18:28:08,Chicken Burger,1,55,1,0
3035,2024-02-06 20:45:44,Cheese Burger,1,50,1,0
3036,2024-02-06 19:30:26,Milkshake,1,28,1,0
3036,2024-02-06 19:30:26,Soft Drink,2,15,1,0
3036,2024-02-06 19:30:26,Onion Rings,1,22,1,0
3037,2024-02-06 16:10:13,Soft Drink,1,15,1,0
3037,2024-02-06 16:10:13,Cheese Burger,2,50,1,0
3037,2024-02-06 16:10:13,Fries,1,20,1,0
3037,2024-02-06 16:10:13,Double Burger,3,65,1,0
3037,2024-02-06 16:10:13,Onion Rings,3,22,1,0
3038,2024-02-06 16:20:31,Cheese Burger,1,50,1,0
3038,2024-02-06 16:20:31,Soft Drink,2,15,1,0
3039,2024-02-06 18:03:20,Chicken Burger,1,55,1,0
3040,2024-02-06 22:21:10,Classic Burger,1,45,1,0
3040,2024-02-06 22:21:10,Soft Drink,1,15,1,0
3041,2024-02-06 14:03:06,Onion Rings,2,22,1,0
3041,2024-02-06 14:03:06,Chicken Nuggets,1,30,1,0
3041,2024-02-06 14:03:06,Classic Burger,1,45,1,0
3042,2024-02-06 13:33:11,Ice Cream,2,18,1,0
3043,2024-02-06 18:00:42,Ice Cream,3,18,1,0
3044,2024-02-06 18:38:24,Fries,1,20,1,0
3044,2024-02-06 18:38:24,Soft Drink,2,15,1,0
3044,2024-02-06 18:38:24,Onion Rings,2,22,1,0
3045,2024-02-06 18:07:49,Milkshake,2,28,1,0
3045,2024-02-06 18:07:49,Double Burger,2,65,1,0
3045,2024-02-06 18:07:49,Fries,3,20,1,0
3046,2024-02-06 18:09:24,Soft Drink,3,15,1,0
3046,2024-02-06 18:09:24,Onion Rings,2,22,1,0
3046,2024-02-06 18:09:24,Ice Cream,1,18,1,0
3047,2024-02-06 17:47:32,Chicken Burger,2,55,1,0
3048,2024-02-06 22:51:11,Milkshake,1,28,1,0
3048,2024-02-06 22:51:11,Soft Drink,3,15,1,0
3049,2024-02-06 13:26:02,Ice Cream,1,18,1,0
3049,2024-02-06 13:26:02,Double Burger,2,65,1,0
3050,2024-02-06 15:57:42,Soft Drink,2,15,1,0
3050,2024-02-06 15:57:42,Milkshake,2,28,1,0
3050,2024-02-06 15:57:42,Ice Cream,2,18,1,0
3051,2024-02-06 17:09:01,Double Burger,3,65,1,0
3051,2024-02-06 17:09:01,Cheese Burger,2,50,1,0
3052,2024-02-06 13:07:50,Double Burger,1,65,1,0
3052,2024-02-06 13:07:50,Milkshake,1,28,1,0
3052,2024-02-06 13:07:50,Chicken Nuggets,3,30,1,0
3052,2024-02-06 13:07:50,Soft Drink,1,15,1,0
3053,2024-02-06 17:44:18,Milkshake,3,28,1,0
3053,2024-02-06 17:44:18,Double Burger,2,65,1,0
3053,2024-02-06 17:44:18,Chicken Burger,1,55,1,0
3053,2024-02-06 17:44:18,Soft Drink,2,15,1,0
3053,2024-02-06 17:44:18,Fries,1,20,1,0
3054,2024-02-06 22:45:02,Fries,1,20,1,0
3054,2024-02-06 22:45:02,Ice Cream,2,18,1,0
3054,2024-02-06 22:45:02,Classic Burger,3,45,1,0
3054,2024-02-06 22:45:02,Onion Rings,1,22,1,0
3054,2024-02-06 22:45:02,Milkshake,2,28,1,0
3055,2024-02-06 18:41:44,Soft Drink,1,15,1,0
3056,2024-02-06 18:13:14,Onion Rings,1,22,1,0
3056,2024-02-06 18:13:14,Cheese Burger,1,50,1,0
3056,2024-02-06 18:13:14,Ice Cream,3,18,1,0
3056,2024-02-06 18:13:14,Chicken Nuggets,1,30,1,0
3057,2024-02-06 14:19:32,Classic Burger,3,45,1,0
3057,2024-02-06 14:19:32,Double Burger,1,65,1,0
3057,2024-02-06 14:19:32,Ice Cream,1,18,1,0
3057,2024-02-06 14:19:32,Fries,3,20,1,0
3057,2024-02-06 14:19:32,Soft Drink,1,15,1,0
3058,2024-02-06 16:35:43,Double Burger,3,65,1,0
3058,2024-02-06 16:35:43,Chicken Nuggets,1,30,1,0
3059,2024-02-06 16:09:56,Milkshake,1,28,1,0
3059,2024-02-06 16:09:56,Double Burger,2,65,1,0
3060,2024-02-06 17:36:59,Classic Burger,2,45,1,0
3060,2024-02-06 17:36:59,Double Burger,1,65,1,0
3060,2024-02-06 17:36:59,Chicken Burger,2,55,1,0
3061,2024-02-06 21:06:08,Soft Drink,2,15,1,0
3062,2024-02-06 19:35:31,Soft Drink,1,15,1,0
3062,2024-02-06 19:35:31,Milkshake,2,28,1,0
3062,2024-02-06 19:35:31,Onion Rings,3,22,1,0
3062,2024-02-06 19:35:31,Classic Burger,2,45,1,0
3062,2024-02-06 19:35:31,Chicken Burger,1,55,1,0
3063,2024-02-06 14:27:56,Ice Cream,1,18,1,0
3064,2024-02-06 18:46:04,Ice Cream,2,18,1,0
3064,2024-02-06 18:46:04,Chicken Nuggets,2,30,1,0
3064,2024-02-06 18:46:04,Soft Drink,1,15,1,0
3064,2024-02-06 18:46:04,Cheese Burger,2,50,1,0
3064,2024-02-06 18:46:04,Double Burger,3,65,1,0
3065,2024-02-06 19:35:07,Classic Burger,2,45,1,0
3065,2024-02-06 19:35:07,Onion Rings,1,22,1,0
3066,2024-02-06 21:38:48,Chicken Burger,2,55,1,0
3067,2024-02-06 22:54:08,Onion Rings,3,22,1,0
3067,2024-02-06 22:54:08,Chicken Nuggets,1,30,1,0
3067,2024-02-06 22:54:08,Double Burger,2,65,1,0
3067,2024-02-06 22:54:08,Milkshake,3,28,1,0
3067,2024-02-06 22:54:08,Classic Burger,1,45,1,0
3068,2024-02-06 14:35:05,Double Burger,1,65,1,0
3068,2024-02-06 14:35:05,Cheese Burger,3,50,1,0
3068,2024-02-06 14:35:05,Classic Burger,3,45,1,0
3069,2024-02-06 15:44:34,Onion Rings,1,22,1,0
3069,2024-02-06 15:44:34,Chicken Burger,3,55,1,0
3069,2024-02-06 15:44:34,Cheese Burger,1,50,1,0
3069,2024-02-06 15:44:34,Ice Cream,1,18,1,0
3070,2024-02-06 14:31:39,Double Burger,1,65,1,0
3070,2024-02-06 14:31:39,Classic Burger,2,45,1,0
3070,2024-02-06 14:31:39,Chicken Nuggets,2,30,1,0
3071,2024-02-06 17:53:57,Milkshake,3,28,1,0
3072,2024-02-06 19:29:58,Chicken Burger,3,55,1,0
3072,2024-02-06 19:29:58,Fries,1,20,1,0
3072,2024-02-06 19:29:58,Soft Drink,2,15,1,0
3072,2024-02-06 19:29:58,Classic Burger,2,45,1,0
3073,2024-02-06 20:35:57,Fries,1,20,1,0
3073,2024-02-06 20:35:57,Ice Cream,1,18,1,0
3074,2024-02-06 17:36:09,Fries,1,20,1,0
3074,2024-02-06 17:36:09,Soft Drink,1,15,1,0
3074,2024-02-06 17:36:09,Ice Cream,1,18,1,0
3075,2024-02-06 17:39:32,Cheese Burger,3,50,1,0
3075,2024-02-06 17:39:32,Classic Burger,2,45,1,0
3075,2024-02-06 17:39:32,Milkshake,1,28,1,0
3075,2024-02-06 17:39:32,Onion Rings,2,22,1,0
3075,2024-02-06 17:39:32,Double Burger,3,65,1,0
3076,2024-02-06 18:34:45,Ice Cream,3,18,1,0
3077,2024-02-06 15:41:12,Ice Cream,1,18,1,0
3077,2024-02-06 15:41:12,Chicken Nuggets,3,30,1,0
3077,2024-02-06 15:41:12,Soft Drink,2,15,1,0
3077,2024-02-06 15:41:12,Double Burger,2,65,1,0
3078,2024-02-06 23:50:19,Ice Cream,3,18,1,0
3078,2024-02-06 23:50:19,Chicken Burger,3,55,1,0
3079,2024-02-06 13:54:56,Cheese Burger,1,50,1,0
3079,2024-02-06 13:54:56,Chicken Burger,3,55,1,0
3080,2024-02-06 18:39:40,Chicken Burger,2,55,1,0
3081,2024-02-06 23:35:32,Milkshake,3,28,1,0
3081,2024-02-06 23:35:32,Ice Cream,3,18,1,0
3082,2024-02-06 18:10:35,Classic Burger,3,45,1,0
3082,2024-02-06 18:10:35,Double Burger,3,65,1,0
3082,2024-02-06 18:10:35,Fries,3,20,1,0
3082,2024-02-06 18:10:35,Chicken Nuggets,1,30,1,0
3083,2024-02-06 17:05:34,Soft Drink,2,15,1,0
3083,2024-02-06 17:05:34,Classic Burger,3,45,1,0
3084,2024-02-07 11:38:38,Soft Drink,2,15,1,0
3084,2024-02-07 11:38:38,Milkshake,2,28,1,0
3085,2024-02-07 22:43:49,Milkshake,3,28,1,0
3085,2024-02-07 22:43:49,Classic Burger,2,45,1,0
3085,2024-02-07 22:43:49,Chicken Burger,2,55,1,0
3085,2024-02-07 22:43:49,Chicken Nuggets,1,30,1,0
3086,2024-02-07 13:16:18,Ice Cream,3,18,1,0
3086,2024-02-07 13:16:18,Chicken Nuggets,2,30,1,0
3086,2024-02-07 13:16:18,Milkshake,1,28,1,0
3086,2024-02-07 13:16:18,Soft Drink,3,15,1,0
3086,2024-02-07 13:16:18,Fries,3,20,1,0
3087,2024-02-07 17:35:34,Classic Burger,3,45,1,0
3087,2024-02-07 17:35:34,Fries,3,20,1,0
3087,2024-02-07 17:35:34,Chicken Burger,1,55,1,0
3087,2024-02-07 17:35:34,Chicken Nuggets,2,30,1,0
3088,2024-02-07 16:23:34,Soft Drink,2,15,1,0
3088,2024-02-07 16:23:34,Cheese Burger,3,50,1,0
3088,2024-02-07 16:23:34,Onion Rings,1,22,1,0
3088,2024-02-07 16:23:34,Fries,1,20,1,0
3089,2024-02-07 19:26:18,Classic Burger,3,45,1,0
3089,2024-02-07 19:26:18,Ice Cream,3,18,1,0
3089,2024-02-07 19:26:18,Soft Drink,1,15,1,0
3090,2024-02-07 13:58:32,Milkshake,2,28,1,0
3090,2024-02-07 13:58:32,Fries,1,20,1,0
3091,2024-02-07 19:54:33,Onion Rings,2,22,1,0
3091,2024-02-07 19:54:33,Classic Burger,3,45,1,0
3091,2024-02-07 19:54:33,Fries,1,20,1,0
3091,2024-02-07 19:54:33,Chicken Nuggets,3,30,1,0
3092,2024-02-07 23:36:23,Onion Rings,2,22,1,0
3093,2024-02-07 13:01:35,Ice Cream,2,18,1,0
3093,2024-02-07 13:01:35,Soft Drink,1,15,1,0
3093,2024-02-07 13:01:35,Fries,1,20,1,0
3093,2024-02-07 13:01:35,Double Burger,2,65,1,0
3093,2024-02-07 13:01:35,Chicken Nuggets,2,30,1,0
3094,2024-02-07 18:33:45,Chicken Nuggets,2,30,1,0
3095,2024-02-07 16:04:01,Chicken Nuggets,1,30,1,0
3095,2024-02-07 16:04:01,Cheese Burger,3,50,1,0
3095,2024-02-07 16:04:01,Onion Rings,3,22,1,0
3095,2024-02-07 16:04:01,Milkshake,2,28,1,0
3095,2024-02-07 16:04:01,Ice Cream,3,18,1,0
3096,2024-02-07 19:33:05,Double Burger,3,65,1,0
3097,2024-02-07 18:30:59,Ice Cream,1,18,1,0
3097,2024-02-07 18:30:59,Soft Drink,2,15,1,0
3097,2024-02-07 18:30:59,Milkshake,1,28,1,0
3097,2024-02-07 18:30:59,Onion Rings,3,22,1,0
3097,2024-02-07 18:30:59,Chicken Burger,3,55,1,0
3098,2024-02-07 16:33:35,Chicken Nuggets,3,30,1,0
3099,2024-02-07 19:00:12,Onion Rings,1,22,1,0
3099,2024-02-07 19:00:12,Fries,2,20,1,0
3099,2024-02-07 19:00:12,Soft Drink,2,15,1,0
3100,2024-02-07 23:18:22,Chicken Burger,2,55,1,0
3101,2024-02-07 17:50:14,Ice Cream,3,18,1,0
3101,2024-02-07 17:50:14,Classic Burger,2,45,1,0
3101,2024-02-07 17:50:14,Chicken Nuggets,2,30,1,0
3101,2024-02-07 17:50:14,Cheese Burger,2,50,1,0
3101,2024-02-07 17:50:14,Chicken Burger,2,55,1,0
3102,2024-02-07 20:18:49,Chicken Nuggets,1,30,1,0
3103,2024-02-07 14:54:28,Ice Cream,3,18,1,0
3103,2024-02-07 14:54:28,Onion Rings,1,22,1,0
3103,2024-02-07 14:54:28,Cheese Burger,1,50,1,0
3103,2024-02-07 14:54:28,Soft Drink,1,15,1,0
3103,2024-02-07 14:54:28,Double Burger,2,65,1,0
3104,2024-02-07 15:40:31,Fries,1,20,1,0
3104,2024-02-07 15:40:31,Double Burger,2,65,1,0
3105,2024-02-07 19:06:17,Fries,2,20,1,0
3105,2024-02-07 19:06:17,Milkshake,1,28,1,0
3105,2024-02-07 19:06:17,Ice Cream,1,18,1,0
3105,2024-02-07 19:06:17,Chicken Nuggets,1,30,1,0
3106,2024-02-07 22:22:23,Chicken Burger,2,55,1,0
3107,2024-02-07 19:44:30,Cheese Burger,1,50,1,0
3107,2024-02-07 19:44:30,Chicken Nuggets,2,30,1,0
3107,2024-02-07 19:44:30,Soft Drink,3,15,1,0
3107,2024-02-07 19:44:30,Milkshake,1,28,1,0
3107,2024-02-07 19:44:30,Onion Rings,3,22,1,0
3108,2024-02-07 17:01:43,Milkshake,2,28,1,0
3109,2024-02-07 17:35:01,Milkshake,2,28,1,0
3109,2024-02-07 17:35:01,Cheese Burger,2,50,1,0
3109,2024-02-07 17:35:01,Classic Burger,3,45,1,0
3109,2024-02-07 17:35:01,Soft Drink,1,15,1,0
3110,2024-02-07 14:43:48,Chicken Nuggets,1,30,1,0
3111,2024-02-07 19:16:50,Chicken Nuggets,1,30,1,0
3111,2024-02-07 19:16:50,Ice Cream,1,18,1,0
3111,2024-02-07 19:16:50,Chicken Burger,1,55,1,0
3111,2024-02-07 19:16:50,Milkshake,2,28,1,0
3111,2024-02-07 19:16:50,Classic Burger,3,45,1,0
3112,2024-02-07 20:25:47,Onion Rings,1,22,1,0
3112,2024-02-07 20:25:47,Milkshake,2,28,1,0
3112,2024-02-07 20:25:47,Soft Drink,3,15,1,0
3112,2024-02-07 20:25:47,Ice Cream,1,18,1,0
3113,2024-02-07 16:18:22,Soft Drink,3,15,1,0
3113,2024-02-07 16:18:22,Classic Burger,1,45,1,0
3113,2024-02-07 16:18:22,Cheese Burger,2,50,1,0
3113,2024-02-07 16:18:22,Chicken Nuggets,3,30,1,0
3114,2024-02-07 16:02:15,Fries,1,20,1,0
3114,2024-02-07 16:02:15,Chicken Burger,3,55,1,0
3115,2024-02-07 18:31:14,Chicken Burger,3,55,1,0
3115,2024-02-07 18:31:14,Classic Burger,3,45,1,0
3115,2024-02-07 18:31:14,Ice Cream,1,18,1,0
3115,2024-02-07 18:31:14,Cheese Burger,2,50,1,0
3115,2024-02-07 18:31:14,Chicken Nuggets,3,30,1,0
3116,2024-02-07 16:04:36,Chicken Burger,3,55,1,0
3116,2024-02-07 16:04:36,Onion Rings,2,22,1,0
3116,2024-02-07 16:04:36,Fries,1,20,1,0
3116,2024-02-07 16:04:36,Classic Burger,1,45,1,0
3117,2024-02-07 17:36:46,Chicken Burger,3,55,1,0
3118,2024-02-07 23:46:26,Chicken Burger,3,55,1,0
3118,2024-02-07 23:46:26,Soft Drink,3,15,1,0
3118,2024-02-07 23:46:26,Onion Rings,2,22,1,0
3118,2024-02-07 23:46:26,Double Burger,1,65,1,0
3119,2024-02-07 17:09:53,Double Burger,1,65,1,0
3120,2024-02-07 16:12:04,Chicken Nuggets,2,30,1,0
3120,2024-02-07 16:12:04,Cheese Burger,1,50,1,0
3120,2024-02-07 16:12:04,Classic Burger,3,45,1,0
3121,2024-02-07 16:19:06,Classic Burger,3,45,1,0
3121,2024-02-07 16:19:06,Onion Rings,2,22,1,0
3121,2024-02-07 16:19:06,Fries,3,20,1,0
3121,2024-02-07 16:19:06,Soft Drink,1,15,1,0
3121,2024-02-07 16:19:06,Milkshake,2,28,1,0
3122,2024-02-07 20:07:38,Chicken Nuggets,3,30,1,0
3122,2024-02-07 20:07:38,Ice Cream,1,18,1,0
3122,2024-02-07 20:07:38,Double Burger,3,65,1,0
3123,2024-02-07 17:03:03,Onion Rings,1,22,1,0
3123,2024-02-07 17:03:03,Milkshake,1,28,1,0
3124,2024-02-07 16:14:27,Onion Rings,3,22,1,0
3124,2024-02-07 16:14:27,Chicken Burger,3,55,1,0
3125,2024-02-07 21:34:28,Onion Rings,2,22,1,0
3125,2024-02-07 21:34:28,Double Burger,2,65,1,0
3126,2024-02-07 22:14:21,Fries,1,20,1,0
3126,2024-02-07 22:14:21,Chicken Nuggets,3,30,1,0
3127,2024-02-07 16:33:54,Soft Drink,2,15,1,0
3127,2024-02-07 16:33:54,Fries,1,20,1,0
3127,2024-02-07 16:33:54,Ice Cream,3,18,1,0
3128,2024-02-07 12:10:30,Classic Burger,1,45,1,0
3128,2024-02-07 12:10:30,Milkshake,2,28,1,0
3128,2024-02-07 12:10:30,Fries,1,20,1,0
3128,2024-02-07 12:10:30,Ice Cream,1,18,1,0
3128,2024-02-07 12:10:30,Soft Drink,1,15,1,0
3129,2024-02-07 21:51:42,Chicken Burger,2,55,1,0
3130,2024-02-07 15:28:05,Double Burger,3,65,1,0
3130,2024-02-07 15:28:05,Ice Cream,3,18,1,0
3130,2024-02-07 15:28:05,Chicken Nuggets,2,30,1,0
3131,2024-02-08 14:14:47,Cheese Burger,2,50,1,0
3132,2024-02-08 20:52:18,Classic Burger,2,45,1,0
3132,2024-02-08 20:52:18,Onion Rings,1,22,1,0
3132,2024-02-08 20:52:18,Fries,1,20,1,0
3132,2024-02-08 20:52:18,Chicken Burger,3,55,1,0
3133,2024-02-08 18:52:44,Classic Burger,1,45,1,0
3133,2024-02-08 18:52:44,Chicken Nuggets,2,30,1,0
3134,2024-02-08 15:14:43,Classic Burger,1,45,1,0
3134,2024-02-08 15:14:43,Chicken Burger,3,55,1,0
3134,2024-02-08 15:14:43,Fries,2,20,1,0
3135,2024-02-08 16:38:16,Milkshake,2,28,1,0
3136,2024-02-08 20:39:14,Milkshake,3,28,1,0
3136,2024-02-08 20:39:14,Chicken Nuggets,3,30,1,0
3136,2024-02-08 20:39:14,Double Burger,1,65,1,0
3137,2024-02-08 18:42:18,Chicken Nuggets,1,30,1,0
3137,2024-02-08 18:42:18,Milkshake,3,28,1,0
3137,2024-02-08 18:42:18,Fries,2,20,1,0
3137,2024-02-08 18:42:18,Soft Drink,1,15,1,0
3137,2024-02-08 18:42:18,Chicken Burger,2,55,1,0
3138,2024-02-08 19:01:41,Classic Burger,3,45,1,0
3138,2024-02-08 19:01:41,Chicken Nuggets,2,30,1,0
3138,2024-02-08 19:01:41,Ice Cream,1,18,1,0
3139,2024-02-08 23:02:04,Chicken Nuggets,3,30,1,0
3139,2024-02-08 23:02:04,Milkshake,2,28,1,0
3139,2024-02-08 23:02:04,Fries,1,20,1,0
3139,2024-02-08 23:02:04,Onion Rings,1,22,1,0
3140,2024-02-08 13:58:33,Classic Burger,3,45,1,0
3140,2024-02-08 13:58:33,Fries,1,20,1,0
3140,2024-02-08 13:58:33,Chicken Nuggets,2,30,1,0
3140,2024-02-08 13:58:33,Milkshake,1,28,1,0
3141,2024-02-08 22:16:44,Chicken Nuggets,3,30,1,0
3141,2024-02-08 22:16:44,Soft Drink,3,15,1,0
3141,2024-02-08 22:16:44,Milkshake,3,28,1,0
3142,2024-02-08 18:52:24,Fries,1,20,1,0
3143,2024-02-08 15:23:08,Chicken Burger,2,55,1,0
3143,2024-02-08 15:23:08,Cheese Burger,1,50,1,0
3143,2024-02-08 15:23:08,Fries,1,20,1,0
3143,2024-02-08 15:23:08,Soft Drink,2,15,1,0
3143,2024-02-08 15:23:08,Classic Burger,2,45,1,0
3144,2024-02-08 14:43:38,Onion Rings,3,22,1,0
3144,2024-02-08 14:43:38,Fries,2,20,1,0
3144,2024-02-08 14:43:38,Chicken Nuggets,2,30,1,0
3145,2024-02-08 17:05:00,Cheese Burger,2,50,1,0
3146,2024-02-08 20:17:19,Double Burger,1,65,1,0
3146,2024-02-08 20:17:19,Cheese Burger,3,50,1,0
3147,2024-02-08 17:12:50,Cheese Burger,2,50,1,0
3147,2024-02-08 17:12:50,Chicken Burger,2,55,1,0
3148,2024-02-08 22:33:34,Double Burger,3,65,1,0
3148,2024-02-08 22:33:34,Onion Rings,3,22,1,0
3148,2024-02-08 22:33:34,Milkshake,3,28,1,0
3148,2024-02-08 22:33:34,Chicken Nuggets,3,30,1,0
3149,2024-02-08 13:51:03,Classic Burger,2,45,1,0
3149,2024-02-08 13:51:03,Fries,1,20,1,0
3149,2024-02-08 13:51:03,Cheese Burger,1,50,1,0
3150,2024-02-08 17:03:40,Cheese Burger,3,50,1,0
3151,2024-02-08 14:18:43,Chicken Burger,2,55,1,0
3151,2024-02-08 14:18:43,Double Burger,1,65,1,0
3151,2024-02-08 14:18:43,Onion Rings,1,22,1,0
3151,2024-02-08 14:18:43,Chicken Nuggets,1,30,1,0
3151,2024-02-08 14:18:43,Cheese Burger,2,50,1,0
3152,2024-02-08 19:08:29,Milkshake,3,28,1,0
3152,2024-02-08 19:08:29,Ice Cream,1,18,1,0
3152,2024-02-08 19:08:29,Chicken Burger,1,55,1,0
3152,2024-02-08 19:08:29,Classic Burger,3,45,1,0
3153,2024-02-08 20:57:29,Milkshake,3,28,1,0
3153,2024-02-08 20:57:29,Chicken Burger,1,55,1,0
3153,2024-02-08 20:57:29,Double Burger,1,65,1,0
3153,2024-02-08 20:57:29,Fries,2,20,1,0
3154,2024-02-08 16:31:17,Cheese Burger,2,50,1,0
3154,2024-02-08 16:31:17,Ice Cream,1,18,1,0
3154,2024-02-08 16:31:17,Fries,3,20,1,0
3154,2024-02-08 16:31:17,Double Burger,3,65,1,0
3155,2024-02-08 10:33:43,Fries,1,20,1,0
3156,2024-02-08 18:55:48,Double Burger,2,65,1,0
3156,2024-02-08 18:55:48,Chicken Nuggets,2,30,1,0
3157,2024-02-08 19:43:18,Double Burger,2,65,1,0
3157,2024-02-08 19:43:18,Onion Rings,3,22,1,0
3157,2024-02-08 19:43:18,Fries,2,20,1,0
3157,2024-02-08 19:43:18,Ice Cream,3,18,1,0
3157,2024-02-08 19:43:18,Milkshake,1,28,1,0
3158,2024-02-08 19:26:51,Soft Drink,1,15,1,0
3158,2024-02-08 19:26:51,Fries,2,20,1,0
3159,2024-02-08 21:51:26,Double Burger,2,65,1,0
3160,2024-02-08 14:49:41,Classic Burger,2,45,1,0
3160,2024-02-08 14:49:41,Ice Cream,1,18,1,0
3160,2024-02-08 14:49:41,Cheese Burger,1,50,1,0
3160,2024-02-08 14:49:41,Chicken Nuggets,2,30,1,0
3161,2024-02-08 20:41:54,Onion Rings,1,22,1,0
3161,2024-02-08 20:41:54,Classic Burger,3,45,1,0
3161,2024-02-08 20:41:54,Milkshake,1,28,1,0
3161,2024-02-08 20:41:54,Fries,2,20,1,0
3161,2024-02-08 20:41:54,Ice Cream,3,18,1,0
3162,2024-02-08 21:19:26,Double Burger,3,65,1,0
3162,2024-02-08 21:19:26,Fries,2,20,1,0
3162,2024-02-08 21:19:26,Milkshake,2,28,1,0
3163,2024-02-08 12:04:20,Chicken Nuggets,2,30,1,0
3163,2024-02-08 12:04:20,Cheese Burger,2,50,1,0
3163,2024-02-08 12:04:20,Chicken Burger,3,55,1,0
3163,2024-02-08 12:04:20,Onion Rings,1,22,1,0
3163,2024-02-08 12:04:20,Double Burger,2,65,1,0
3164,2024-02-08 18:14:37,Soft Drink,3,15,1,0
3164,2024-02-08 18:14:37,Onion Rings,1,22,1,0
3164,2024-02-08 18:14:37,Double Burger,3,65,1,0
3165,2024-02-08 16:42:07,Classic Burger,2,45,1,0
3165,2024-02-08 16:42:07,Double Burger,2,65,1,0
3166,2024-02-08 17:34:43,Fries,3,20,1,0
3166,2024-02-08 17:34:43,Soft Drink,3,15,1,0
3167,2024-02-08 19:48:18,Chicken Nuggets,1,30,1,0
3168,2024-02-08 16:31:26,Fries,2,20,1,0
3168,2024-02-08 16:31:26,Milkshake,1,28,1,0
3168,2024-02-08 16:31:26,Ice Cream,2,18,1,0
3168,2024-02-08 16:31:26,Soft Drink,2,15,1,0
3168,2024-02-08 16:31:26,Chicken Burger,3,55,1,0
3169,2024-02-08 15:07:16,Ice Cream,3,18,1,0
3169,2024-02-08 15:07:16,Chicken Nuggets,2,30,1,0
3170,2024-02-08 18:44:00,Double Burger,1,65,1,0
3170,2024-02-08 18:44:00,Chicken Nuggets,3,30,1,0
3170,2024-02-08 18:44:00,Fries,1,20,1,0
3171,2024-02-08 14:09:53,Onion Rings,2,22,1,0
3171,2024-02-08 14:09:53,Classic Burger,1,45,1,0
3171,2024-02-08 14:09:53,Chicken Burger,2,55,1,0
3171,2024-02-08 14:09:53,Milkshake,2,28,1,0
3172,2024-02-08 14:24:32,Classic Burger,1,45,1,0
3172,2024-02-08 14:24:32,Milkshake,3,28,1,0
3172,2024-02-08 14:24:32,Cheese Burger,2,50,1,0
3172,2024-02-08 14:24:32,Ice Cream,1,18,1,0
3172,2024-02-08 14:24:32,Double Burger,3,65,1,0
3173,2024-02-08 20:49:05,Classic Burger,2,45,1,0
3173,2024-02-08 20:49:05,Milkshake,2,28,1,0
3173,2024-02-08 20:49:05,Cheese Burger,2,50,1,0
3174,2024-02-08 14:51:09,Double Burger,3,65,1,0
3174,2024-02-08 14:51:09,Cheese Burger,1,50,1,0
3174,2024-02-08 14:51:09,Chicken Nuggets,1,30,1,0
3174,2024-02-08 14:51:09,Classic Burger,2,45,1,0
3175,2024-02-08 19:45:21,Soft Drink,3,15,1,0
3176,2024-02-08 19:07:41,Soft Drink,1,15,1,0
3176,2024-02-08 19:07:41,Double Burger,3,65,1,0
3177,2024-02-08 12:45:09,Soft Drink,3,15,1,0
3178,2024-02-08 15:11:25,Cheese Burger,2,50,1,0
3178,2024-02-08 15:11:25,Onion Rings,2,22,1,0
3179,2024-02-08 21:16:31,Chicken Nuggets,2,30,1,0
3180,2024-02-08 15:00:10,Chicken Nuggets,2,30,1,0
3180,2024-02-08 15:00:10,Cheese Burger,2,50,1,0
3180,2024-02-08 15:00:10,Soft Drink,2,15,1,0
3180,2024-02-08 15:00:10,Milkshake,3,28,1,0
3181,2024-02-08 16:57:37,Fries,3,20,1,0
3181,2024-02-08 16:57:37,Chicken Nuggets,1,30,1,0
3181,2024-02-08 16:57:37,Milkshake,3,28,1,0
3182,2024-02-08 19:11:49,Fries,2,20,1,0
3182,2024-02-08 19:11:49,Milkshake,3,28,1,0
3182,2024-02-08 19:11:49,Chicken Nuggets,2,30,1,0
3183,2024-02-08 20:31:44,Fries,3,20,1,0
3184,2024-02-08 17:59:28,Cheese Burger,1,50,1,0
3184,2024-02-08 17:59:28,Chicken Nuggets,1,30,1,0
3184,2024-02-08 17:59:28,Soft Drink,3,15,1,0
3184,2024-02-08 17:59:28,Milkshake,1,28,1,0
3185,2024-02-08 16:28:37,Cheese Burger,1,50,1,0
3185,2024-02-08 16:28:37,Classic Burger,2,45,1,0
3185,2024-02-08 16:28:37,Onion Rings,3,22,1,0
3185,2024-02-08 16:28:37,Soft Drink,1,15,1,0
3185,2024-02-08 16:28:37,Fries,2,20,1,0
3186,2024-02-09 18:16:36,Classic Burger,1,45,1,0
3186,2024-02-09 18:16:36,Fries,1,20,1,0
3186,2024-02-09 18:16:36,Soft Drink,3,15,1,0
3187,2024-02-09 15:09:10,Fries,2,20,1,0
3187,2024-02-09 15:09:10,Milkshake,3,28,1,0
3188,2024-02-09 15:26:08,Double Burger,2,65,1,0
3188,2024-02-09 15:26:08,Chicken Burger,3,55,1,0
3189,2024-02-09 19:42:20,Double Burger,1,65,1,0
3189,2024-02-09 19:42:20,Classic Burger,3,45,1,0
3190,2024-02-09 19:37:27,Soft Drink,2,15,1,0
3190,2024-02-09 19:37:27,Chicken Burger,1,55,1,0
3190,2024-02-09 19:37:27,Onion Rings,1,22,1,0
3190,2024-02-09 19:37:27,Ice Cream,1,18,1,0
3190,2024-02-09 19:37:27,Double Burger,3,65,1,0
3191,2024-02-09 22:00:04,Cheese Burger,2,50,1,0
3191,2024-02-09 22:00:04,Onion Rings,2,22,1,0
3192,2024-02-09 19:05:27,Milkshake,1,28,1,0
3192,2024-02-09 19:05:27,Double Burger,3,65,1,0
3192,2024-02-09 19:05:27,Chicken Burger,2,55,1,0
3193,2024-02-09 13:41:12,Onion Rings,3,22,1,0
3193,2024-02-09 13:41:12,Chicken Nuggets,3,30,1,0
3194,2024-02-09 21:38:19,Fries,1,20,1,0
3194,2024-02-09 21:38:19,Chicken Nuggets,1,30,1,0
3194,2024-02-09 21:38:19,Chicken Burger,2,55,1,0
3194,2024-02-09 21:38:19,Double Burger,2,65,1,0
3194,2024-02-09 21:38:19,Onion Rings,1,22,1,0
3195,2024-02-09 15:29:44,Soft Drink,1,15,1,0
3195,2024-02-09 15:29:44,Onion Rings,2,22,1,0
3196,2024-02-09 16:47:09,Fries,3,20,1,0
3196,2024-02-09 16:47:09,Onion Rings,3,22,1,0
3196,2024-02-09 16:47:09,Soft Drink,1,15,1,0
3197,2024-02-09 18:49:41,Double Burger,1,65,1,0
3197,2024-02-09 18:49:41,Milkshake,1,28,1,0
3197,2024-02-09 18:49:41,Cheese Burger,3,50,1,0
3198,2024-02-09 23:15:52,Chicken Burger,1,55,1,0
3198,2024-02-09 23:15:52,Ice Cream,3,18,1,0
3198,2024-02-09 23:15:52,Chicken Nuggets,1,30,1,0
3198,2024-02-09 23:15:52,Soft Drink,2,15,1,0
3199,2024-02-09 23:11:23,Onion Rings,1,22,1,0
3199,2024-02-09 23:11:23,Cheese Burger,3,50,1,0
3199,2024-02-09 23:11:23,Ice Cream,1,18,1,0
3199,2024-02-09 23:11:23,Fries,3,20,1,0
3199,2024-02-09 23:11:23,Soft Drink,1,15,1,0
3200,2024-02-09 19:45:47,Onion Rings,1,22,1,0
3201,2024-02-09 17:19:02,Soft Drink,3,15,1,0
3201,2024-02-09 17:19:02,Chicken Burger,2,55,1,0
3202,2024-02-09 19:49:18,Fries,1,20,1,0
3202,2024-02-09 19:49:18,Ice Cream,2,18,1,0
3202,2024-02-09 19:49:18,Chicken Nuggets,2,30,1,0
3203,2024-02-09 20:18:03,Soft Drink,2,15,1,0
3203,2024-02-09 20:18:03,Fries,2,20,1,0
3204,2024-02-09 17:20:34,Double Burger,3,65,1,0
3204,2024-02-09 17:20:34,Soft Drink,1,15,1,0
3204,2024-02-09 17:20:34,Chicken Burger,3,55,1,0
3205,2024-02-09 23:47:44,Milkshake,3,28,1,0
3205,2024-02-09 23:47:44,Chicken Burger,3,55,1,0
3205,2024-02-09 23:47:44,Cheese Burger,1,50,1,0
3206,2024-02-09 18:05:56,Cheese Burger,2,50,1,0
3206,2024-02-09 18:05:56,Ice Cream,2,18,1,0
3206,2024-02-09 18:05:56,Milkshake,2,28,1,0
3207,2024-02-09 19:23:26,Chicken Nuggets,2,30,1,0
3207,2024-02-09 19:23:26,Milkshake,1,28,1,0
3207,2024-02-09 19:23:26,Classic Burger,3,45,1,0
3207,2024-02-09 19:23:26,Ice Cream,3,18,1,0
3207,2024-02-09 19:23:26,Onion Rings,2,22,1,0
3208,2024-02-09 19:56:25,Classic Burger,2,45,1,0
3208,2024-02-09 19:56:25,Fries,3,20,1,0
3208,2024-02-09 19:56:25,Onion Rings,1,22,1,0
3209,2024-02-09 19:06:06,Cheese Burger,1,50,1,0
3209,2024-02-09 19:06:06,Double Burger,3,65,1,0
3209,2024-02-09 19:06:06,Soft Drink,1,15,1,0
3209,2024-02-09 19:06:06,Milkshake,1,28,1,0
3209,2024-02-09 19:06:06,Chicken Burger,3,55,1,0
3210,2024-02-09 20:16:53,Fries,2,20,1,0
3210,2024-02-09 20:16:53,Cheese Burger,2,50,1,0
3211,2024-02-09 16:48:08,Double Burger,3,65,1,0
3211,2024-02-09 16:48:08,Fries,1,20,1,0
3211,2024-02-09 16:48:08,Chicken Burger,2,55,1,0
3212,2024-02-09 16:13:20,Chicken Nuggets,2,30,1,0
3212,2024-02-09 16:13:20,Classic Burger,3,45,1,0
3213,2024-02-09 14:27:09,Milkshake,2,28,1,0
3213,2024-02-09 14:27:09,Cheese Burger,2,50,1,0
3213,2024-02-09 14:27:09,Ice Cream,1,18,1,0
3214,2024-02-09 19:02:12,Onion Rings,3,22,1,0
3214,2024-02-09 19:02:12,Ice Cream,1,18,1,0
3214,2024-02-09 19:02:12,Milkshake,1,28,1,0
3214,2024-02-09 19:02:12,Fries,3,20,1,0
3214,2024-02-09 19:02:12,Chicken Nuggets,2,30,1,0
3215,2024-02-09 20:48:23,Chicken Burger,1,55,1,0
3215,2024-02-09 20:48:23,Classic Burger,2,45,1,0
3215,2024-02-09 20:48:23,Cheese Burger,2,50,1,0
3216,2024-02-09 19:55:05,Soft Drink,3,15,1,0
3217,2024-02-09 23:13:08,Onion Rings,2,22,1,0
3217,2024-02-09 23:13:08,Milkshake,1,28,1,0
3217,2024-02-09 23:13:08,Double Burger,1,65,1,0
3217,2024-02-09 23:13:08,Cheese Burger,1,50,1,0
3217,2024-02-09 23:13:08,Soft Drink,2,15,1,0
3218,2024-02-09 17:19:15,Fries,3,20,1,0
3218,2024-02-09 17:19:15,Chicken Nuggets,3,30,1,0
3218,2024-02-09 17:19:15,Cheese Burger,2,50,1,0
3218,2024-02-09 17:19:15,Soft Drink,2,15,1,0
3218,2024-02-09 17:19:15,Onion Rings,1,22,1,0
3219,2024-02-09 20:12:20,Onion Rings,2,22,1,0
3219,2024-02-09 20:12:20,Classic Burger,3,45,1,0
3219,2024-02-09 20:12:20,Chicken Burger,3,55,1,0
3219,2024-02-09 20:12:20,Fries,1,20,1,0
3219,2024-02-09 20:12:20,Double Burger,1,65,1,0
3220,2024-02-09 14:39:13,Cheese Burger,2,50,1,0
3221,2024-02-09 16:33:30,Soft Drink,1,15,1,0
3221,2024-02-09 16:33:30,Double Burger,1,65,1,0
3221,2024-02-09 16:33:30,Fries,2,20,1,0
3222,2024-02-09 20:59:19,Soft Drink,2,15,1,0
3223,2024-02-09 20:55:13,Chicken Burger,3,55,1,0
3223,2024-02-09 20:55:13,Milkshake,2,28,1,0
3223,2024-02-09 20:55:13,Fries,3,20,1,0
3224,2024-02-09 17:46:30,Chicken Burger,3,55,1,0
3224,2024-02-09 17:46:30,Soft Drink,1,15,1,0
3225,2024-02-09 17:03:14,Fries,1,20,1,0
3225,2024-02-09 17:03:14,Cheese Burger,3,50,1,0
3226,2024-02-09 13:57:12,Milkshake,3,28,1,0
3227,2024-02-09 16:24:00,Soft Drink,2,15,1,0
3227,2024-02-09 16:24:00,Double Burger,1,65,1,0
3227,2024-02-09 16:24:00,Cheese Burger,2,50,1,0
3228,2024-02-09 20:55:39,Chicken Nuggets,1,30,1,0
3228,2024-02-09 20:55:39,Fries,1,20,1,0
3228,2024-02-09 20:55:39,Chicken Burger,3,55,1,0
3229,2024-02-09 19:04:03,Chicken Nuggets,2,30,1,0
3229,2024-02-09 19:04:03,Onion Rings,2,22,1,0
3230,2024-02-09 19:26:53,Cheese Burger,3,50,1,0
3230,2024-02-09 19:26:53,Chicken Nuggets,1,30,1,0
3230,2024-02-09 19:26:53,Onion Rings,3,22,1,0
3230,2024-02-09 19:26:53,Chicken Burger,2,55,1,0
3231,2024-02-09 18:26:56,Classic Burger,2,45,1,0
3231,2024-02-09 18:26:56,Onion Rings,2,22,1,0
3231,2024-02-09 18:26:56,Cheese Burger,1,50,1,0
3232,2024-02-09 18:09:47,Chicken Nuggets,3,30,1,0
3232,2024-02-09 18:09:47,Onion Rings,1,22,1,0
3232,2024-02-09 18:09:47,Chicken Burger,1,55,1,0
3233,2024-02-09 16:13:16,Double Burger,2,65,1,0
3234,2024-02-09 20:00:37,Fries,1,20,1,0
3234,2024-02-09 20:00:37,Milkshake,2,28,1,0
3234,2024-02-09 20:00:37,Soft Drink,2,15,1,0
3234,2024-02-09 20:00:37,Chicken Nuggets,3,30,1,0
3235,2024-02-09 19:25:02,Chicken Burger,1,55,1,0
3236,2024-02-09 19:30:41,Chicken Burger,2,55,1,0
3237,2024-02-09 16:54:10,Chicken Nuggets,1,30,1,0
3237,2024-02-09 16:54:10,Fries,2,20,1,0
3237,2024-02-09 16:54:10,Ice Cream,2,18,1,0
3237,2024-02-09 16:54:10,Milkshake,3,28,1,0
3238,2024-02-09 11:58:57,Chicken Burger,2,55,1,0
3239,2024-02-09 21:45:01,Onion Rings,1,22,1,0
3240,2024-02-09 16:51:49,Chicken Burger,2,55,1,0
3240,2024-02-09 16:51:49,Ice Cream,2,18,1,0
3240,2024-02-09 16:51:49,Milkshake,1,28,1,0
3240,2024-02-09 16:51:49,Soft Drink,2,15,1,0
3241,2024-02-09 15:10:24,Classic Burger,2,45,1,0
3242,2024-02-09 20:44:30,Cheese Burger,3,50,1,0
3242,2024-02-09 20:44:30,Double Burger,1,65,1,0
3243,2024-02-09 16:16:34,Milkshake,1,28,1,0
3243,2024-02-09 16:16:34,Double Burger,1,65,1,0
3243,2024-02-09 16:16:34,Ice Cream,2,18,1,0
3243,2024-02-09 16:16:34,Cheese Burger,1,50,1,0
3243,2024-02-09 16:16:34,Fries,2,20,1,0
3244,2024-02-09 21:30:49,Chicken Burger,2,55,1,0
3244,2024-02-09 21:30:49,Onion Rings,2,22,1,0
3245,2024-02-10 21:44:56,Ice Cream,2,18,0,0
3246,2024-02-10 18:19:34,Chicken Burger,1,55,0,0
3246,2024-02-10 18:19:34,Classic Burger,1,45,0,0
3246,2024-02-10 18:19:34,Onion Rings,2,22,0,0
3246,2024-02-10 18:19:34,Soft Drink,3,15,0,0
3246,2024-02-10 18:19:34,Milkshake,3,28,0,0
3247,2024-02-10 16:48:35,Cheese Burger,1,50,0,0
3247,2024-02-10 16:48:35,Chicken Nuggets,2,30,0,0
3247,2024-02-10 16:48:35,Milkshake,1,28,0,0
3247,2024-02-10 16:48:35,Classic Burger,3,45,0,0
3247,2024-02-10 16:48:35,Ice Cream,1,18,0,0
3248,2024-02-10 18:53:22,Double Burger,1,65,0,0
3248,2024-02-10 18:53:22,Classic Burger,1,45,0,0
3248,2024-02-10 18:53:22,Fries,1,20,0,0
3249,2024-02-10 12:47:17,Chicken Nuggets,3,30,0,0
3250,2024-02-10 19:29:13,Ice Cream,3,18,0,0
3250,2024-02-10 19:29:13,Double Burger,2,65,0,0
3251,2024-02-10 14:00:45,Milkshake,3,28,0,0
3251,2024-02-10 14:00:45,Classic Burger,3,45,0,0
3251,2024-02-10 14:00:45,Onion Rings,1,22,0,0
3252,2024-02-10 13:56:42,Milkshake,3,28,0,0
3253,2024-02-10 13:31:26,Chicken Nuggets,3,30,0,0
3254,2024-02-10 21:11:13,Chicken Nuggets,2,30,0,0
3254,2024-02-10 21:11:13,Classic Burger,3,45,0,0
3254,2024-02-10 21:11:13,Chicken Burger,2,55,0,0
3254,2024-02-10 21:11:13,Milkshake,2,28,0,0
3255,2024-02-10 16:16:14,Chicken Burger,3,55,0,0
3255,2024-02-10 16:16:14,Milkshake,2,28,0,0
3256,2024-02-10 22:39:04,Onion Rings,2,22,0,0
3256,2024-02-10 22:39:04,Cheese Burger,1,50,0,0
3256,2024-02-10 22:39:04,Classic Burger,2,45,0,0
3256,2024-02-10 22:39:04,Milkshake,1,28,0,0
3257,2024-02-10 16:06:29,Chicken Nuggets,2,30,0,0
3257,2024-02-10 16:06:29,Milkshake,3,28,0,0
3257,2024-02-10 16:06:29,Classic Burger,2,45,0,0
3257,2024-02-10 16:06:29,Cheese Burger,2,50,0,0
3257,2024-02-10 16:06:29,Double Burger,3,65,0,0
3258,2024-02-10 12:01:05,Chicken Burger,2,55,0,0
3259,2024-02-10 14:14:51,Classic Burger,1,45,0,0
3259,2024-02-10 14:14:51,Ice Cream,3,18,0,0
3259,2024-02-10 14:14:51,Milkshake,2,28,0,0
3259,2024-02-10 14:14:51,Onion Rings,3,22,0,0
3260,2024-02-10 21:09:30,Cheese Burger,1,50,0,0
3260,2024-02-10 21:09:30,Ice Cream,2,18,0,0
3260,2024-02-10 21:09:30,Onion Rings,2,22,0,0
3260,2024-02-10 21:09:30,Double Burger,1,65,0,0
3260,2024-02-10 21:09:30,Classic Burger,1,45,0,0
3261,2024-02-10 17:48:19,Chicken Burger,3,55,0,0
3261,2024-02-10 17:48:19,Fries,1,20,0,0
3261,2024-02-10 17:48:19,Onion Rings,2,22,0,0
3261,2024-02-10 17:48:19,Chicken Nuggets,1,30,0,0
3261,2024-02-10 17:48:19,Ice Cream,3,18,0,0
3262,2024-02-10 16:21:50,Fries,1,20,0,0
3262,2024-02-10 16:21:50,Double Burger,1,65,0,0
3262,2024-02-10 16:21:50,Cheese Burger,2,50,0,0
3263,2024-02-10 18:09:53,Chicken Nuggets,3,30,0,0
3263,2024-02-10 18:09:53,Ice Cream,1,18,0,0
3264,2024-02-10 19:56:57,Chicken Burger,1,55,0,0
3264,2024-02-10 19:56:57,Ice Cream,3,18,0,0
3264,2024-02-10 19:56:57,Chicken Nuggets,1,30,0,0
3264,2024-02-10 19:56:57,Fries,1,20,0,0
3264,2024-02-10 19:56:57,Soft Drink,2,15,0,0
3265,2024-02-10 21:59:23,Onion Rings,2,22,0,0
3266,2024-02-10 22:16:13,Milkshake,1,28,0,0
3266,2024-02-10 22:16:13,Onion Rings,1,22,0,0
3267,2024-02-10 16:49:27,Fries,1,20,0,0
3268,2024-02-10 14:56:22,Chicken Burger,2,55,0,0
3268,2024-02-10 14:56:22,Onion Rings,3,22,0,0
3268,2024-02-10 14:56:22,Fries,1,20,0,0
3269,2024-02-10 16:15:10,Double Burger,2,65,0,0
3269,2024-02-10 16:15:10,Fries,3,20,0,0
3269,2024-02-10 16:15:10,Cheese Burger,2,50,0,0
3270,2024-02-10 18:45:40,Cheese Burger,3,50,0,0
3271,2024-02-10 15:36:37,Double Burger,1,65,0,0
3271,2024-02-10 15:36:37,Chicken Nuggets,2,30,0,0
3271,2024-02-10 15:36:37,Milkshake,1,28,0,0
3271,2024-02-10 15:36:37,Fries,2,20,0,0
3271,2024-02-10 15:36:37,Ice Cream,1,18,0,0
3272,2024-02-10 15:57:23,Chicken Nuggets,2,30,0,0
3272,2024-02-10 15:57:23,Double Burger,2,65,0,0
3272,2024-02-10 15:57:23,Milkshake,2,28,0,0
3272,2024-02-10 15:57:23,Ice Cream,1,18,0,0
3273,2024-02-10 19:57:44,Fries,2,20,0,0
3274,2024-02-10 17:10:11,Soft Drink,3,15,0,0
3274,2024-02-10 17:10:11,Chicken Nuggets,1,30,0,0
3274,2024-02-10 17:10:11,Double Burger,1,65,0,0
3274,2024-02-10 17:10:11,Milkshake,1,28,0,0
3275,2024-02-10 18:44:45,Fries,1,20,0,0
3275,2024-02-10 18:44:45,Ice Cream,3,18,0,0
3275,2024-02-10 18:44:45,Chicken Nuggets,1,30,0,0
3275,2024-02-10 18:44:45,Milkshake,3,28,0,0
3276,2024-02-10 15:14:59,Ice Cream,2,18,0,0
3276,2024-02-10 15:14:59,Double Burger,1,65,0,0
3277,2024-02-10 17:37:11,Ice Cream,2,18,0,0
3277,2024-02-10 17:37:11,Soft Drink,1,15,0,0
3277,2024-02-10 17:37:11,Classic Burger,3,45,0,0
3277,2024-02-10 17:37:11,Cheese Burger,2,50,0,0
3277,2024-02-10 17:37:11,Fries,2,20,0,0
3278,2024-02-10 15:17:37,Onion Rings,2,22,0,0
3278,2024-02-10 15:17:37,Milkshake,1,28,0,0
3278,2024-02-10 15:17:37,Soft Drink,1,15,0,0
3278,2024-02-10 15:17:37,Fries,3,20,0,0
3278,2024-02-10 15:17:37,Double Burger,2,65,0,0
3279,2024-02-10 20:15:03,Soft Drink,2,15,0,0
3280,2024-02-10 21:04:19,Milkshake,1,28,0,0
3280,2024-02-10 21:04:19,Soft Drink,1,15,0,0
3280,2024-02-10 21:04:19,Classic Burger,3,45,0,0
3281,2024-02-10 12:00:07,Cheese Burger,1,50,0,0
3281,2024-02-10 12:00:07,Chicken Nuggets,2,30,0,0
3281,2024-02-10 12:00:07,Milkshake,1,28,0,0
3281,2024-02-10 12:00:07,Classic Burger,2,45,0,0
3282,2024-02-10 15:08:00,Chicken Burger,1,55,0,0
3282,2024-02-10 15:08:00,Chicken Nuggets,3,30,0,0
3283,2024-02-10 13:31:21,Soft Drink,1,15,0,0
3283,2024-02-10 13:31:21,Milkshake,3,28,0,0
3283,2024-02-10 13:31:21,Chicken Nuggets,1,30,0,0
3283,2024-02-10 13:31:21,Ice Cream,2,18,0,0
3283,2024-02-10 13:31:21,Onion Rings,1,22,0,0
3284,2024-02-10 16:54:56,Classic Burger,3,45,0,0
3284,2024-02-10 16:54:56,Ice Cream,1,18,0,0
3284,2024-02-10 16:54:56,Cheese Burger,2,50,0,0
3284,2024-02-10 16:54:56,Chicken Nuggets,2,30,0,0
3285,2024-02-10 17:38:58,Double Burger,3,65,0,0
3285,2024-02-10 17:38:58,Cheese Burger,1,50,0,0
3286,2024-02-10 13:58:53,Fries,2,20,0,0
3287,2024-02-10 15:04:22,Double Burger,1,65,0,0
3287,2024-02-10 15:04:22,Classic Burger,2,45,0,0
3288,2024-02-10 14:40:24,Classic Burger,3,45,0,0
3289,2024-02-10 18:09:13,Milkshake,2,28,0,0
3289,2024-02-10 18:09:13,Double Burger,1,65,0,0
3289,2024-02-10 18:09:13,Classic Burger,3,45,0,0
3289,2024-02-10 18:09:13,Fries,2,20,0,0
3290,2024-02-10 18:08:09,Soft Drink,3,15,0,0
3291,2024-02-10 15:52:18,Soft Drink,1,15,0,0
3291,2024-02-10 15:52:18,Classic Burger,2,45,0,0
3291,2024-02-10 15:52:18,Ice Cream,2,18,0,0
3291,2024-02-10 15:52:18,Double Burger,2,65,0,0
3292,2024-02-10 18:31:15,Soft Drink,2,15,0,0
3293,2024-02-10 16:10:09,Chicken Nuggets,1,30,0,0
3293,2024-02-10 16:10:09,Chicken Burger,1,55,0,0
3293,2024-02-10 16:10:09,Fries,1,20,0,0
3293,2024-02-10 16:10:09,Double Burger,3,65,0,0
3293,2024-02-10 16:10:09,Onion Rings,2,22,0,0
3294,2024-02-10 17:12:23,Soft Drink,2,15,0,0
3294,2024-02-10 17:12:23,Chicken Nuggets,1,30,0,0
3294,2024-02-10 17:12:23,Fries,3,20,0,0
3294,2024-02-10 17:12:23,Chicken Burger,3,55,0,0
3295,2024-02-10 23:27:43,Chicken Burger,1,55,0,0
3296,2024-02-10 22:24:28,Chicken Nuggets,1,30,0,0
3296,2024-02-10 22:24:28,Classic Burger,3,45,0,0
3296,2024-02-10 22:24:28,Onion Rings,2,22,0,0
3296,2024-02-10 22:24:28,Cheese Burger,3,50,0,0
3297,2024-02-10 14:42:57,Classic Burger,3,45,0,0
3297,2024-02-10 14:42:57,Ice Cream,1,18,0,0
3298,2024-02-10 20:15:02,Chicken Burger,1,55,0,0
3298,2024-02-10 20:15:02,Ice Cream,3,18,0,0
3299,2024-02-10 20:55:31,Fries,2,20,0,0
3300,2024-02-10 14:00:10,Onion Rings,3,22,0,0
3301,2024-02-10 20:40:07,Soft Drink,3,15,0,0
3302,2024-02-10 22:39:12,Cheese Burger,2,50,0,0
3302,2024-02-10 22:39:12,Classic Burger,3,45,0,0
3303,2024-02-10 14:39:44,Double Burger,3,65,0,0
3303,2024-02-10 14:39:44,Soft Drink,1,15,0,0
3303,2024-02-10 14:39:44,Fries,3,20,0,0
3303,2024-02-10 14:39:44,Classic Burger,3,45,0,0
3304,2024-02-10 15:02:08,Double Burger,1,65,0,0
3304,2024-02-10 15:02:08,Chicken Burger,3,55,0,0
3304,2024-02-10 15:02:08,Soft Drink,3,15,0,0
3304,2024-02-10 15:02:08,Chicken Nuggets,3,30,0,0
3304,2024-02-10 15:02:08,Classic Burger,2,45,0,0
3305,2024-02-10 21:18:35,Fries,1,20,0,0
3305,2024-02-10 21:18:35,Classic Burger,2,45,0,0
3305,2024-02-10 21:18:35,Onion Rings,1,22,0,0
3306,2024-02-10 18:51:03,Fries,1,20,0,0
3306,2024-02-10 18:51:03,Cheese Burger,2,50,0,0
3306,2024-02-10 18:51:03,Double Burger,2,65,0,0
3306,2024-02-10 18:51:03,Chicken Nuggets,1,30,0,0
3306,2024-02-10 18:51:03,Onion Rings,3,22,0,0
3307,2024-02-10 19:32:22,Soft Drink,2,15,0,0
3308,2024-02-10 19:42:53,Fries,2,20,0,0
3309,2024-02-10 19:58:10,Fries,3,20,0,0
3309,2024-02-10 19:58:10,Onion Rings,3,22,0,0
3310,2024-02-10 14:07:52,Fries,1,20,0,0
3310,2024-02-10 14:07:52,Onion Rings,3,22,0,0
3311,2024-02-10 21:15:12,Chicken Burger,3,55,0,0
3311,2024-02-10 21:15:12,Fries,3,20,0,0
3311,2024-02-10 21:15:12,Milkshake,2,28,0,0
3312,2024-02-10 21:32:08,Ice Cream,2,18,0,0
3312,2024-02-10 21:32:08,Milkshake,3,28,0,0
3312,2024-02-10 21:32:08,Onion Rings,3,22,0,0
3312,2024-02-10 21:32:08,Soft Drink,3,15,0,0
3313,2024-02-10 17:45:09,Double Burger,1,65,0,0
3313,2024-02-10 17:45:09,Cheese Burger,3,50,0,0
3314,2024-02-10 17:29:15,Cheese Burger,2,50,0,0
3314,2024-02-10 17:29:15,Ice Cream,2,18,0,0
3314,2024-02-10 17:29:15,Onion Rings,3,22,0,0
3314,2024-02-10 17:29:15,Classic Burger,3,45,0,0
3315,2024-02-10 13:27:19,Ice Cream,3,18,0,0
3316,2024-02-10 19:35:27,Chicken Burger,2,55,0,0
3316,2024-02-10 19:35:27,Cheese Burger,3,50,0,0
3316,2024-02-10 19:35:27,Classic Burger,2,45,0,0
3317,2024-02-10 19:56:20,Soft Drink,1,15,0,0
3318,2024-02-10 17:53:56,Milkshake,1,28,0,0
3318,2024-02-10 17:53:56,Cheese Burger,2,50,0,0
3319,2024-02-11 14:07:19,Chicken Burger,1,55,1,0
3319,2024-02-11 14:07:19,Double Burger,1,65,1,0
3320,2024-02-11 17:47:25,Milkshake,2,28,1,0
3320,2024-02-11 17:47:25,Chicken Burger,2,55,1,0
3320,2024-02-11 17:47:25,Onion Rings,2,22,1,0
3321,2024-02-11 17:13:36,Chicken Burger,3,55,1,0
3321,2024-02-11 17:13:36,Onion Rings,3,22,1,0
3321,2024-02-11 17:13:36,Milkshake,2,28,1,0
3321,2024-02-11 17:13:36,Chicken Nuggets,2,30,1,0
3321,2024-02-11 17:13:36,Ice Cream,3,18,1,0
3322,2024-02-11 18:26:15,Double Burger,1,65,1,0
3322,2024-02-11 18:26:15,Chicken Burger,3,55,1,0
3322,2024-02-11 18:26:15,Chicken Nuggets,2,30,1,0
3323,2024-02-11 16:42:31,Onion Rings,1,22,1,0
3323,2024-02-11 16:42:31,Chicken Burger,3,55,1,0
3323,2024-02-11 16:42:31,Cheese Burger,3,50,1,0
3324,2024-02-11 17:35:19,Classic Burger,3,45,1,0
3324,2024-02-11 17:35:19,Fries,1,20,1,0
3324,2024-02-11 17:35:19,Double Burger,2,65,1,0
3325,2024-02-11 20:04:30,Chicken Burger,2,55,1,0
3325,2024-02-11 20:04:30,Double Burger,2,65,1,0
3325,2024-02-11 20:04:30,Soft Drink,1,15,1,0
3325,2024-02-11 20:04:30,Milkshake,1,28,1,0
3325,2024-02-11 20:04:30,Chicken Nuggets,1,30,1,0
3326,2024-02-11 16:36:15,Double Burger,1,65,1,0
3326,2024-02-11 16:36:15,Fries,3,20,1,0
3326,2024-02-11 16:36:15,Milkshake,2,28,1,0
3326,2024-02-11 16:36:15,Onion Rings,2,22,1,0
3326,2024-02-11 16:36:15,Soft Drink,2,15,1,0
3327,2024-02-11 13:57:09,Chicken Nuggets,2,30,1,0
3327,2024-02-11 13:57:09,Milkshake,2,28,1,0
3327,2024-02-11 13:57:09,Fries,2,20,1,0
3327,2024-02-11 13:57:09,Soft Drink,1,15,1,0
3327,2024-02-11 13:57:09,Ice Cream,1,18,1,0
3328,2024-02-11 23:10:21,Soft Drink,1,15,1,0
3328,2024-02-11 23:10:21,Chicken Nuggets,3,30,1,0
3328,2024-02-11 23:10:21,Onion Rings,1,22,1,0
3329,2024-02-11 22:09:59,Chicken Nuggets,1,30,1,0
3329,2024-02-11 22:09:59,Soft Drink,1,15,1,0
3329,2024-02-11 22:09:59,Classic Burger,2,45,1,0
3330,2024-02-11 14:46:04,Double Burger,1,65,1,0
3330,2024-02-11 14:46:04,Onion Rings,2,22,1,0
3331,2024-02-11 20:21:38,Ice Cream,1,18,1,0
3331,2024-02-11 20:21:38,Milkshake,2,28,1,0
3332,2024-02-11 16:09:18,Double Burger,2,65,1,0
3332,2024-02-11 16:09:18,Ice Cream,3,18,1,0
3332,2024-02-11 16:09:18,Onion Rings,1,22,1,0
3333,2024-02-11 18:30:26,Cheese Burger,2,50,1,0
3334,2024-02-11 18:35:27,Onion Rings,1,22,1,0
3334,2024-02-11 18:35:27,Double Burger,3,65,1,0
3334,2024-02-11 18:35:27,Milkshake,1,28,1,0
3334,2024-02-11 18:35:27,Cheese Burger,1,50,1,0
3334,2024-02-11 18:35:27,Chicken Burger,1,55,1,0
3335,2024-02-11 17:27:56,Chicken Burger,2,55,1,0
3336,2024-02-11 15:07:23,Soft Drink,2,15,1,0
3337,2024-02-11 15:49:29,Double Burger,2,65,1,0
3337,2024-02-11 15:49:29,Fries,2,20,1,0
3337,2024-02-11 15:49:29,Soft Drink,1,15,1,0
3337,2024-02-11 15:49:29,Chicken Nuggets,1,30,1,0
3337,2024-02-11 15:49:29,Cheese Burger,2,50,1,0
3338,2024-02-11 15:11:40,Chicken Nuggets,1,30,1,0
3338,2024-02-11 15:11:40,Soft Drink,3,15,1,0
3338,2024-02-11 15:11:40,Ice Cream,2,18,1,0
3338,2024-02-11 15:11:40,Onion Rings,1,22,1,0
3338,2024-02-11 15:11:40,Cheese Burger,2,50,1,0
3339,2024-02-11 15:51:25,Ice Cream,1,18,1,0
3339,2024-02-11 15:51:25,Onion Rings,2,22,1,0
3339,2024-02-11 15:51:25,Soft Drink,3,15,1,0
3340,2024-02-11 17:10:17,Chicken Burger,1,55,1,0
3340,2024-02-11 17:10:17,Classic Burger,2,45,1,0
3340,2024-02-11 17:10:17,Chicken Nuggets,2,30,1,0
3341,2024-02-11 15:19:40,Double Burger,1,65,1,0
3341,2024-02-11 15:19:40,Milkshake,3,28,1,0
3341,2024-02-11 15:19:40,Chicken Burger,1,55,1,0
3341,2024-02-11 15:19:40,Ice Cream,1,18,1,0
3341,2024-02-11 15:19:40,Soft Drink,2,15,1,0
3342,2024-02-11 20:11:58,Chicken Burger,1,55,1,0
3342,2024-02-11 20:11:58,Ice Cream,1,18,1,0
3342,2024-02-11 20:11:58,Onion Rings,3,22,1,0
3342,2024-02-11 20:11:58,Cheese Burger,1,50,1,0
3342,2024-02-11 20:11:58,Double Burger,3,65,1,0
3343,2024-02-11 22:41:56,Chicken Nuggets,3,30,1,0
3343,2024-02-11 22:41:56,Classic Burger,3,45,1,0
3344,2024-02-11 16:05:13,Soft Drink,3,15,1,0
3344,2024-02-11 16:05:13,Ice Cream,1,18,1,0
3345,2024-02-11 18:02:29,Milkshake,3,28,1,0
3345,2024-02-11 18:02:29,Ice Cream,1,18,1,0
3345,2024-02-11 18:02:29,Soft Drink,3,15,1,0
3345,2024-02-11 18:02:29,Fries,3,20,1,0
3346,2024-02-11 19:27:36,Double Burger,3,65,1,0
3346,2024-02-11 19:27:36,Chicken Nuggets,3,30,1,0
3346,2024-02-11 19:27:36,Milkshake,2,28,1,0
3347,2024-02-11 19:02:53,Soft Drink,1,15,1,0
3348,2024-02-11 18:13:40,Classic Burger,3,45,1,0
3348,2024-02-11 18:13:40,Fries,3,20,1,0
3348,2024-02-11 18:13:40,Milkshake,1,28,1,0
3348,2024-02-11 18:13:40,Cheese Burger,3,50,1,0
3349,2024-02-11 20:11:20,Soft Drink,2,15,1,0
3349,2024-02-11 20:11:20,Onion Rings,2,22,1,0
3349,2024-02-11 20:11:20,Chicken Nuggets,2,30,1,0
3350,2024-02-11 19:13:36,Milkshake,2,28,1,0
3350,2024-02-11 19:13:36,Soft Drink,1,15,1,0
3350,2024-02-11 19:13:36,Cheese Burger,3,50,1,0
3350,2024-02-11 19:13:36,Chicken Nuggets,1,30,1,0
3351,2024-02-11 14:36:21,Onion Rings,1,22,1,0
3351,2024-02-11 14:36:21,Cheese Burger,3,50,1,0
3351,2024-02-11 14:36:21,Chicken Burger,1,55,1,0
3351,2024-02-11 14:36:21,Milkshake,1,28,1,0
3351,2024-02-11 14:36:21,Chicken Nuggets,2,30,1,0
3352,2024-02-11 20:55:42,Cheese Burger,1,50,1,0
3352,2024-02-11 20:55:42,Milkshake,2,28,1,0
3353,2024-02-11 20:31:26,Fries,3,20,1,0
3353,2024-02-11 20:31:26,Double Burger,1,65,1,0
3353,2024-02-11 20:31:26,Chicken Nuggets,3,30,1,0
3354,2024-02-11 15:59:14,Chicken Nuggets,2,30,1,0
3354,2024-02-11 15:59:14,Onion Rings,3,22,1,0
3354,2024-02-11 15:59:14,Chicken Burger,3,55,1,0
3355,2024-02-11 18:00:08,Milkshake,2,28,1,0
3356,2024-02-11 20:12:00,Chicken Nuggets,3,30,1,0
3356,2024-02-11 20:12:00,Milkshake,2,28,1,0
3356,2024-02-11 20:12:00,Cheese Burger,2,50,1,0
3356,2024-02-11 20:12:00,Double Burger,3,65,1,0
3356,2024-02-11 20:12:00,Ice Cream,2,18,1,0
3357,2024-02-11 17:31:03,Chicken Nuggets,1,30,1,0
3357,2024-02-11 17:31:03,Fries,2,20,1,0
3357,2024-02-11 17:31:03,Ice Cream,1,18,1,0
3358,2024-02-11 21:39:13,Milkshake,2,28,1,0
3358,2024-02-11 21:39:13,Classic Burger,2,45,1,0
3358,2024-02-11 21:39:13,Fries,1,20,1,0
3358,2024-02-11 21:39:13,Double Burger,2,65,1,0
3359,2024-02-11 23:56:06,Milkshake,2,28,1,0
3359,2024-02-11 23:56:06,Chicken Nuggets,3,30,1,0
3359,2024-02-11 23:56:06,Soft Drink,2,15,1,0
3360,2024-02-11 15:58:13,Fries,2,20,1,0
3360,2024-02-11 15:58:13,Onion Rings,2,22,1,0
3361,2024-02-11 13:41:09,Milkshake,2,28,1,0
3362,2024-02-11 18:00:35,Milkshake,3,28,1,0
3362,2024-02-11 18:00:35,Ice Cream,3,18,1,0
3362,2024-02-11 18:00:35,Chicken Nuggets,2,30,1,0
3363,2024-02-11 20:57:22,Chicken Burger,3,55,1,0
3363,2024-02-11 20:57:22,Double Burger,3,65,1,0
3363,2024-02-11 20:57:22,Soft Drink,1,15,1,0
3363,2024-02-11 20:57:22,Chicken Nuggets,3,30,1,0
3364,2024-02-11 17:54:27,Cheese Burger,3,50,1,0
3364,2024-02-11 17:54:27,Chicken Nuggets,1,30,1,0
3365,2024-02-11 22:30:12,Cheese Burger,1,50,1,0
3366,2024-02-11 13:21:07,Ice Cream,2,18,1,0
3366,2024-02-11 13:21:07,Fries,2,20,1,0
3366,2024-02-11 13:21:07,Cheese Burger,3,50,1,0
3367,2024-02-11 20:04:03,Ice Cream,2,18,1,0
3367,2024-02-11 20:04:03,Fries,3,20,1,0
3367,2024-02-11 20:04:03,Double Burger,1,65,1,0
3367,2024-02-11 20:04:03,Chicken Nuggets,2,30,1,0
3368,2024-02-11 16:43:59,Chicken Burger,2,55,1,0
3368,2024-02-11 16:43:59,Cheese Burger,3,50,1,0
3368,2024-02-11 16:43:59,Milkshake,1,28,1,0
3368,2024-02-11 16:43:59,Double Burger,3,65,1,0
3368,2024-02-11 16:43:59,Onion Rings,3,22,1,0
3369,2024-02-11 23:55:44,Fries,2,20,1,0
3369,2024-02-11 23:55:44,Chicken Burger,1,55,1,0
3369,2024-02-11 23:55:44,Soft Drink,1,15,1,0
3369,2024-02-11 23:55:44,Classic Burger,1,45,1,0
3369,2024-02-11 23:55:44,Ice Cream,1,18,1,0
3370,2024-02-11 23:40:43,Chicken Burger,1,55,1,0
3371,2024-02-11 15:22:56,Ice Cream,2,18,1,0
3371,2024-02-11 15:22:56,Fries,2,20,1,0
3371,2024-02-11 15:22:56,Soft Drink,3,15,1,0
3371,2024-02-11 15:22:56,Double Burger,1,65,1,0
3372,2024-02-11 16:55:19,Cheese Burger,1,50,1,0
3372,2024-02-11 16:55:19,Chicken Burger,1,55,1,0
3372,2024-02-11 16:55:19,Fries,2,20,1,0
3372,2024-02-11 16:55:19,Ice Cream,1,18,1,0
3373,2024-02-11 20:20:23,Milkshake,2,28,1,0
3373,2024-02-11 20:20:23,Ice Cream,2,18,1,0
3373,2024-02-11 20:20:23,Double Burger,1,65,1,0
3373,2024-02-11 20:20:23,Onion Rings,1,22,1,0
3373,2024-02-11 20:20:23,Chicken Burger,1,55,1,0
3374,2024-02-11 16:46:55,Onion Rings,2,22,1,0
3374,2024-02-11 16:46:55,Chicken Burger,1,55,1,0
3374,2024-02-11 16:46:55,Milkshake,3,28,1,0
3375,2024-02-11 17:13:12,Cheese Burger,2,50,1,0
3375,2024-02-11 17:13:12,Classic Burger,3,45,1,0
3375,2024-02-11 17:13:12,Fries,2,20,1,0
3375,2024-02-11 17:13:12,Double Burger,2,65,1,0
3375,2024-02-11 17:13:12,Soft Drink,3,15,1,0
3376,2024-02-11 18:24:46,Chicken Burger,2,55,1,0
3376,2024-02-11 18:24:46,Double Burger,3,65,1,0
3376,2024-02-11 18:24:46,Soft Drink,3,15,1,0
3376,2024-02-11 18:24:46,Cheese Burger,3,50,1,0
3377,2024-02-11 12:47:00,Fries,3,20,1,0
3377,2024-02-11 12:47:00,Classic Burger,3,45,1,0
3378,2024-02-11 17:39:04,Chicken Burger,1,55,1,0
3378,2024-02-11 17:39:04,Onion Rings,2,22,1,0
3378,2024-02-11 17:39:04,Fries,1,20,1,0
3379,2024-02-11 15:59:22,Chicken Nuggets,3,30,1,0
3380,2024-02-11 16:51:12,Soft Drink,3,15,1,0
3380,2024-02-11 16:51:12,Milkshake,2,28,1,0
3380,2024-02-11 16:51:12,Onion Rings,2,22,1,0
3380,2024-02-11 16:51:12,Chicken Nuggets,2,30,1,0
3381,2024-02-11 22:37:35,Chicken Nuggets,1,30,1,0
3381,2024-02-11 22:37:35,Milkshake,1,28,1,0
3382,2024-02-11 14:13:53,Chicken Nuggets,2,30,1,0
3383,2024-02-11 20:15:09,Fries,3,20,1,0
3383,2024-02-11 20:15:09,Milkshake,1,28,1,0
3383,2024-02-11 20:15:09,Double Burger,2,65,1,0
3383,2024-02-11 20:15:09,Classic Burger,3,45,1,0
3384,2024-02-11 17:14:37,Fries,3,20,1,0
3384,2024-02-11 17:14:37,Milkshake,3,28,1,0
3384,2024-02-11 17:14:37,Soft Drink,1,15,1,0
3384,2024-02-11 17:14:37,Double Burger,3,65,1,0
3384,2024-02-11 17:14:37,Onion Rings,1,22,1,0
3385,2024-02-11 17:14:21,Chicken Burger,2,55,1,0
3385,2024-02-11 17:14:21,Milkshake,3,28,1,0
3385,2024-02-11 17:14:21,Cheese Burger,3,50,1,0
3385,2024-02-11 17:14:21,Onion Rings,3,22,1,0
3386,2024-02-11 20:10:24,Soft Drink,1,15,1,0
3386,2024-02-11 20:10:24,Onion Rings,3,22,1,0
3386,2024-02-11 20:10:24,Chicken Burger,3,55,1,0
3387,2024-02-11 19:28:56,Double Burger,1,65,1,0
3387,2024-02-11 19:28:56,Chicken Burger,3,55,1,0
3388,2024-02-11 19:00:22,Milkshake,3,28,1,0
3388,2024-02-11 19:00:22,Fries,2,20,1,0
3388,2024-02-11 19:00:22,Classic Burger,1,45,1,0
3389,2024-02-11 20:54:14,Chicken Nuggets,1,30,1,0
3389,2024-02-11 20:54:14,Soft Drink,3,15,1,0
3389,2024-02-11 20:54:14,Cheese Burger,2,50,1,0
3389,2024-02-11 20:54:14,Double Burger,1,65,1,0
3389,2024-02-11 20:54:14,Classic Burger,2,45,1,0
3390,2024-02-11 17:36:27,Chicken Burger,3,55,1,0
3390,2024-02-11 17:36:27,Onion Rings,3,22,1,0
3390,2024-02-11 17:36:27,Ice Cream,2,18,1,0
3390,2024-02-11 17:36:27,Fries,1,20,1,0
3390,2024-02-11 17:36:27,Cheese Burger,1,50,1,0
3391,2024-02-11 16:06:54,Double Burger,3,65,1,0
3392,2024-02-11 14:21:06,Chicken Burger,2,55,1,0
3392,2024-02-11 14:21:06,Milkshake,2,28,1,0
3392,2024-02-11 14:21:06,Onion Rings,2,22,1,0
3392,2024-02-11 14:21:06,Ice Cream,3,18,1,0
3393,2024-02-11 15:56:32,Fries,3,20,1,0
3394,2024-02-11 23:24:58,Milkshake,3,28,1,0
3394,2024-02-11 23:24:58,Fries,1,20,1,0
3395,2024-02-11 21:00:12,Cheese Burger,1,50,1,0
3395,2024-02-11 21:00:12,Chicken Burger,3,55,1,0
3395,2024-02-11 21:00:12,Chicken Nuggets,3,30,1,0
3395,2024-02-11 21:00:12,Soft Drink,1,15,1,0
3396,2024-02-11 13:19:25,Double Burger,1,65,1,0
3396,2024-02-11 13:19:25,Fries,1,20,1,0
3396,2024-02-11 13:19:25,Cheese Burger,1,50,1,0
3397,2024-02-11 14:23:40,Onion Rings,1,22,1,0
3397,2024-02-11 14:23:40,Soft Drink,3,15,1,0
3397,2024-02-11 14:23:40,Cheese Burger,2,50,1,0
3398,2024-02-11 19:36:43,Ice Cream,2,18,1,0
3398,2024-02-11 19:36:43,Double Burger,3,65,1,0
3398,2024-02-11 19:36:43,Soft Drink,3,15,1,0
3398,2024-02-11 19:36:43,Chicken Nuggets,3,30,1,0
3399,2024-02-11 19:44:32,Ice Cream,1,18,1,0
3399,2024-02-11 19:44:32,Chicken Burger,1,55,1,0
3399,2024-02-11 19:44:32,Cheese Burger,2,50,1,0
3400,2024-02-11 19:27:59,Fries,1,20,1,0
3400,2024-02-11 19:27:59,Soft Drink,2,15,1,0
3400,2024-02-11 19:27:59,Cheese Burger,1,50,1,0
3400,2024-02-11 19:27:59,Classic Burger,1,45,1,0
3401,2024-02-11 17:21:43,Onion Rings,1,22,1,0
3402,2024-02-12 11:59:59,Classic Burger,1,45,1,0
3402,2024-02-12 11:59:59,Ice Cream,3,18,1,0
3402,2024-02-12 11:59:59,Onion Rings,3,22,1,0
3402,2024-02-12 11:59:59,Fries,1,20,1,0
3403,2024-02-12 17:28:48,Ice Cream,1,18,1,0
3403,2024-02-12 17:28:48,Double Burger,2,65,1,0
3403,2024-02-12 17:28:48,Onion Rings,3,22,1,0
3403,2024-02-12 17:28:48,Classic Burger,3,45,1,0
3403,2024-02-12 17:28:48,Chicken Nuggets,3,30,1,0
3404,2024-02-12 15:22:01,Onion Rings,2,22,1,0
3405,2024-02-12 18:21:29,Ice Cream,1,18,1,0
3406,2024-02-12 23:21:38,Fries,2,20,1,0
3406,2024-02-12 23:21:38,Cheese Burger,2,50,1,0
3406,2024-02-12 23:21:38,Chicken Nuggets,2,30,1,0
3406,2024-02-12 23:21:38,Milkshake,3,28,1,0
3407,2024-02-12 19:23:33,Onion Rings,1,22,1,0
3408,2024-02-12 17:07:44,Soft Drink,1,15,1,0
3408,2024-02-12 17:07:44,Double Burger,1,65,1,0
3408,2024-02-12 17:07:44,Classic Burger,3,45,1,0
3408,2024-02-12 17:07:44,Ice Cream,1,18,1,0
3409,2024-02-12 20:01:48,Fries,2,20,1,0
3409,2024-02-12 20:01:48,Soft Drink,1,15,1,0
3409,2024-02-12 20:01:48,Milkshake,2,28,1,0
3410,2024-02-12 19:27:19,Milkshake,2,28,1,0
3410,2024-02-12 19:27:19,Fries,3,20,1,0
3411,2024-02-12 19:02:34,Ice Cream,1,18,1,0
3411,2024-02-12 19:02:34,Milkshake,2,28,1,0
3411,2024-02-12 19:02:34,Double Burger,2,65,1,0
3411,2024-02-12 19:02:34,Classic Burger,3,45,1,0
3411,2024-02-12 19:02:34,Onion Rings,1,22,1,0
3412,2024-02-12 19:33:28,Fries,3,20,1,0
3412,2024-02-12 19:33:28,Soft Drink,3,15,1,0
3412,2024-02-12 19:33:28,Onion Rings,2,22,1,0
3412,2024-02-12 19:33:28,Classic Burger,2,45,1,0
3412,2024-02-12 19:33:28,Cheese Burger,3,50,1,0
3413,2024-02-12 23:02:47,Chicken Burger,3,55,1,0
3413,2024-02-12 23:02:47,Onion Rings,3,22,1,0
3413,2024-02-12 23:02:47,Fries,1,20,1,0
3414,2024-02-12 14:17:21,Onion Rings,3,22,1,0
3414,2024-02-12 14:17:21,Soft Drink,3,15,1,0
3414,2024-02-12 14:17:21,Double Burger,2,65,1,0
3414,2024-02-12 14:17:21,Chicken Nuggets,1,30,1,0
3414,2024-02-12 14:17:21,Classic Burger,1,45,1,0
3415,2024-02-12 19:29:06,Chicken Nuggets,3,30,1,0
3415,2024-02-12 19:29:06,Classic Burger,1,45,1,0
3416,2024-02-12 15:17:28,Fries,2,20,1,0
3416,2024-02-12 15:17:28,Chicken Burger,2,55,1,0
3416,2024-02-12 15:17:28,Double Burger,1,65,1,0
3417,2024-02-12 19:02:02,Double Burger,3,65,1,0
3417,2024-02-12 19:02:02,Milkshake,2,28,1,0
3417,2024-02-12 19:02:02,Chicken Burger,1,55,1,0
3417,2024-02-12 19:02:02,Cheese Burger,1,50,1,0
3417,2024-02-12 19:02:02,Ice Cream,3,18,1,0
3418,2024-02-12 15:41:32,Soft Drink,2,15,1,0
3418,2024-02-12 15:41:32,Ice Cream,1,18,1,0
3418,2024-02-12 15:41:32,Cheese Burger,3,50,1,0
3419,2024-02-12 16:15:58,Double Burger,1,65,1,0
3419,2024-02-12 16:15:58,Cheese Burger,2,50,1,0
3420,2024-02-12 17:28:11,Classic Burger,1,45,1,0
3420,2024-02-12 17:28:11,Cheese Burger,3,50,1,0
3420,2024-02-12 17:28:11,Milkshake,3,28,1,0
3421,2024-02-12 20:47:36,Ice Cream,1,18,1,0
3421,2024-02-12 20:47:36,Chicken Burger,2,55,1,0
3422,2024-02-12 20:17:13,Cheese Burger,3,50,1,0
3423,2024-02-12 14:47:47,Ice Cream,3,18,1,0
3424,2024-02-12 18:01:03,Onion Rings,1,22,1,0
3424,2024-02-12 18:01:03,Ice Cream,1,18,1,0
3424,2024-02-12 18:01:03,Soft Drink,3,15,1,0
3424,2024-02-12 18:01:03,Fries,3,20,1,0
3424,2024-02-12 18:01:03,Classic Burger,2,45,1,0
3425,2024-02-12 15:55:19,Double Burger,1,65,1,0
3425,2024-02-12 15:55:19,Fries,3,20,1,0
3425,2024-02-12 15:55:19,Milkshake,1,28,1,0
3425,2024-02-12 15:55:19,Cheese Burger,3,50,1,0
3425,2024-02-12 15:55:19,Classic Burger,2,45,1,0
3426,2024-02-12 14:32:56,Cheese Burger,3,50,1,0
3426,2024-02-12 14:32:56,Classic Burger,3,45,1,0
3426,2024-02-12 14:32:56,Soft Drink,1,15,1,0
3427,2024-02-12 17:02:43,Chicken Nuggets,1,30,1,0
3428,2024-02-12 17:14:57,Double Burger,2,65,1,0
3428,2024-02-12 17:14:57,Cheese Burger,3,50,1,0
3429,2024-02-12 23:34:42,Double Burger,1,65,1,0
3429,2024-02-12 23:34:42,Fries,2,20,1,0
3429,2024-02-12 23:34:42,Cheese Burger,1,50,1,0
3429,2024-02-12 23:34:42,Chicken Burger,3,55,1,0
3429,2024-02-12 23:34:42,Chicken Nuggets,2,30,1,0
3430,2024-02-12 19:14:02,Chicken Burger,1,55,1,0
3431,2024-02-12 13:56:01,Classic Burger,1,45,1,0
3431,2024-02-12 13:56:01,Ice Cream,2,18,1,0
3431,2024-02-12 13:56:01,Onion Rings,3,22,1,0
3431,2024-02-12 13:56:01,Chicken Burger,3,55,1,0
3431,2024-02-12 13:56:01,Cheese Burger,3,50,1,0
3432,2024-02-12 16:25:51,Fries,1,20,1,0
3433,2024-02-12 21:16:14,Milkshake,2,28,1,0
3434,2024-02-12 23:42:06,Cheese Burger,1,50,1,0
3434,2024-02-12 23:42:06,Fries,1,20,1,0
3434,2024-02-12 23:42:06,Chicken Burger,1,55,1,0
3434,2024-02-12 23:42:06,Classic Burger,3,45,1,0
3435,2024-02-12 13:57:06,Cheese Burger,1,50,1,0
3435,2024-02-12 13:57:06,Double Burger,2,65,1,0
3435,2024-02-12 13:57:06,Ice Cream,1,18,1,0
3436,2024-02-12 12:59:51,Ice Cream,1,18,1,0
3436,2024-02-12 12:59:51,Onion Rings,2,22,1,0
3436,2024-02-12 12:59:51,Fries,2,20,1,0
3436,2024-02-12 12:59:51,Classic Burger,1,45,1,0
3436,2024-02-12 12:59:51,Chicken Burger,1,55,1,0
3437,2024-02-12 23:22:14,Onion Rings,1,22,1,0
3437,2024-02-12 23:22:14,Cheese Burger,3,50,1,0
3437,2024-02-12 23:22:14,Chicken Nuggets,3,30,1,0
3437,2024-02-12 23:22:14,Soft Drink,1,15,1,0
3437,2024-02-12 23:22:14,Fries,3,20,1,0
3438,2024-02-12 19:01:42,Milkshake,1,28,1,0
3438,2024-02-12 19:01:42,Chicken Burger,2,55,1,0
3438,2024-02-12 19:01:42,Classic Burger,2,45,1,0
3439,2024-02-12 15:11:12,Classic Burger,1,45,1,0
3440,2024-02-12 19:55:14,Cheese Burger,2,50,1,0
3440,2024-02-12 19:55:14,Double Burger,3,65,1,0
3441,2024-02-12 10:17:33,Chicken Burger,1,55,1,0
3441,2024-02-12 10:17:33,Double Burger,2,65,1,0
3441,2024-02-12 10:17:33,Milkshake,1,28,1,0
3442,2024-02-12 18:48:29,Fries,1,20,1,0
3443,2024-02-12 18:20:06,Ice Cream,2,18,1,0
3443,2024-02-12 18:20:06,Fries,3,20,1,0
3443,2024-02-12 18:20:06,Double Burger,3,65,1,0
3444,2024-02-12 20:14:45,Fries,1,20,1,0
3444,2024-02-12 20:14:45,Double Burger,3,65,1,0
3445,2024-02-12 14:18:24,Double Burger,1,65,1,0
3445,2024-02-12 14:18:24,Onion Rings,2,22,1,0
3445,2024-02-12 14:18:24,Ice Cream,1,18,1,0
3445,2024-02-12 14:18:24,Cheese Burger,2,50,1,0
3445,2024-02-12 14:18:24,Chicken Burger,2,55,1,0
3446,2024-02-12 18:54:15,Onion Rings,2,22,1,0
3446,2024-02-12 18:54:15,Chicken Burger,1,55,1,0
3446,2024-02-12 18:54:15,Cheese Burger,1,50,1,0
3447,2024-02-12 15:41:00,Double Burger,2,65,1,0
3447,2024-02-12 15:41:00,Chicken Nuggets,3,30,1,0
3448,2024-02-12 18:30:24,Classic Burger,3,45,1,0
3449,2024-02-12 15:47:28,Fries,3,20,1,0
3449,2024-02-12 15:47:28,Chicken Nuggets,3,30,1,0
3450,2024-02-12 16:16:18,Chicken Nuggets,3,30,1,0
3450,2024-02-12 16:16:18,Cheese Burger,2,50,1,0
3451,2024-02-12 15:01:18,Double Burger,2,65,1,0
3451,2024-02-12 15:01:18,Milkshake,2,28,1,0
3452,2024-02-13 18:52:01,Classic Burger,1,45,1,0
3452,2024-02-13 18:52:01,Double Burger,2,65,1,0
3453,2024-02-13 13:12:12,Chicken Nuggets,1,30,1,0
3453,2024-02-13 13:12:12,Classic Burger,3,45,1,0
3453,2024-02-13 13:12:12,Soft Drink,3,15,1,0
3454,2024-02-13 17:29:52,Fries,3,20,1,0
3455,2024-02-13 17:22:11,Double Burger,3,65,1,0
3455,2024-02-13 17:22:11,Cheese Burger,3,50,1,0
3455,2024-02-13 17:22:11,Chicken Nuggets,3,30,1,0
3455,2024-02-13 17:22:11,Chicken Burger,1,55,1,0
3455,2024-02-13 17:22:11,Milkshake,2,28,1,0
3456,2024-02-13 23:47:40,Fries,2,20,1,0
3456,2024-02-13 23:47:40,Cheese Burger,3,50,1,0
3456,2024-02-13 23:47:40,Soft Drink,2,15,1,0
3456,2024-02-13 23:47:40,Ice Cream,3,18,1,0
3456,2024-02-13 23:47:40,Chicken Nuggets,2,30,1,0
3457,2024-02-13 14:29:25,Soft Drink,1,15,1,0
3457,2024-02-13 14:29:25,Chicken Burger,2,55,1,0
3457,2024-02-13 14:29:25,Onion Rings,1,22,1,0
3458,2024-02-13 22:20:48,Cheese Burger,2,50,1,0
3458,2024-02-13 22:20:48,Double Burger,2,65,1,0
3458,2024-02-13 22:20:48,Chicken Nuggets,3,30,1,0
3459,2024-02-13 20:18:58,Milkshake,3,28,1,0
3459,2024-02-13 20:18:58,Double Burger,1,65,1,0
3459,2024-02-13 20:18:58,Ice Cream,3,18,1,0
3459,2024-02-13 20:18:58,Cheese Burger,2,50,1,0
3459,2024-02-13 20:18:58,Chicken Nuggets,3,30,1,0
3460,2024-02-13 18:35:01,Onion Rings,2,22,1,0
3460,2024-02-13 18:35:01,Chicken Nuggets,3,30,1,0
3460,2024-02-13 18:35:01,Chicken Burger,2,55,1,0
3460,2024-02-13 18:35:01,Double Burger,3,65,1,0
3460,2024-02-13 18:35:01,Classic Burger,1,45,1,0
3461,2024-02-13 23:17:36,Chicken Nuggets,3,30,1,0
3461,2024-02-13 23:17:36,Classic Burger,2,45,1,0
3461,2024-02-13 23:17:36,Ice Cream,2,18,1,0
3461,2024-02-13 23:17:36,Fries,3,20,1,0
3462,2024-02-13 19:47:29,Soft Drink,1,15,1,0
3462,2024-02-13 19:47:29,Chicken Nuggets,1,30,1,0
3463,2024-02-13 19:18:12,Soft Drink,1,15,1,0
3463,2024-02-13 19:18:12,Ice Cream,1,18,1,0
3463,2024-02-13 19:18:12,Chicken Nuggets,1,30,1,0
3463,2024-02-13 19:18:12,Milkshake,3,28,1,0
3463,2024-02-13 19:18:12,Fries,1,20,1,0
3464,2024-02-13 17:15:39,Chicken Nuggets,2,30,1,0
3464,2024-02-13 17:15:39,Onion Rings,1,22,1,0
3464,2024-02-13 17:15:39,Chicken Burger,3,55,1,0
3465,2024-02-13 21:04:39,Soft Drink,1,15,1,0
3465,2024-02-13 21:04:39,Classic Burger,2,45,1,0
3465,2024-02-13 21:04:39,Cheese Burger,3,50,1,0
3466,2024-02-13 21:35:53,Chicken Burger,1,55,1,0
3466,2024-02-13 21:35:53,Classic Burger,2,45,1,0
3466,2024-02-13 21:35:53,Cheese Burger,3,50,1,0
3466,2024-02-13 21:35:53,Milkshake,3,28,1,0
3467,2024-02-13 16:30:40,Chicken Burger,2,55,1,0
3467,2024-02-13 16:30:40,Soft Drink,2,15,1,0
3467,2024-02-13 16:30:40,Onion Rings,3,22,1,0
3467,2024-02-13 16:30:40,Fries,3,20,1,0
3467,2024-02-13 16:30:40,Double Burger,1,65,1,0
3468,2024-02-13 14:17:50,Chicken Nuggets,2,30,1,0
3468,2024-02-13 14:17:50,Ice Cream,1,18,1,0
3468,2024-02-13 14:17:50,Cheese Burger,2,50,1,0
3469,2024-02-13 17:29:51,Cheese Burger,2,50,1,0
3469,2024-02-13 17:29:51,Double Burger,1,65,1,0
3469,2024-02-13 17:29:51,Soft Drink,3,15,1,0
3469,2024-02-13 17:29:51,Milkshake,1,28,1,0
3470,2024-02-13 15:44:17,Milkshake,1,28,1,0
3470,2024-02-13 15:44:17,Chicken Nuggets,3,30,1,0
3471,2024-02-13 17:24:36,Chicken Burger,3,55,1,0
3471,2024-02-13 17:24:36,Onion Rings,3,22,1,0
3471,2024-02-13 17:24:36,Cheese Burger,1,50,1,0
3472,2024-02-13 21:18:39,Double Burger,3,65,1,0
3473,2024-02-13 16:23:57,Chicken Burger,1,55,1,0
3473,2024-02-13 16:23:57,Milkshake,3,28,1,0
3473,2024-02-13 16:23:57,Double Burger,1,65,1,0
3473,2024-02-13 16:23:57,Onion Rings,1,22,1,0
3473,2024-02-13 16:23:57,Chicken Nuggets,1,30,1,0
3474,2024-02-13 17:47:25,Soft Drink,2,15,1,0
3474,2024-02-13 17:47:25,Chicken Burger,3,55,1,0
3474,2024-02-13 17:47:25,Onion Rings,1,22,1,0
3474,2024-02-13 17:47:25,Fries,2,20,1,0
3475,2024-02-13 18:36:26,Ice Cream,2,18,1,0
3476,2024-02-13 20:41:21,Chicken Nuggets,2,30,1,0
3476,2024-02-13 20:41:21,Soft Drink,1,15,1,0
3476,2024-02-13 20:41:21,Chicken Burger,2,55,1,0
3476,2024-02-13 20:41:21,Classic Burger,2,45,1,0
3477,2024-02-13 11:00:39,Milkshake,2,28,1,0
3477,2024-02-13 11:00:39,Cheese Burger,2,50,1,0
3477,2024-02-13 11:00:39,Ice Cream,1,18,1,0
3477,2024-02-13 11:00:39,Classic Burger,3,45,1,0
3477,2024-02-13 11:00:39,Chicken Nuggets,2,30,1,0
3478,2024-02-13 16:36:27,Cheese Burger,3,50,1,0
3478,2024-02-13 16:36:27,Double Burger,3,65,1,0
3478,2024-02-13 16:36:27,Fries,2,20,1,0
3478,2024-02-13 16:36:27,Milkshake,2,28,1,0
3479,2024-02-13 18:51:19,Milkshake,3,28,1,0
3479,2024-02-13 18:51:19,Onion Rings,3,22,1,0
3479,2024-02-13 18:51:19,Cheese Burger,1,50,1,0
3480,2024-02-13 21:33:56,Fries,3,20,1,0
3480,2024-02-13 21:33:56,Onion Rings,2,22,1,0
3481,2024-02-13 16:51:18,Ice Cream,2,18,1,0
3481,2024-02-13 16:51:18,Fries,3,20,1,0
3481,2024-02-13 16:51:18,Chicken Nuggets,1,30,1,0
3481,2024-02-13 16:51:18,Cheese Burger,2,50,1,0
3481,2024-02-13 16:51:18,Chicken Burger,3,55,1,0
3482,2024-02-13 12:32:59,Classic Burger,2,45,1,0
3482,2024-02-13 12:32:59,Ice Cream,2,18,1,0
3483,2024-02-13 19:29:31,Ice Cream,2,18,1,0
3484,2024-02-13 16:49:59,Double Burger,1,65,1,0
3484,2024-02-13 16:49:59,Cheese Burger,2,50,1,0
3484,2024-02-13 16:49:59,Milkshake,3,28,1,0
3485,2024-02-13 14:07:12,Milkshake,3,28,1,0
3485,2024-02-13 14:07:12,Chicken Nuggets,2,30,1,0
3485,2024-02-13 14:07:12,Classic Burger,3,45,1,0
3486,2024-02-13 16:18:48,Ice Cream,1,18,1,0
3486,2024-02-13 16:18:48,Chicken Burger,2,55,1,0
3486,2024-02-13 16:18:48,Cheese Burger,3,50,1,0
3486,2024-02-13 16:18:48,Soft Drink,3,15,1,0
3487,2024-02-13 17:35:21,Classic Burger,1,45,1,0
3487,2024-02-13 17:35:21,Onion Rings,3,22,1,0
3487,2024-02-13 17:35:21,Chicken Nuggets,3,30,1,0
3487,2024-02-13 17:35:21,Fries,2,20,1,0
3487,2024-02-13 17:35:21,Cheese Burger,3,50,1,0
3488,2024-02-13 16:46:23,Onion Rings,1,22,1,0
3488,2024-02-13 16:46:23,Fries,2,20,1,0
3489,2024-02-13 11:40:06,Onion Rings,2,22,1,0
3490,2024-02-13 20:58:57,Soft Drink,3,15,1,0
3490,2024-02-13 20:58:57,Classic Burger,1,45,1,0
3490,2024-02-13 20:58:57,Chicken Nuggets,2,30,1,0
3490,2024-02-13 20:58:57,Double Burger,2,65,1,0
3490,2024-02-13 20:58:57,Chicken Burger,2,55,1,0
3491,2024-02-13 21:23:47,Onion Rings,2,22,1,0
3491,2024-02-13 21:23:47,Soft Drink,2,15,1,0
3491,2024-02-13 21:23:47,Chicken Nuggets,3,30,1,0
3491,2024-02-13 21:23:47,Classic Burger,3,45,1,0
3491,2024-02-13 21:23:47,Cheese Burger,3,50,1,0
3492,2024-02-13 19:55:13,Chicken Nuggets,1,30,1,0
3492,2024-02-13 19:55:13,Chicken Burger,1,55,1,0
3493,2024-02-13 14:18:01,Onion Rings,3,22,1,0
3493,2024-02-13 14:18:01,Soft Drink,3,15,1,0
3493,2024-02-13 14:18:01,Fries,3,20,1,0
3493,2024-02-13 14:18:01,Double Burger,3,65,1,0
3493,2024-02-13 14:18:01,Milkshake,3,28,1,0
3494,2024-02-13 17:50:49,Classic Burger,3,45,1,0
3494,2024-02-13 17:50:49,Chicken Burger,2,55,1,0
3494,2024-02-13 17:50:49,Chicken Nuggets,3,30,1,0
3494,2024-02-13 17:50:49,Fries,1,20,1,0
3495,2024-02-13 17:56:44,Cheese Burger,1,50,1,0
3496,2024-02-13 19:11:46,Cheese Burger,1,50,1,0
3496,2024-02-13 19:11:46,Milkshake,2,28,1,0
3496,2024-02-13 19:11:46,Onion Rings,2,22,1,0
3496,2024-02-13 19:11:46,Fries,1,20,1,0
3497,2024-02-13 20:03:29,Chicken Nuggets,2,30,1,0
3497,2024-02-13 20:03:29,Milkshake,2,28,1,0
3497,2024-02-13 20:03:29,Ice Cream,1,18,1,0
3497,2024-02-13 20:03:29,Cheese Burger,1,50,1,0
3498,2024-02-13 15:30:24,Double Burger,3,65,1,0
3498,2024-02-13 15:30:24,Fries,2,20,1,0
3498,2024-02-13 15:30:24,Milkshake,2,28,1,0
3498,2024-02-13 15:30:24,Soft Drink,2,15,1,0
3499,2024-02-13 18:57:28,Cheese Burger,3,50,1,0
3499,2024-02-13 18:57:28,Ice Cream,3,18,1,0
3499,2024-02-13 18:57:28,Chicken Burger,1,55,1,0
3499,2024-02-13 18:57:28,Milkshake,3,28,1,0
3500,2024-02-13 19:10:52,Ice Cream,1,18,1,0
3500,2024-02-13 19:10:52,Milkshake,2,28,1,0
3500,2024-02-13 19:10:52,Chicken Nuggets,3,30,1,0
3500,2024-02-13 19:10:52,Onion Rings,1,22,1,0
3500,2024-02-13 19:10:52,Fries,2,20,1,0
3501,2024-02-13 22:28:23,Soft Drink,3,15,1,0
3501,2024-02-13 22:28:23,Cheese Burger,3,50,1,0
3501,2024-02-13 22:28:23,Chicken Nuggets,1,30,1,0
3502,2024-02-13 20:16:04,Cheese Burger,2,50,1,0
3502,2024-02-13 20:16:04,Chicken Nuggets,2,30,1,0
3502,2024-02-13 20:16:04,Soft Drink,1,15,1,0
3502,2024-02-13 20:16:04,Ice Cream,2,18,1,0
3503,2024-02-13 20:26:26,Cheese Burger,3,50,1,0
3503,2024-02-13 20:26:26,Double Burger,3,65,1,0
3503,2024-02-13 20:26:26,Onion Rings,3,22,1,0
3503,2024-02-13 20:26:26,Chicken Nuggets,1,30,1,0
3503,2024-02-13 20:26:26,Milkshake,1,28,1,0
3504,2024-02-13 18:33:55,Soft Drink,1,15,1,0
3504,2024-02-13 18:33:55,Milkshake,2,28,1,0
3504,2024-02-13 18:33:55,Cheese Burger,2,50,1,0
3505,2024-02-13 22:38:10,Chicken Nuggets,3,30,1,0
3505,2024-02-13 22:38:10,Milkshake,2,28,1,0
3505,2024-02-13 22:38:10,Soft Drink,2,15,1,0
3506,2024-02-14 20:01:39,Chicken Burger,1,55,0,0
3506,2024-02-14 20:01:39,Ice Cream,3,18,0,0
3506,2024-02-14 20:01:39,Double Burger,1,65,0,0
3506,2024-02-14 20:01:39,Chicken Nuggets,1,30,0,0
3507,2024-02-14 16:15:21,Onion Rings,3,22,0,0
3508,2024-02-14 16:03:03,Double Burger,2,65,0,0
3508,2024-02-14 16:03:03,Fries,1,20,0,0
3508,2024-02-14 16:03:03,Chicken Nuggets,2,30,0,0
3508,2024-02-14 16:03:03,Milkshake,1,28,0,0
3509,2024-02-14 18:32:59,Ice Cream,1,18,0,0
3510,2024-02-14 19:15:53,Ice Cream,1,18,0,0
3510,2024-02-14 19:15:53,Classic Burger,3,45,0,0
3511,2024-02-14 18:20:14,Chicken Burger,3,55,0,0
3511,2024-02-14 18:20:14,Fries,2,20,0,0
3511,2024-02-14 18:20:14,Double Burger,3,65,0,0
3512,2024-02-14 18:38:03,Chicken Burger,2,55,0,0
3513,2024-02-14 23:28:58,Soft Drink,2,15,0,0
3513,2024-02-14 23:28:58,Chicken Nuggets,3,30,0,0
3513,2024-02-14 23:28:58,Chicken Burger,2,55,0,0
3513,2024-02-14 23:28:58,Classic Burger,1,45,0,0
3513,2024-02-14 23:28:58,Double Burger,3,65,0,0
3514,2024-02-14 21:35:39,Fries,2,20,0,0
3514,2024-02-14 21:35:39,Classic Burger,2,45,0,0
3515,2024-02-14 18:06:59,Chicken Burger,2,55,0,0
3515,2024-02-14 18:06:59,Milkshake,2,28,0,0
3515,2024-02-14 18:06:59,Double Burger,1,65,0,0
3516,2024-02-14 20:32:04,Classic Burger,2,45,0,0
3516,2024-02-14 20:32:04,Ice Cream,2,18,0,0
3516,2024-02-14 20:32:04,Double Burger,2,65,0,0
3516,2024-02-14 20:32:04,Cheese Burger,3,50,0,0
3516,2024-02-14 20:32:04,Onion Rings,2,22,0,0
3517,2024-02-14 14:01:10,Cheese Burger,3,50,0,0
3517,2024-02-14 14:01:10,Milkshake,1,28,0,0
3517,2024-02-14 14:01:10,Classic Burger,1,45,0,0
3518,2024-02-14 19:47:58,Milkshake,1,28,0,0
3518,2024-02-14 19:47:58,Chicken Burger,1,55,0,0
3518,2024-02-14 19:47:58,Ice Cream,2,18,0,0
3518,2024-02-14 19:47:58,Double Burger,3,65,0,0
3518,2024-02-14 19:47:58,Classic Burger,3,45,0,0
3519,2024-02-14 23:38:01,Chicken Nuggets,1,30,0,0
3519,2024-02-14 23:38:01,Fries,3,20,0,0
3519,2024-02-14 23:38:01,Chicken Burger,2,55,0,0
3520,2024-02-14 17:39:06,Ice Cream,3,18,0,0
3520,2024-02-14 17:39:06,Milkshake,1,28,0,0
3520,2024-02-14 17:39:06,Classic Burger,3,45,0,0
3520,2024-02-14 17:39:06,Chicken Nuggets,1,30,0,0
3520,2024-02-14 17:39:06,Cheese Burger,1,50,0,0
3521,2024-02-14 15:28:40,Fries,3,20,0,0
3521,2024-02-14 15:28:40,Onion Rings,3,22,0,0
3521,2024-02-14 15:28:40,Double Burger,1,65,0,0
3522,2024-02-14 16:10:35,Double Burger,2,65,0,0
3522,2024-02-14 16:10:35,Chicken Nuggets,3,30,0,0
3523,2024-02-14 14:30:17,Double Burger,1,65,0,0
3524,2024-02-14 15:59:33,Milkshake,2,28,0,0
3524,2024-02-14 15:59:33,Chicken Nuggets,3,30,0,0
3525,2024-02-14 16:26:03,Onion Rings,3,22,0,0
3525,2024-02-14 16:26:03,Chicken Nuggets,2,30,0,0
3525,2024-02-14 16:26:03,Soft Drink,1,15,0,0
3525,2024-02-14 16:26:03,Classic Burger,3,45,0,0
3525,2024-02-14 16:26:03,Ice Cream,2,18,0,0
3526,2024-02-14 13:25:00,Milkshake,2,28,0,0
3526,2024-02-14 13:25:00,Onion Rings,2,22,0,0
3527,2024-02-14 18:41:09,Soft Drink,2,15,0,0
3527,2024-02-14 18:41:09,Classic Burger,1,45,0,0
3527,2024-02-14 18:41:09,Fries,1,20,0,0
3528,2024-02-14 20:52:09,Fries,1,20,0,0
3528,2024-02-14 20:52:09,Classic Burger,1,45,0,0
3529,2024-02-14 15:14:23,Milkshake,2,28,0,0
3529,2024-02-14 15:14:23,Double Burger,3,65,0,0
3529,2024-02-14 15:14:23,Classic Burger,2,45,0,0
3530,2024-02-14 22:47:34,Cheese Burger,1,50,0,0
3531,2024-02-14 19:52:34,Onion Rings,2,22,0,0
3531,2024-02-14 19:52:34,Double Burger,2,65,0,0
3531,2024-02-14 19:52:34,Classic Burger,3,45,0,0
3531,2024-02-14 19:52:34,Chicken Nuggets,3,30,0,0
3532,2024-02-14 21:43:03,Cheese Burger,1,50,0,0
3532,2024-02-14 21:43:03,Fries,3,20,0,0
3532,2024-02-14 21:43:03,Onion Rings,2,22,0,0
3533,2024-02-14 16:19:22,Soft Drink,2,15,0,0
3533,2024-02-14 16:19:22,Fries,3,20,0,0
3534,2024-02-14 20:14:00,Chicken Burger,1,55,0,0
3535,2024-02-14 14:54:44,Chicken Nuggets,3,30,0,0
3535,2024-02-14 14:54:44,Double Burger,3,65,0,0
3535,2024-02-14 14:54:44,Ice Cream,1,18,0,0
3535,2024-02-14 14:54:44,Cheese Burger,3,50,0,0
3536,2024-02-14 20:26:00,Chicken Burger,3,55,0,0
3537,2024-02-14 18:57:48,Fries,2,20,0,0
3537,2024-02-14 18:57:48,Milkshake,3,28,0,0
3537,2024-02-14 18:57:48,Chicken Nuggets,1,30,0,0
3537,2024-02-14 18:57:48,Double Burger,2,65,0,0
3537,2024-02-14 18:57:48,Soft Drink,2,15,0,0
3538,2024-02-14 19:05:37,Fries,1,20,0,0
3538,2024-02-14 19:05:37,Cheese Burger,3,50,0,0
3539,2024-02-14 14:55:20,Double Burger,1,65,0,0
3540,2024-02-14 15:09:24,Chicken Burger,1,55,0,0
3540,2024-02-14 15:09:24,Soft Drink,2,15,0,0
3540,2024-02-14 15:09:24,Double Burger,3,65,0,0
3540,2024-02-14 15:09:24,Cheese Burger,1,50,0,0
3541,2024-02-14 19:15:50,Fries,2,20,0,0
3541,2024-02-14 19:15:50,Soft Drink,2,15,0,0
3541,2024-02-14 19:15:50,Double Burger,1,65,0,0
3542,2024-02-14 15:52:51,Onion Rings,1,22,0,0
3542,2024-02-14 15:52:51,Classic Burger,1,45,0,0
3542,2024-02-14 15:52:51,Chicken Burger,2,55,0,0
3542,2024-02-14 15:52:51,Double Burger,1,65,0,0
3543,2024-02-14 19:44:26,Onion Rings,3,22,0,0
3543,2024-02-14 19:44:26,Double Burger,1,65,0,0
3543,2024-02-14 19:44:26,Chicken Burger,1,55,0,0
3543,2024-02-14 19:44:26,Ice Cream,1,18,0,0
3543,2024-02-14 19:44:26,Fries,2,20,0,0
3544,2024-02-14 13:41:07,Soft Drink,2,15,0,0
3544,2024-02-14 13:41:07,Double Burger,2,65,0,0
3545,2024-02-14 20:26:36,Soft Drink,3,15,0,0
3545,2024-02-14 20:26:36,Classic Burger,3,45,0,0
3545,2024-02-14 20:26:36,Chicken Burger,2,55,0,0
3545,2024-02-14 20:26:36,Chicken Nuggets,3,30,0,0
3545,2024-02-14 20:26:36,Fries,3,20,0,0
3546,2024-02-14 14:58:32,Fries,1,20,0,0
3546,2024-02-14 14:58:32,Milkshake,1,28,0,0
3546,2024-02-14 14:58:32,Ice Cream,2,18,0,0
3546,2024-02-14 14:58:32,Cheese Burger,1,50,0,0
3547,2024-02-14 19:35:57,Ice Cream,2,18,0,0
3547,2024-02-14 19:35:57,Chicken Burger,1,55,0,0
3547,2024-02-14 19:35:57,Fries,3,20,0,0
3548,2024-02-14 19:41:39,Classic Burger,3,45,0,0
3548,2024-02-14 19:41:39,Milkshake,2,28,0,0
3549,2024-02-14 15:46:05,Classic Burger,1,45,0,0
3549,2024-02-14 15:46:05,Fries,3,20,0,0
3549,2024-02-14 15:46:05,Onion Rings,2,22,0,0
3550,2024-02-14 19:39:29,Ice Cream,1,18,0,0
3551,2024-02-14 18:40:15,Soft Drink,2,15,0,0
3551,2024-02-14 18:40:15,Chicken Burger,2,55,0,0
3551,2024-02-14 18:40:15,Classic Burger,1,45,0,0
3552,2024-02-14 16:28:53,Soft Drink,2,15,0,0
3553,2024-02-14 14:57:57,Fries,1,20,0,0
3553,2024-02-14 14:57:57,Chicken Nuggets,3,30,0,0
3553,2024-02-14 14:57:57,Double Burger,1,65,0,0
3554,2024-02-14 12:31:53,Ice Cream,2,18,0,0
3554,2024-02-14 12:31:53,Double Burger,3,65,0,0
3554,2024-02-14 12:31:53,Onion Rings,3,22,0,0
3554,2024-02-14 12:31:53,Classic Burger,2,45,0,0
3555,2024-02-15 13:17:56,Classic Burger,1,45,0,0
3555,2024-02-15 13:17:56,Ice Cream,2,18,0,0
3555,2024-02-15 13:17:56,Chicken Nuggets,2,30,0,0
3556,2024-02-15 18:42:46,Fries,3,20,0,0
3556,2024-02-15 18:42:46,Classic Burger,1,45,0,0
3556,2024-02-15 18:42:46,Soft Drink,3,15,0,0
3556,2024-02-15 18:42:46,Onion Rings,2,22,0,0
3556,2024-02-15 18:42:46,Double Burger,3,65,0,0
3557,2024-02-15 17:58:39,Ice Cream,1,18,0,0
3557,2024-02-15 17:58:39,Chicken Nuggets,2,30,0,0
3557,2024-02-15 17:58:39,Cheese Burger,2,50,0,0
3557,2024-02-15 17:58:39,Fries,2,20,0,0
3558,2024-02-15 20:22:47,Cheese Burger,1,50,0,0
3558,2024-02-15 20:22:47,Double Burger,3,65,0,0
3558,2024-02-15 20:22:47,Chicken Nuggets,2,30,0,0
3559,2024-02-15 17:21:38,Double Burger,1,65,0,0
3559,2024-02-15 17:21:38,Classic Burger,1,45,0,0
3559,2024-02-15 17:21:38,Milkshake,2,28,0,0
3560,2024-02-15 17:41:14,Chicken Burger,3,55,0,0
3560,2024-02-15 17:41:14,Fries,2,20,0,0
3560,2024-02-15 17:41:14,Cheese Burger,2,50,0,0
3560,2024-02-15 17:41:14,Chicken Nuggets,2,30,0,0
3561,2024-02-15 20:30:38,Classic Burger,3,45,0,0
3561,2024-02-15 20:30:38,Ice Cream,1,18,0,0
3562,2024-02-15 19:09:13,Soft Drink,2,15,0,0
3562,2024-02-15 19:09:13,Chicken Nuggets,3,30,0,0
3562,2024-02-15 19:09:13,Fries,2,20,0,0
3562,2024-02-15 19:09:13,Onion Rings,3,22,0,0
3562,2024-02-15 19:09:13,Cheese Burger,1,50,0,0
3563,2024-02-15 18:42:00,Soft Drink,2,15,0,0
3563,2024-02-15 18:42:00,Chicken Nuggets,1,30,0,0
3563,2024-02-15 18:42:00,Fries,2,20,0,0
3563,2024-02-15 18:42:00,Ice Cream,3,18,0,0
3564,2024-02-15 19:03:14,Chicken Nuggets,3,30,0,0
3564,2024-02-15 19:03:14,Double Burger,1,65,0,0
3564,2024-02-15 19:03:14,Fries,2,20,0,0
3564,2024-02-15 19:03:14,Milkshake,1,28,0,0
3565,2024-02-15 13:32:03,Milkshake,2,28,0,0
3565,2024-02-15 13:32:03,Double Burger,2,65,0,0
3566,2024-02-15 20:15:45,Milkshake,2,28,0,0
3567,2024-02-15 19:17:21,Ice Cream,1,18,0,0
3567,2024-02-15 19:17:21,Chicken Burger,2,55,0,0
3567,2024-02-15 19:17:21,Double Burger,2,65,0,0
3567,2024-02-15 19:17:21,Cheese Burger,1,50,0,0
3567,2024-02-15 19:17:21,Fries,3,20,0,0
3568,2024-02-15 14:51:47,Soft Drink,2,15,0,0
3568,2024-02-15 14:51:47,Classic Burger,2,45,0,0
3568,2024-02-15 14:51:47,Milkshake,2,28,0,0
3569,2024-02-15 17:47:15,Chicken Nuggets,1,30,0,0
3569,2024-02-15 17:47:15,Milkshake,2,28,0,0
3569,2024-02-15 17:47:15,Chicken Burger,1,55,0,0
3569,2024-02-15 17:47:15,Ice Cream,3,18,0,0
3569,2024-02-15 17:47:15,Soft Drink,3,15,0,0
3570,2024-02-15 17:02:57,Double Burger,2,65,0,0
3570,2024-02-15 17:02:57,Ice Cream,2,18,0,0
3570,2024-02-15 17:02:57,Fries,2,20,0,0
3571,2024-02-15 17:03:28,Chicken Burger,1,55,0,0
3572,2024-02-15 19:12:27,Soft Drink,2,15,0,0
3572,2024-02-15 19:12:27,Chicken Nuggets,3,30,0,0
3573,2024-02-15 22:24:42,Classic Burger,3,45,0,0
3574,2024-02-15 21:42:13,Ice Cream,2,18,0,0
3574,2024-02-15 21:42:13,Soft Drink,2,15,0,0
3574,2024-02-15 21:42:13,Double Burger,3,65,0,0
3574,2024-02-15 21:42:13,Onion Rings,3,22,0,0
3574,2024-02-15 21:42:13,Chicken Burger,3,55,0,0
3575,2024-02-15 14:01:07,Fries,1,20,0,0
3575,2024-02-15 14:01:07,Classic Burger,2,45,0,0
3575,2024-02-15 14:01:07,Chicken Burger,1,55,0,0
3575,2024-02-15 14:01:07,Cheese Burger,3,50,0,0
3576,2024-02-15 19:01:05,Chicken Nuggets,3,30,0,0
3577,2024-02-15 21:47:28,Double Burger,1,65,0,0
3578,2024-02-15 19:34:50,Chicken Nuggets,1,30,0,0
3579,2024-02-15 21:14:09,Double Burger,1,65,0,0
3579,2024-02-15 21:14:09,Fries,2,20,0,0
3579,2024-02-15 21:14:09,Chicken Burger,2,55,0,0
3579,2024-02-15 21:14:09,Milkshake,2,28,0,0
3579,2024-02-15 21:14:09,Onion Rings,1,22,0,0
3580,2024-02-15 23:59:23,Chicken Burger,1,55,0,0
3580,2024-02-15 23:59:23,Milkshake,3,28,0,0
3580,2024-02-15 23:59:23,Double Burger,3,65,0,0
3581,2024-02-15 21:04:39,Soft Drink,2,15,0,0
3581,2024-02-15 21:04:39,Milkshake,3,28,0,0
3581,2024-02-15 21:04:39,Cheese Burger,1,50,0,0
3581,2024-02-15 21:04:39,Onion Rings,3,22,0,0
3581,2024-02-15 21:04:39,Classic Burger,3,45,0,0
3582,2024-02-15 18:19:36,Onion Rings,3,22,0,0
3582,2024-02-15 18:19:36,Classic Burger,2,45,0,0
3582,2024-02-15 18:19:36,Milkshake,2,28,0,0
3582,2024-02-15 18:19:36,Fries,3,20,0,0
3582,2024-02-15 18:19:36,Soft Drink,3,15,0,0
3583,2024-02-15 21:30:08,Fries,2,20,0,0
3583,2024-02-15 21:30:08,Milkshake,1,28,0,0
3583,2024-02-15 21:30:08,Ice Cream,3,18,0,0
3583,2024-02-15 21:30:08,Cheese Burger,2,50,0,0
3584,2024-02-15 18:17:25,Ice Cream,3,18,0,0
3585,2024-02-15 18:03:07,Fries,3,20,0,0
3585,2024-02-15 18:03:07,Chicken Burger,2,55,0,0
3585,2024-02-15 18:03:07,Soft Drink,3,15,0,0
3585,2024-02-15 18:03:07,Double Burger,1,65,0,0
3585,2024-02-15 18:03:07,Onion Rings,3,22,0,0
3586,2024-02-15 16:21:32,Chicken Burger,3,55,0,0
3586,2024-02-15 16:21:32,Soft Drink,1,15,0,0
3586,2024-02-15 16:21:32,Classic Burger,3,45,0,0
3586,2024-02-15 16:21:32,Ice Cream,1,18,0,0
3586,2024-02-15 16:21:32,Chicken Nuggets,1,30,0,0
3587,2024-02-15 22:38:39,Ice Cream,2,18,0,0
3588,2024-02-15 15:28:23,Double Burger,3,65,0,0
3589,2024-02-15 22:39:26,Soft Drink,3,15,0,0
3589,2024-02-15 22:39:26,Fries,1,20,0,0
3590,2024-02-15 19:39:58,Double Burger,3,65,0,0
3591,2024-02-15 13:02:03,Chicken Burger,3,55,0,0
3592,2024-02-15 19:07:10,Double Burger,1,65,0,0
3592,2024-02-15 19:07:10,Onion Rings,2,22,0,0
3592,2024-02-15 19:07:10,Cheese Burger,1,50,0,0
3592,2024-02-15 19:07:10,Classic Burger,2,45,0,0
3593,2024-02-15 11:40:51,Milkshake,3,28,0,0
3593,2024-02-15 11:40:51,Fries,3,20,0,0
3594,2024-02-15 19:16:23,Fries,1,20,0,0
3594,2024-02-15 19:16:23,Milkshake,2,28,0,0
3594,2024-02-15 19:16:23,Chicken Nuggets,2,30,0,0
3594,2024-02-15 19:16:23,Classic Burger,1,45,0,0
3595,2024-02-15 20:53:06,Classic Burger,3,45,0,0
3596,2024-02-15 16:53:23,Classic Burger,1,45,0,0
3596,2024-02-15 16:53:23,Fries,3,20,0,0
3596,2024-02-15 16:53:23,Milkshake,2,28,0,0
3596,2024-02-15 16:53:23,Ice Cream,3,18,0,0
3597,2024-02-16 14:06:15,Milkshake,1,28,1,0
3597,2024-02-16 14:06:15,Ice Cream,1,18,1,0
3597,2024-02-16 14:06:15,Classic Burger,3,45,1,0
3597,2024-02-16 14:06:15,Chicken Burger,1,55,1,0
3597,2024-02-16 14:06:15,Onion Rings,3,22,1,0
3598,2024-02-16 22:21:46,Chicken Burger,3,55,1,0
3598,2024-02-16 22:21:46,Soft Drink,1,15,1,0
3598,2024-02-16 22:21:46,Milkshake,2,28,1,0
3599,2024-02-16 23:03:59,Chicken Nuggets,1,30,1,0
3599,2024-02-16 23:03:59,Cheese Burger,1,50,1,0
3599,2024-02-16 23:03:59,Ice Cream,2,18,1,0
3599,2024-02-16 23:03:59,Double Burger,2,65,1,0
3599,2024-02-16 23:03:59,Milkshake,2,28,1,0
3600,2024-02-16 18:53:06,Soft Drink,2,15,1,0
3601,2024-02-16 21:05:38,Chicken Burger,2,55,1,0
3602,2024-02-16 22:56:54,Double Burger,3,65,1,0
3602,2024-02-16 22:56:54,Chicken Nuggets,1,30,1,0
3602,2024-02-16 22:56:54,Onion Rings,3,22,1,0
3602,2024-02-16 22:56:54,Classic Burger,3,45,1,0
3602,2024-02-16 22:56:54,Cheese Burger,1,50,1,0
3603,2024-02-16 15:25:13,Classic Burger,3,45,1,0
3603,2024-02-16 15:25:13,Onion Rings,2,22,1,0
3603,2024-02-16 15:25:13,Ice Cream,1,18,1,0
3603,2024-02-16 15:25:13,Chicken Nuggets,2,30,1,0
3604,2024-02-16 16:10:13,Soft Drink,3,15,1,0
3605,2024-02-16 21:13:32,Ice Cream,1,18,1,0
3605,2024-02-16 21:13:32,Milkshake,3,28,1,0
3605,2024-02-16 21:13:32,Soft Drink,3,15,1,0
3605,2024-02-16 21:13:32,Double Burger,1,65,1,0
3606,2024-02-16 23:17:09,Classic Burger,1,45,1,0
3606,2024-02-16 23:17:09,Soft Drink,3,15,1,0
3606,2024-02-16 23:17:09,Chicken Burger,3,55,1,0
3606,2024-02-16 23:17:09,Cheese Burger,1,50,1,0
3607,2024-02-16 19:47:23,Milkshake,3,28,1,0
3608,2024-02-16 15:40:05,Ice Cream,3,18,1,0
3608,2024-02-16 15:40:05,Soft Drink,3,15,1,0
3609,2024-02-16 23:14:30,Chicken Nuggets,1,30,1,0
3609,2024-02-16 23:14:30,Milkshake,1,28,1,0
3609,2024-02-16 23:14:30,Soft Drink,3,15,1,0
3609,2024-02-16 23:14:30,Ice Cream,2,18,1,0
3610,2024-02-16 16:40:15,Ice Cream,3,18,1,0
3610,2024-02-16 16:40:15,Cheese Burger,2,50,1,0
3610,2024-02-16 16:40:15,Classic Burger,1,45,1,0
3610,2024-02-16 16:40:15,Chicken Burger,2,55,1,0
3611,2024-02-16 16:51:18,Double Burger,1,65,1,0
3612,2024-02-16 19:37:06,Soft Drink,2,15,1,0
3612,2024-02-16 19:37:06,Cheese Burger,3,50,1,0
3612,2024-02-16 19:37:06,Double Burger,2,65,1,0
3612,2024-02-16 19:37:06,Ice Cream,2,18,1,0
3613,2024-02-16 22:20:21,Fries,3,20,1,0
3613,2024-02-16 22:20:21,Chicken Burger,1,55,1,0
3613,2024-02-16 22:20:21,Milkshake,2,28,1,0
3613,2024-02-16 22:20:21,Cheese Burger,1,50,1,0
3613,2024-02-16 22:20:21,Soft Drink,1,15,1,0
3614,2024-02-16 20:52:24,Soft Drink,1,15,1,0
3614,2024-02-16 20:52:24,Chicken Nuggets,3,30,1,0
3614,2024-02-16 20:52:24,Classic Burger,3,45,1,0
3615,2024-02-16 19:06:05,Chicken Burger,3,55,1,0
3616,2024-02-16 19:17:35,Chicken Nuggets,2,30,1,0
3616,2024-02-16 19:17:35,Onion Rings,2,22,1,0
3616,2024-02-16 19:17:35,Milkshake,2,28,1,0
3616,2024-02-16 19:17:35,Fries,1,20,1,0
3617,2024-02-16 18:03:27,Classic Burger,2,45,1,0
3617,2024-02-16 18:03:27,Milkshake,3,28,1,0
3617,2024-02-16 18:03:27,Chicken Burger,2,55,1,0
3617,2024-02-16 18:03:27,Cheese Burger,3,50,1,0
3618,2024-02-16 19:19:02,Ice Cream,1,18,1,0
3618,2024-02-16 19:19:02,Double Burger,1,65,1,0
3618,2024-02-16 19:19:02,Milkshake,2,28,1,0
3619,2024-02-16 10:53:51,Cheese Burger,3,50,1,0
3619,2024-02-16 10:53:51,Classic Burger,1,45,1,0
3619,2024-02-16 10:53:51,Fries,1,20,1,0
3619,2024-02-16 10:53:51,Milkshake,2,28,1,0
3620,2024-02-16 17:55:05,Cheese Burger,2,50,1,0
3621,2024-02-16 18:09:27,Chicken Nuggets,1,30,1,0
3621,2024-02-16 18:09:27,Ice Cream,1,18,1,0
3621,2024-02-16 18:09:27,Soft Drink,1,15,1,0
3621,2024-02-16 18:09:27,Double Burger,2,65,1,0
3622,2024-02-16 14:01:00,Onion Rings,3,22,1,0
3622,2024-02-16 14:01:00,Double Burger,2,65,1,0
3623,2024-02-16 19:49:20,Soft Drink,2,15,1,0
3623,2024-02-16 19:49:20,Onion Rings,3,22,1,0
3624,2024-02-16 17:01:27,Milkshake,3,28,1,0
3624,2024-02-16 17:01:27,Ice Cream,3,18,1,0
3625,2024-02-16 23:55:35,Milkshake,3,28,1,0
3626,2024-02-16 22:57:43,Double Burger,2,65,1,0
3627,2024-02-16 16:00:49,Milkshake,1,28,1,0
3627,2024-02-16 16:00:49,Soft Drink,3,15,1,0
3628,2024-02-16 17:05:00,Double Burger,1,65,1,0
3628,2024-02-16 17:05:00,Fries,3,20,1,0
3628,2024-02-16 17:05:00,Ice Cream,2,18,1,0
3629,2024-02-16 17:27:51,Chicken Burger,1,55,1,0
3630,2024-02-16 16:06:26,Soft Drink,1,15,1,0
3630,2024-02-16 16:06:26,Ice Cream,2,18,1,0
3631,2024-02-16 18:26:24,Double Burger,2,65,1,0
3631,2024-02-16 18:26:24,Classic Burger,1,45,1,0
3631,2024-02-16 18:26:24,Milkshake,2,28,1,0
3631,2024-02-16 18:26:24,Cheese Burger,3,50,1,0
3632,2024-02-16 15:00:46,Double Burger,2,65,1,0
3632,2024-02-16 15:00:46,Classic Burger,3,45,1,0
3633,2024-02-16 14:05:17,Soft Drink,1,15,1,0
3633,2024-02-16 14:05:17,Cheese Burger,3,50,1,0
3633,2024-02-16 14:05:17,Fries,3,20,1,0
3633,2024-02-16 14:05:17,Ice Cream,3,18,1,0
3633,2024-02-16 14:05:17,Double Burger,1,65,1,0
3634,2024-02-16 19:18:35,Milkshake,2,28,1,0
3634,2024-02-16 19:18:35,Onion Rings,1,22,1,0
3634,2024-02-16 19:18:35,Fries,2,20,1,0
3634,2024-02-16 19:18:35,Chicken Burger,2,55,1,0
3635,2024-02-16 19:47:14,Soft Drink,3,15,1,0
3635,2024-02-16 19:47:14,Cheese Burger,3,50,1,0
3635,2024-02-16 19:47:14,Ice Cream,3,18,1,0
3635,2024-02-16 19:47:14,Classic Burger,2,45,1,0
3635,2024-02-16 19:47:14,Onion Rings,3,22,1,0
3636,2024-02-16 15:13:41,Chicken Nuggets,3,30,1,0
3637,2024-02-16 20:03:41,Fries,3,20,1,0
3637,2024-02-16 20:03:41,Classic Burger,3,45,1,0
3637,2024-02-16 20:03:41,Double Burger,3,65,1,0
3637,2024-02-16 20:03:41,Onion Rings,3,22,1,0
3637,2024-02-16 20:03:41,Cheese Burger,2,50,1,0
3638,2024-02-16 16:47:47,Ice Cream,2,18,1,0
3638,2024-02-16 16:47:47,Milkshake,1,28,1,0
3638,2024-02-16 16:47:47,Double Burger,3,65,1,0
3639,2024-02-16 18:13:18,Fries,1,20,1,0
3639,2024-02-16 18:13:18,Onion Rings,3,22,1,0
3639,2024-02-16 18:13:18,Double Burger,1,65,1,0
3639,2024-02-16 18:13:18,Ice Cream,3,18,1,0
3640,2024-02-16 20:23:27,Classic Burger,1,45,1,0
3641,2024-02-16 17:58:07,Double Burger,2,65,1,0
3641,2024-02-16 17:58:07,Chicken Nuggets,1,30,1,0
3641,2024-02-16 17:58:07,Fries,3,20,1,0
3641,2024-02-16 17:58:07,Cheese Burger,2,50,1,0
3642,2024-02-16 19:08:16,Chicken Nuggets,2,30,1,0
3642,2024-02-16 19:08:16,Fries,2,20,1,0
3643,2024-02-16 16:06:06,Chicken Burger,2,55,1,0
3643,2024-02-16 16:06:06,Onion Rings,1,22,1,0
3643,2024-02-16 16:06:06,Double Burger,2,65,1,0
3643,2024-02-16 16:06:06,Fries,3,20,1,0
3644,2024-02-16 17:19:17,Chicken Nuggets,1,30,1,0
3644,2024-02-16 17:19:17,Ice Cream,1,18,1,0
3644,2024-02-16 17:19:17,Classic Burger,2,45,1,0
3645,2024-02-16 17:03:55,Onion Rings,3,22,1,0
3645,2024-02-16 17:03:55,Soft Drink,2,15,1,0
3645,2024-02-16 17:03:55,Chicken Nuggets,1,30,1,0
3645,2024-02-16 17:03:55,Milkshake,2,28,1,0
3645,2024-02-16 17:03:55,Fries,3,20,1,0
3646,2024-02-16 15:24:48,Milkshake,3,28,1,0
3646,2024-02-16 15:24:48,Classic Burger,3,45,1,0
3646,2024-02-16 15:24:48,Double Burger,1,65,1,0
3646,2024-02-16 15:24:48,Soft Drink,3,15,1,0
3646,2024-02-16 15:24:48,Onion Rings,3,22,1,0
3647,2024-02-17 13:26:46,Chicken Nuggets,2,30,0,0
3647,2024-02-17 13:26:46,Soft Drink,1,15,0,0
3647,2024-02-17 13:26:46,Onion Rings,3,22,0,0
3647,2024-02-17 13:26:46,Ice Cream,1,18,0,0
3647,2024-02-17 13:26:46,Classic Burger,3,45,0,0
3648,2024-02-17 16:48:16,Chicken Nuggets,2,30,0,0
3649,2024-02-17 17:41:45,Chicken Burger,1,55,0,0
3649,2024-02-17 17:41:45,Classic Burger,1,45,0,0
3650,2024-02-17 17:44:14,Onion Rings,2,22,0,0
3650,2024-02-17 17:44:14,Soft Drink,1,15,0,0
3650,2024-02-17 17:44:14,Milkshake,3,28,0,0
3650,2024-02-17 17:44:14,Chicken Burger,1,55,0,0
3650,2024-02-17 17:44:14,Chicken Nuggets,2,30,0,0
3651,2024-02-17 17:08:33,Milkshake,1,28,0,0
3651,2024-02-17 17:08:33,Fries,1,20,0,0
3651,2024-02-17 17:08:33,Double Burger,3,65,0,0
3651,2024-02-17 17:08:33,Chicken Nuggets,3,30,0,0
3652,2024-02-17 17:21:26,Soft Drink,1,15,0,0
3652,2024-02-17 17:21:26,Chicken Nuggets,2,30,0,0
3652,2024-02-17 17:21:26,Chicken Burger,3,55,0,0
3652,2024-02-17 17:21:26,Fries,3,20,0,0
3652,2024-02-17 17:21:26,Double Burger,1,65,0,0
3653,2024-02-17 19:58:23,Fries,1,20,0,0
3653,2024-02-17 19:58:23,Cheese Burger,2,50,0,0
3653,2024-02-17 19:58:23,Milkshake,1,28,0,0
3653,2024-02-17 19:58:23,Ice Cream,1,18,0,0
3654,2024-02-17 20:05:23,Chicken Burger,2,55,0,0
3654,2024-02-17 20:05:23,Fries,3,20,0,0
3654,2024-02-17 20:05:23,Chicken Nuggets,1,30,0,0
3654,2024-02-17 20:05:23,Soft Drink,2,15,0,0
3654,2024-02-17 20:05:23,Milkshake,3,28,0,0
3655,2024-02-17 16:46:50,Soft Drink,2,15,0,0
3655,2024-02-17 16:46:50,Fries,1,20,0,0
3656,2024-02-17 14:16:41,Cheese Burger,1,50,0,0
3656,2024-02-17 14:16:41,Soft Drink,1,15,0,0
3656,2024-02-17 14:16:41,Chicken Nuggets,2,30,0,0
3657,2024-02-17 14:28:53,Classic Burger,1,45,0,0
3658,2024-02-17 16:07:47,Chicken Nuggets,1,30,0,0
3658,2024-02-17 16:07:47,Soft Drink,1,15,0,0
3658,2024-02-17 16:07:47,Cheese Burger,2,50,0,0
3658,2024-02-17 16:07:47,Ice Cream,1,18,0,0
3658,2024-02-17 16:07:47,Classic Burger,1,45,0,0
3659,2024-02-17 16:39:56,Chicken Nuggets,2,30,0,0
3659,2024-02-17 16:39:56,Ice Cream,2,18,0,0
3659,2024-02-17 16:39:56,Fries,3,20,0,0
3659,2024-02-17 16:39:56,Classic Burger,1,45,0,0
3659,2024-02-17 16:39:56,Chicken Burger,2,55,0,0
3660,2024-02-17 15:30:44,Soft Drink,2,15,0,0
3660,2024-02-17 15:30:44,Chicken Burger,1,55,0,0
3660,2024-02-17 15:30:44,Fries,3,20,0,0
3660,2024-02-17 15:30:44,Milkshake,1,28,0,0
3660,2024-02-17 15:30:44,Double Burger,3,65,0,0
3661,2024-02-17 14:36:23,Onion Rings,1,22,0,0
3662,2024-02-17 16:54:09,Chicken Burger,1,55,0,0
3662,2024-02-17 16:54:09,Onion Rings,1,22,0,0
3662,2024-02-17 16:54:09,Cheese Burger,3,50,0,0
3662,2024-02-17 16:54:09,Ice Cream,3,18,0,0
3663,2024-02-17 18:08:44,Ice Cream,3,18,0,0
3663,2024-02-17 18:08:44,Soft Drink,3,15,0,0
3663,2024-02-17 18:08:44,Cheese Burger,3,50,0,0
3663,2024-02-17 18:08:44,Milkshake,3,28,0,0
3664,2024-02-17 19:55:42,Cheese Burger,3,50,0,0
3665,2024-02-17 16:07:50,Chicken Nuggets,3,30,0,0
3665,2024-02-17 16:07:50,Cheese Burger,1,50,0,0
3665,2024-02-17 16:07:50,Fries,3,20,0,0
3665,2024-02-17 16:07:50,Onion Rings,2,22,0,0
3666,2024-02-17 16:40:41,Double Burger,1,65,0,0
3667,2024-02-17 15:18:51,Onion Rings,3,22,0,0
3667,2024-02-17 15:18:51,Chicken Nuggets,2,30,0,0
3668,2024-02-17 17:17:30,Chicken Nuggets,2,30,0,0
3668,2024-02-17 17:17:30,Cheese Burger,2,50,0,0
3668,2024-02-17 17:17:30,Ice Cream,2,18,0,0
3668,2024-02-17 17:17:30,Chicken Burger,2,55,0,0
3668,2024-02-17 17:17:30,Double Burger,2,65,0,0
3669,2024-02-17 15:45:01,Onion Rings,1,22,0,0
3669,2024-02-17 15:45:01,Chicken Burger,1,55,0,0
3669,2024-02-17 15:45:01,Milkshake,3,28,0,0
3669,2024-02-17 15:45:01,Chicken Nuggets,3,30,0,0
3669,2024-02-17 15:45:01,Classic Burger,2,45,0,0
3670,2024-02-17 19:34:05,Milkshake,1,28,0,0
3670,2024-02-17 19:34:05,Fries,3,20,0,0
3670,2024-02-17 19:34:05,Chicken Burger,1,55,0,0
3670,2024-02-17 19:34:05,Classic Burger,3,45,0,0
3671,2024-02-17 12:14:58,Milkshake,2,28,0,0
3671,2024-02-17 12:14:58,Onion Rings,2,22,0,0
3671,2024-02-17 12:14:58,Fries,2,20,0,0
3671,2024-02-17 12:14:58,Chicken Nuggets,3,30,0,0
3672,2024-02-17 16:14:16,Fries,1,20,0,0
3673,2024-02-17 18:51:09,Soft Drink,3,15,0,0
3673,2024-02-17 18:51:09,Cheese Burger,1,50,0,0
3673,2024-02-17 18:51:09,Ice Cream,2,18,0,0
3674,2024-02-17 18:43:06,Chicken Burger,3,55,0,0
3674,2024-02-17 18:43:06,Milkshake,1,28,0,0
3674,2024-02-17 18:43:06,Chicken Nuggets,1,30,0,0
3675,2024-02-17 23:10:02,Ice Cream,1,18,0,0
3675,2024-02-17 23:10:02,Milkshake,3,28,0,0
3676,2024-02-17 19:38:43,Soft Drink,1,15,0,0
3676,2024-02-17 19:38:43,Chicken Burger,2,55,0,0
3677,2024-02-17 14:57:44,Double Burger,3,65,0,0
3677,2024-02-17 14:57:44,Chicken Burger,2,55,0,0
3678,2024-02-17 17:39:20,Chicken Nuggets,3,30,0,0
3678,2024-02-17 17:39:20,Milkshake,2,28,0,0
3678,2024-02-17 17:39:20,Onion Rings,2,22,0,0
3678,2024-02-17 17:39:20,Cheese Burger,2,50,0,0
3679,2024-02-17 12:55:52,Chicken Nuggets,2,30,0,0
3679,2024-02-17 12:55:52,Ice Cream,3,18,0,0
3680,2024-02-17 17:33:12,Milkshake,3,28,0,0
3681,2024-02-17 15:03:03,Chicken Burger,2,55,0,0
3681,2024-02-17 15:03:03,Fries,1,20,0,0
3682,2024-02-17 20:13:32,Ice Cream,1,18,0,0
3682,2024-02-17 20:13:32,Cheese Burger,3,50,0,0
3682,2024-02-17 20:13:32,Chicken Burger,1,55,0,0
3683,2024-02-17 16:51:06,Milkshake,1,28,0,0
3683,2024-02-17 16:51:06,Double Burger,1,65,0,0
3683,2024-02-17 16:51:06,Ice Cream,1,18,0,0
3683,2024-02-17 16:51:06,Soft Drink,3,15,0,0
3683,2024-02-17 16:51:06,Fries,2,20,0,0
3684,2024-02-17 17:18:27,Soft Drink,1,15,0,0
3684,2024-02-17 17:18:27,Double Burger,2,65,0,0
3685,2024-02-17 16:15:50,Classic Burger,3,45,0,0
3685,2024-02-17 16:15:50,Fries,1,20,0,0
3685,2024-02-17 16:15:50,Chicken Nuggets,2,30,0,0
3685,2024-02-17 16:15:50,Cheese Burger,3,50,0,0
3686,2024-02-17 23:43:18,Soft Drink,2,15,0,0
3686,2024-02-17 23:43:18,Cheese Burger,3,50,0,0
3686,2024-02-17 23:43:18,Ice Cream,2,18,0,0
3686,2024-02-17 23:43:18,Double Burger,1,65,0,0
3686,2024-02-17 23:43:18,Onion Rings,3,22,0,0
3687,2024-02-17 17:27:35,Soft Drink,1,15,0,0
3688,2024-02-17 23:10:02,Milkshake,3,28,0,0
3688,2024-02-17 23:10:02,Fries,3,20,0,0
3688,2024-02-17 23:10:02,Classic Burger,3,45,0,0
3688,2024-02-17 23:10:02,Chicken Nuggets,1,30,0,0
3688,2024-02-17 23:10:02,Soft Drink,1,15,0,0
3689,2024-02-17 20:59:12,Chicken Nuggets,3,30,0,0
3689,2024-02-17 20:59:12,Classic Burger,2,45,0,0
3689,2024-02-17 20:59:12,Ice Cream,1,18,0,0
3689,2024-02-17 20:59:12,Onion Rings,3,22,0,0
3689,2024-02-17 20:59:12,Chicken Burger,2,55,0,0
3690,2024-02-17 19:57:28,Cheese Burger,1,50,0,0
3690,2024-02-17 19:57:28,Classic Burger,1,45,0,0
3691,2024-02-17 19:18:09,Cheese Burger,1,50,0,0
3691,2024-02-17 19:18:09,Classic Burger,1,45,0,0
3691,2024-02-17 19:18:09,Chicken Nuggets,3,30,0,0
3692,2024-02-17 19:09:51,Fries,3,20,0,0
3692,2024-02-17 19:09:51,Ice Cream,1,18,0,0
3693,2024-02-17 12:39:24,Milkshake,1,28,0,0
3694,2024-02-17 17:16:43,Chicken Burger,1,55,0,0
3694,2024-02-17 17:16:43,Chicken Nuggets,1,30,0,0
3694,2024-02-17 17:16:43,Fries,1,20,0,0
3695,2024-02-17 20:14:31,Chicken Nuggets,2,30,0,0
3695,2024-02-17 20:14:31,Classic Burger,3,45,0,0
3696,2024-02-17 17:48:16,Soft Drink,2,15,0,0
3696,2024-02-17 17:48:16,Double Burger,2,65,0,0
3697,2024-02-17 13:35:06,Double Burger,2,65,0,0
3697,2024-02-17 13:35:06,Cheese Burger,2,50,0,0
3697,2024-02-17 13:35:06,Milkshake,1,28,0,0
3697,2024-02-17 13:35:06,Classic Burger,1,45,0,0
3697,2024-02-17 13:35:06,Fries,1,20,0,0
3698,2024-02-17 17:26:15,Milkshake,2,28,0,0
3699,2024-02-17 23:01:17,Double Burger,3,65,0,0
3699,2024-02-17 23:01:17,Soft Drink,1,15,0,0
3700,2024-02-17 21:39:18,Fries,2,20,0,0
3700,2024-02-17 21:39:18,Chicken Burger,3,55,0,0
3700,2024-02-17 21:39:18,Soft Drink,1,15,0,0
3700,2024-02-17 21:39:18,Ice Cream,2,18,0,0
3700,2024-02-17 21:39:18,Classic Burger,3,45,0,0
3701,2024-02-17 17:07:18,Chicken Burger,1,55,0,0
3702,2024-02-17 20:40:45,Cheese Burger,2,50,0,0
3702,2024-02-17 20:40:45,Ice Cream,1,18,0,0
3702,2024-02-17 20:40:45,Fries,3,20,0,0
3703,2024-02-17 16:32:47,Fries,3,20,0,0
3704,2024-02-17 12:19:39,Ice Cream,1,18,0,0
3704,2024-02-17 12:19:39,Chicken Nuggets,3,30,0,0
3704,2024-02-17 12:19:39,Onion Rings,3,22,0,0
3705,2024-02-17 15:18:58,Fries,2,20,0,0
3705,2024-02-17 15:18:58,Chicken Burger,2,55,0,0
3706,2024-02-17 22:53:33,Ice Cream,3,18,0,0
3706,2024-02-17 22:53:33,Cheese Burger,1,50,0,0
3706,2024-02-17 22:53:33,Chicken Nuggets,1,30,0,0
3707,2024-02-17 17:20:10,Onion Rings,3,22,0,0
3707,2024-02-17 17:20:10,Cheese Burger,2,50,0,0
3707,2024-02-17 17:20:10,Double Burger,3,65,0,0
3708,2024-02-17 17:07:35,Chicken Nuggets,3,30,0,0
3708,2024-02-17 17:07:35,Ice Cream,3,18,0,0
3708,2024-02-17 17:07:35,Double Burger,2,65,0,0
3709,2024-02-17 17:40:24,Onion Rings,3,22,0,0
3709,2024-02-17 17:40:24,Chicken Burger,1,55,0,0
3710,2024-02-17 23:02:09,Cheese Burger,2,50,0,0
3711,2024-02-17 22:36:24,Chicken Burger,1,55,0,0
3711,2024-02-17 22:36:24,Classic Burger,3,45,0,0
3711,2024-02-17 22:36:24,Fries,1,20,0,0
3711,2024-02-17 22:36:24,Milkshake,1,28,0,0
3711,2024-02-17 22:36:24,Ice Cream,2,18,0,0
3712,2024-02-17 23:21:34,Soft Drink,1,15,0,0
3712,2024-02-17 23:21:34,Milkshake,1,28,0,0
3712,2024-02-17 23:21:34,Classic Burger,2,45,0,0
3713,2024-02-17 17:54:19,Chicken Burger,3,55,0,0
3713,2024-02-17 17:54:19,Cheese Burger,1,50,0,0
3713,2024-02-17 17:54:19,Chicken Nuggets,1,30,0,0
3713,2024-02-17 17:54:19,Classic Burger,1,45,0,0
3713,2024-02-17 17:54:19,Double Burger,3,65,0,0
3714,2024-02-17 18:34:46,Soft Drink,2,15,0,0
3714,2024-02-17 18:34:46,Milkshake,3,28,0,0
3715,2024-02-18 18:03:46,Soft Drink,2,15,1,0
3715,2024-02-18 18:03:46,Ice Cream,1,18,1,0
3715,2024-02-18 18:03:46,Double Burger,3,65,1,0
3715,2024-02-18 18:03:46,Classic Burger,1,45,1,0
3716,2024-02-18 14:02:14,Cheese Burger,3,50,1,0
3716,2024-02-18 14:02:14,Soft Drink,1,15,1,0
3716,2024-02-18 14:02:14,Ice Cream,3,18,1,0
3716,2024-02-18 14:02:14,Fries,3,20,1,0
3716,2024-02-18 14:02:14,Milkshake,2,28,1,0
3717,2024-02-18 16:44:33,Onion Rings,3,22,1,0
3717,2024-02-18 16:44:33,Chicken Burger,2,55,1,0
3717,2024-02-18 16:44:33,Soft Drink,2,15,1,0
3718,2024-02-18 15:09:26,Milkshake,1,28,1,0
3718,2024-02-18 15:09:26,Soft Drink,1,15,1,0
3718,2024-02-18 15:09:26,Onion Rings,3,22,1,0
3719,2024-02-18 16:25:04,Chicken Nuggets,2,30,1,0
3719,2024-02-18 16:25:04,Double Burger,1,65,1,0
3719,2024-02-18 16:25:04,Cheese Burger,2,50,1,0
3719,2024-02-18 16:25:04,Milkshake,2,28,1,0
3720,2024-02-18 16:05:35,Onion Rings,1,22,1,0
3720,2024-02-18 16:05:35,Chicken Burger,3,55,1,0
3720,2024-02-18 16:05:35,Double Burger,2,65,1,0
3720,2024-02-18 16:05:35,Chicken Nuggets,3,30,1,0
3721,2024-02-18 16:20:46,Double Burger,3,65,1,0
3721,2024-02-18 16:20:46,Onion Rings,3,22,1,0
3721,2024-02-18 16:20:46,Classic Burger,1,45,1,0
3721,2024-02-18 16:20:46,Milkshake,3,28,1,0
3722,2024-02-18 20:03:44,Chicken Burger,3,55,1,0
3723,2024-02-18 14:17:49,Onion Rings,3,22,1,0
3723,2024-02-18 14:17:49,Double Burger,3,65,1,0
3723,2024-02-18 14:17:49,Ice Cream,3,18,1,0
3724,2024-02-18 18:50:58,Chicken Burger,3,55,1,0
3724,2024-02-18 18:50:58,Double Burger,1,65,1,0
3725,2024-02-18 21:43:41,Chicken Burger,3,55,1,0
3725,2024-02-18 21:43:41,Chicken Nuggets,3,30,1,0
3726,2024-02-18 16:16:32,Chicken Nuggets,3,30,1,0
3726,2024-02-18 16:16:32,Chicken Burger,3,55,1,0
3726,2024-02-18 16:16:32,Soft Drink,3,15,1,0
3726,2024-02-18 16:16:32,Milkshake,1,28,1,0
3726,2024-02-18 16:16:32,Onion Rings,2,22,1,0
3727,2024-02-18 15:49:06,Onion Rings,3,22,1,0
3728,2024-02-18 17:29:06,Double Burger,2,65,1,0
3728,2024-02-18 17:29:06,Cheese Burger,3,50,1,0
3728,2024-02-18 17:29:06,Soft Drink,1,15,1,0
3728,2024-02-18 17:29:06,Onion Rings,1,22,1,0
3728,2024-02-18 17:29:06,Classic Burger,1,45,1,0
3729,2024-02-18 21:26:54,Onion Rings,2,22,1,0
3729,2024-02-18 21:26:54,Chicken Nuggets,1,30,1,0
3729,2024-02-18 21:26:54,Ice Cream,1,18,1,0
3729,2024-02-18 21:26:54,Classic Burger,1,45,1,0
3729,2024-02-18 21:26:54,Milkshake,1,28,1,0
3730,2024-02-18 18:40:12,Cheese Burger,1,50,1,0
3730,2024-02-18 18:40:12,Milkshake,1,28,1,0
3731,2024-02-18 16:43:57,Milkshake,3,28,1,0
3731,2024-02-18 16:43:57,Classic Burger,2,45,1,0
3731,2024-02-18 16:43:57,Soft Drink,3,15,1,0
3731,2024-02-18 16:43:57,Onion Rings,3,22,1,0
3731,2024-02-18 16:43:57,Fries,1,20,1,0
3732,2024-02-18 19:19:56,Cheese Burger,3,50,1,0
3732,2024-02-18 19:19:56,Fries,3,20,1,0
3732,2024-02-18 19:19:56,Chicken Nuggets,2,30,1,0
3733,2024-02-18 14:54:28,Fries,3,20,1,0
3733,2024-02-18 14:54:28,Cheese Burger,2,50,1,0
3734,2024-02-18 20:30:34,Fries,3,20,1,0
3734,2024-02-18 20:30:34,Cheese Burger,2,50,1,0
3734,2024-02-18 20:30:34,Double Burger,1,65,1,0
3734,2024-02-18 20:30:34,Chicken Nuggets,2,30,1,0
3734,2024-02-18 20:30:34,Onion Rings,2,22,1,0
3735,2024-02-18 19:10:18,Ice Cream,3,18,1,0
3735,2024-02-18 19:10:18,Chicken Burger,3,55,1,0
3735,2024-02-18 19:10:18,Classic Burger,2,45,1,0
3735,2024-02-18 19:10:18,Milkshake,2,28,1,0
3736,2024-02-18 17:35:06,Chicken Nuggets,3,30,1,0
3736,2024-02-18 17:35:06,Chicken Burger,1,55,1,0
3737,2024-02-18 15:08:33,Chicken Nuggets,1,30,1,0
3737,2024-02-18 15:08:33,Ice Cream,3,18,1,0
3737,2024-02-18 15:08:33,Onion Rings,1,22,1,0
3737,2024-02-18 15:08:33,Milkshake,3,28,1,0
3737,2024-02-18 15:08:33,Classic Burger,2,45,1,0
3738,2024-02-18 15:26:24,Milkshake,1,28,1,0
3738,2024-02-18 15:26:24,Double Burger,3,65,1,0
3738,2024-02-18 15:26:24,Onion Rings,2,22,1,0
3738,2024-02-18 15:26:24,Fries,3,20,1,0
3739,2024-02-18 19:55:28,Milkshake,2,28,1,0
3739,2024-02-18 19:55:28,Soft Drink,3,15,1,0
3739,2024-02-18 19:55:28,Ice Cream,3,18,1,0
3739,2024-02-18 19:55:28,Fries,2,20,1,0
3739,2024-02-18 19:55:28,Chicken Nuggets,2,30,1,0
3740,2024-02-18 21:28:07,Onion Rings,1,22,1,0
3740,2024-02-18 21:28:07,Chicken Burger,1,55,1,0
3740,2024-02-18 21:28:07,Soft Drink,1,15,1,0
3741,2024-02-18 16:07:15,Onion Rings,1,22,1,0
3741,2024-02-18 16:07:15,Double Burger,2,65,1,0
3742,2024-02-18 19:08:04,Milkshake,2,28,1,0
3742,2024-02-18 19:08:04,Double Burger,1,65,1,0
3742,2024-02-18 19:08:04,Cheese Burger,1,50,1,0
3743,2024-02-18 11:48:30,Chicken Burger,2,55,1,0
3743,2024-02-18 11:48:30,Chicken Nuggets,3,30,1,0
3744,2024-02-18 16:35:06,Classic Burger,1,45,1,0
3745,2024-02-18 17:33:26,Double Burger,1,65,1,0
3745,2024-02-18 17:33:26,Soft Drink,1,15,1,0
3746,2024-02-18 15:59:07,Onion Rings,3,22,1,0
3747,2024-02-18 15:30:29,Chicken Nuggets,3,30,1,0
3747,2024-02-18 15:30:29,Double Burger,1,65,1,0
3747,2024-02-18 15:30:29,Cheese Burger,1,50,1,0
3748,2024-02-18 15:36:59,Milkshake,1,28,1,0
3749,2024-02-18 18:21:58,Milkshake,2,28,1,0
3749,2024-02-18 18:21:58,Soft Drink,2,15,1,0
3750,2024-02-18 17:21:53,Chicken Nuggets,1,30,1,0
3750,2024-02-18 17:21:53,Milkshake,3,28,1,0
3751,2024-02-18 11:12:48,Double Burger,2,65,1,0
3751,2024-02-18 11:12:48,Chicken Nuggets,3,30,1,0
3752,2024-02-18 11:57:54,Double Burger,3,65,1,0
3753,2024-02-18 16:49:04,Classic Burger,3,45,1,0
3753,2024-02-18 16:49:04,Double Burger,2,65,1,0
3753,2024-02-18 16:49:04,Onion Rings,1,22,1,0
3754,2024-02-18 19:26:30,Onion Rings,1,22,1,0
3754,2024-02-18 19:26:30,Soft Drink,3,15,1,0
3754,2024-02-18 19:26:30,Cheese Burger,2,50,1,0
3754,2024-02-18 19:26:30,Ice Cream,2,18,1,0
3754,2024-02-18 19:26:30,Classic Burger,3,45,1,0
3755,2024-02-18 10:04:08,Double Burger,1,65,1,0
3755,2024-02-18 10:04:08,Ice Cream,3,18,1,0
3755,2024-02-18 10:04:08,Classic Burger,1,45,1,0
3755,2024-02-18 10:04:08,Chicken Burger,1,55,1,0
3755,2024-02-18 10:04:08,Fries,3,20,1,0
3756,2024-02-18 16:53:49,Milkshake,3,28,1,0
3756,2024-02-18 16:53:49,Cheese Burger,1,50,1,0
3756,2024-02-18 16:53:49,Classic Burger,2,45,1,0
3756,2024-02-18 16:53:49,Chicken Nuggets,1,30,1,0
3757,2024-02-18 16:22:40,Ice Cream,2,18,1,0
3757,2024-02-18 16:22:40,Chicken Burger,1,55,1,0
3757,2024-02-18 16:22:40,Classic Burger,2,45,1,0
3757,2024-02-18 16:22:40,Cheese Burger,3,50,1,0
3757,2024-02-18 16:22:40,Soft Drink,1,15,1,0
3758,2024-02-18 22:34:21,Chicken Burger,2,55,1,0
3758,2024-02-18 22:34:21,Cheese Burger,1,50,1,0
3759,2024-02-18 16:32:04,Cheese Burger,3,50,1,0
3759,2024-02-18 16:32:04,Milkshake,1,28,1,0
3759,2024-02-18 16:32:04,Double Burger,3,65,1,0
3759,2024-02-18 16:32:04,Onion Rings,2,22,1,0
3759,2024-02-18 16:32:04,Ice Cream,3,18,1,0
3760,2024-02-18 19:33:03,Soft Drink,2,15,1,0
3760,2024-02-18 19:33:03,Milkshake,1,28,1,0
3760,2024-02-18 19:33:03,Onion Rings,1,22,1,0
3760,2024-02-18 19:33:03,Chicken Burger,3,55,1,0
3761,2024-02-18 18:39:47,Cheese Burger,2,50,1,0
3762,2024-02-18 11:47:02,Soft Drink,1,15,1,0
3762,2024-02-18 11:47:02,Double Burger,2,65,1,0
3762,2024-02-18 11:47:02,Classic Burger,1,45,1,0
3762,2024-02-18 11:47:02,Milkshake,3,28,1,0
3763,2024-02-18 20:24:20,Onion Rings,3,22,1,0
3764,2024-02-18 18:20:54,Classic Burger,3,45,1,0
3764,2024-02-18 18:20:54,Fries,1,20,1,0
3764,2024-02-18 18:20:54,Ice Cream,2,18,1,0
3764,2024-02-18 18:20:54,Soft Drink,1,15,1,0
3764,2024-02-18 18:20:54,Cheese Burger,1,50,1,0
3765,2024-02-18 19:15:02,Fries,1,20,1,0
3765,2024-02-18 19:15:02,Chicken Nuggets,1,30,1,0
3765,2024-02-18 19:15:02,Cheese Burger,3,50,1,0
3765,2024-02-18 19:15:02,Double Burger,2,65,1,0
3765,2024-02-18 19:15:02,Onion Rings,2,22,1,0
3766,2024-02-18 23:06:12,Cheese Burger,1,50,1,0
3767,2024-02-18 11:41:42,Chicken Nuggets,3,30,1,0
3768,2024-02-18 23:52:56,Milkshake,1,28,1,0
3768,2024-02-18 23:52:56,Classic Burger,3,45,1,0
3768,2024-02-18 23:52:56,Chicken Nuggets,1,30,1,0
3769,2024-02-18 17:09:56,Soft Drink,2,15,1,0
3769,2024-02-18 17:09:56,Onion Rings,3,22,1,0
3769,2024-02-18 17:09:56,Chicken Nuggets,3,30,1,0
3769,2024-02-18 17:09:56,Fries,1,20,1,0
3770,2024-02-18 18:47:41,Milkshake,1,28,1,0
3771,2024-02-18 17:04:01,Double Burger,2,65,1,0
3771,2024-02-18 17:04:01,Milkshake,1,28,1,0
3771,2024-02-18 17:04:01,Fries,2,20,1,0
3771,2024-02-18 17:04:01,Chicken Burger,1,55,1,0
3771,2024-02-18 17:04:01,Classic Burger,3,45,1,0
3772,2024-02-18 16:22:23,Milkshake,2,28,1,0
3772,2024-02-18 16:22:23,Soft Drink,2,15,1,0
3772,2024-02-18 16:22:23,Chicken Nuggets,2,30,1,0
3772,2024-02-18 16:22:23,Onion Rings,2,22,1,0
3772,2024-02-18 16:22:23,Fries,1,20,1,0
3773,2024-02-18 16:49:13,Milkshake,2,28,1,0
3773,2024-02-18 16:49:13,Fries,1,20,1,0
3774,2024-02-18 18:27:47,Cheese Burger,3,50,1,0
3774,2024-02-18 18:27:47,Chicken Nuggets,3,30,1,0
3774,2024-02-18 18:27:47,Ice Cream,2,18,1,0
3774,2024-02-18 18:27:47,Classic Burger,1,45,1,0
3775,2024-02-18 13:24:53,Cheese Burger,3,50,1,0
3775,2024-02-18 13:24:53,Chicken Burger,3,55,1,0
3775,2024-02-18 13:24:53,Chicken Nuggets,2,30,1,0
3776,2024-02-18 20:20:26,Soft Drink,2,15,1,0
3776,2024-02-18 20:20:26,Fries,3,20,1,0
3776,2024-02-18 20:20:26,Milkshake,2,28,1,0
3777,2024-02-18 16:02:11,Chicken Nuggets,2,30,1,0
3777,2024-02-18 16:02:11,Fries,3,20,1,0
3777,2024-02-18 16:02:11,Milkshake,3,28,1,0
3778,2024-02-18 14:54:02,Cheese Burger,3,50,1,0
3778,2024-02-18 14:54:02,Ice Cream,1,18,1,0
3778,2024-02-18 14:54:02,Classic Burger,2,45,1,0
3778,2024-02-18 14:54:02,Double Burger,2,65,1,0
3779,2024-02-18 16:28:22,Milkshake,1,28,1,0
3780,2024-02-18 21:21:29,Milkshake,1,28,1,0
3780,2024-02-18 21:21:29,Chicken Burger,2,55,1,0
3780,2024-02-18 21:21:29,Double Burger,2,65,1,0
3780,2024-02-18 21:21:29,Fries,2,20,1,0
3780,2024-02-18 21:21:29,Cheese Burger,1,50,1,0
3781,2024-02-18 16:30:51,Fries,2,20,1,0
3781,2024-02-18 16:30:51,Chicken Nuggets,2,30,1,0
3781,2024-02-18 16:30:51,Chicken Burger,1,55,1,0
3781,2024-02-18 16:30:51,Ice Cream,2,18,1,0
3781,2024-02-18 16:30:51,Onion Rings,2,22,1,0
3782,2024-02-18 19:34:08,Soft Drink,3,15,1,0
3782,2024-02-18 19:34:08,Cheese Burger,3,50,1,0
3783,2024-02-18 15:18:43,Double Burger,2,65,1,0
3783,2024-02-18 15:18:43,Cheese Burger,1,50,1,0
3783,2024-02-18 15:18:43,Classic Burger,2,45,1,0
3783,2024-02-18 15:18:43,Ice Cream,2,18,1,0
3783,2024-02-18 15:18:43,Milkshake,3,28,1,0
3784,2024-02-19 17:43:18,Soft Drink,3,15,1,0
3785,2024-02-19 20:03:48,Double Burger,1,65,1,0
3785,2024-02-19 20:03:48,Cheese Burger,3,50,1,0
3785,2024-02-19 20:03:48,Ice Cream,3,18,1,0
3785,2024-02-19 20:03:48,Soft Drink,2,15,1,0
3786,2024-02-19 18:41:59,Chicken Burger,3,55,1,0
3786,2024-02-19 18:41:59,Milkshake,3,28,1,0
3786,2024-02-19 18:41:59,Soft Drink,1,15,1,0
3786,2024-02-19 18:41:59,Ice Cream,3,18,1,0
3787,2024-02-19 21:17:08,Soft Drink,3,15,1,0
3787,2024-02-19 21:17:08,Milkshake,2,28,1,0
3787,2024-02-19 21:17:08,Classic Burger,3,45,1,0
3787,2024-02-19 21:17:08,Chicken Nuggets,2,30,1,0
3787,2024-02-19 21:17:08,Fries,1,20,1,0
3788,2024-02-19 15:10:59,Soft Drink,2,15,1,0
3789,2024-02-19 20:06:49,Milkshake,1,28,1,0
3789,2024-02-19 20:06:49,Double Burger,1,65,1,0
3789,2024-02-19 20:06:49,Onion Rings,1,22,1,0
3789,2024-02-19 20:06:49,Chicken Burger,1,55,1,0
3789,2024-02-19 20:06:49,Ice Cream,2,18,1,0
3790,2024-02-19 17:43:07,Cheese Burger,2,50,1,0
3790,2024-02-19 17:43:07,Onion Rings,2,22,1,0
3791,2024-02-19 17:48:44,Milkshake,3,28,1,0
3791,2024-02-19 17:48:44,Cheese Burger,1,50,1,0
3791,2024-02-19 17:48:44,Fries,3,20,1,0
3792,2024-02-19 18:39:12,Chicken Burger,2,55,1,0
3792,2024-02-19 18:39:12,Milkshake,2,28,1,0
3792,2024-02-19 18:39:12,Chicken Nuggets,1,30,1,0
3793,2024-02-19 18:37:23,Cheese Burger,2,50,1,0
3793,2024-02-19 18:37:23,Onion Rings,1,22,1,0
3794,2024-02-19 17:50:12,Classic Burger,3,45,1,0
3794,2024-02-19 17:50:12,Ice Cream,2,18,1,0
3794,2024-02-19 17:50:12,Soft Drink,3,15,1,0
3795,2024-02-19 18:06:04,Onion Rings,2,22,1,0
3795,2024-02-19 18:06:04,Ice Cream,2,18,1,0
3796,2024-02-19 22:40:51,Classic Burger,2,45,1,0
3796,2024-02-19 22:40:51,Ice Cream,3,18,1,0
3797,2024-02-19 20:30:42,Double Burger,1,65,1,0
3797,2024-02-19 20:30:42,Ice Cream,2,18,1,0
3797,2024-02-19 20:30:42,Onion Rings,3,22,1,0
3797,2024-02-19 20:30:42,Milkshake,1,28,1,0
3798,2024-02-19 20:20:50,Chicken Burger,1,55,1,0
3799,2024-02-19 16:31:17,Chicken Nuggets,2,30,1,0
3799,2024-02-19 16:31:17,Cheese Burger,2,50,1,0
3799,2024-02-19 16:31:17,Chicken Burger,3,55,1,0
3799,2024-02-19 16:31:17,Milkshake,1,28,1,0
3799,2024-02-19 16:31:17,Onion Rings,1,22,1,0
3800,2024-02-19 15:08:31,Ice Cream,2,18,1,0
3800,2024-02-19 15:08:31,Soft Drink,1,15,1,0
3800,2024-02-19 15:08:31,Fries,2,20,1,0
3800,2024-02-19 15:08:31,Double Burger,1,65,1,0
3801,2024-02-19 20:55:03,Double Burger,2,65,1,0
3801,2024-02-19 20:55:03,Ice Cream,1,18,1,0
3801,2024-02-19 20:55:03,Cheese Burger,3,50,1,0
3801,2024-02-19 20:55:03,Milkshake,2,28,1,0
3801,2024-02-19 20:55:03,Fries,2,20,1,0
3802,2024-02-19 20:12:59,Double Burger,3,65,1,0
3803,2024-02-19 22:26:13,Ice Cream,1,18,1,0
3804,2024-02-19 16:49:37,Classic Burger,2,45,1,0
3804,2024-02-19 16:49:37,Ice Cream,3,18,1,0
3804,2024-02-19 16:49:37,Milkshake,2,28,1,0
3804,2024-02-19 16:49:37,Soft Drink,2,15,1,0
3804,2024-02-19 16:49:37,Cheese Burger,2,50,1,0
3805,2024-02-19 17:06:00,Fries,3,20,1,0
3806,2024-02-19 13:10:18,Fries,3,20,1,0
3806,2024-02-19 13:10:18,Onion Rings,3,22,1,0
3807,2024-02-19 16:49:55,Fries,2,20,1,0
3807,2024-02-19 16:49:55,Onion Rings,3,22,1,0
3807,2024-02-19 16:49:55,Ice Cream,2,18,1,0
3807,2024-02-19 16:49:55,Chicken Nuggets,3,30,1,0
3808,2024-02-19 20:34:38,Classic Burger,2,45,1,0
3808,2024-02-19 20:34:38,Onion Rings,1,22,1,0
3808,2024-02-19 20:34:38,Chicken Nuggets,3,30,1,0
3809,2024-02-19 16:45:29,Ice Cream,3,18,1,0
3809,2024-02-19 16:45:29,Soft Drink,2,15,1,0
3809,2024-02-19 16:45:29,Cheese Burger,1,50,1,0
3809,2024-02-19 16:45:29,Onion Rings,1,22,1,0
3810,2024-02-19 19:27:51,Soft Drink,1,15,1,0
3811,2024-02-19 17:58:47,Chicken Nuggets,3,30,1,0
3811,2024-02-19 17:58:47,Double Burger,2,65,1,0
3811,2024-02-19 17:58:47,Onion Rings,1,22,1,0
3811,2024-02-19 17:58:47,Chicken Burger,3,55,1,0
3811,2024-02-19 17:58:47,Ice Cream,3,18,1,0
3812,2024-02-19 18:49:40,Milkshake,2,28,1,0
3813,2024-02-19 14:03:07,Milkshake,2,28,1,0
3813,2024-02-19 14:03:07,Soft Drink,1,15,1,0
3814,2024-02-19 18:17:43,Chicken Burger,1,55,1,0
3815,2024-02-19 10:27:03,Cheese Burger,3,50,1,0
3815,2024-02-19 10:27:03,Milkshake,1,28,1,0
3815,2024-02-19 10:27:03,Chicken Burger,2,55,1,0
3816,2024-02-19 17:10:25,Classic Burger,2,45,1,0
3816,2024-02-19 17:10:25,Chicken Nuggets,3,30,1,0
3817,2024-02-19 13:19:02,Milkshake,3,28,1,0
3817,2024-02-19 13:19:02,Double Burger,3,65,1,0
3817,2024-02-19 13:19:02,Chicken Nuggets,1,30,1,0
3817,2024-02-19 13:19:02,Ice Cream,2,18,1,0
3818,2024-02-19 21:47:31,Ice Cream,1,18,1,0
3818,2024-02-19 21:47:31,Milkshake,2,28,1,0
3819,2024-02-19 20:06:48,Milkshake,3,28,1,0
3819,2024-02-19 20:06:48,Cheese Burger,3,50,1,0
3819,2024-02-19 20:06:48,Ice Cream,1,18,1,0
3820,2024-02-19 19:21:02,Onion Rings,1,22,1,0
3820,2024-02-19 19:21:02,Ice Cream,1,18,1,0
3821,2024-02-19 22:25:48,Double Burger,1,65,1,0
3821,2024-02-19 22:25:48,Milkshake,3,28,1,0
3821,2024-02-19 22:25:48,Fries,2,20,1,0
3822,2024-02-19 15:14:05,Double Burger,3,65,1,0
3823,2024-02-19 23:56:11,Double Burger,1,65,1,0
3823,2024-02-19 23:56:11,Onion Rings,1,22,1,0
3823,2024-02-19 23:56:11,Chicken Burger,3,55,1,0
3824,2024-02-19 20:27:23,Onion Rings,1,22,1,0
3824,2024-02-19 20:27:23,Cheese Burger,2,50,1,0
3824,2024-02-19 20:27:23,Double Burger,3,65,1,0
3824,2024-02-19 20:27:23,Classic Burger,3,45,1,0
3824,2024-02-19 20:27:23,Ice Cream,3,18,1,0
3825,2024-02-19 17:53:52,Onion Rings,3,22,1,0
3826,2024-02-19 21:05:49,Soft Drink,2,15,1,0
3826,2024-02-19 21:05:49,Chicken Burger,2,55,1,0
3826,2024-02-19 21:05:49,Double Burger,2,65,1,0
3826,2024-02-19 21:05:49,Cheese Burger,2,50,1,0
3827,2024-02-19 14:50:35,Fries,2,20,1,0
3827,2024-02-19 14:50:35,Chicken Nuggets,1,30,1,0
3827,2024-02-19 14:50:35,Milkshake,3,28,1,0
3828,2024-02-19 15:55:24,Milkshake,2,28,1,0
3828,2024-02-19 15:55:24,Fries,1,20,1,0
3829,2024-02-19 16:59:25,Chicken Burger,2,55,1,0
3829,2024-02-19 16:59:25,Cheese Burger,3,50,1,0
3829,2024-02-19 16:59:25,Double Burger,3,65,1,0
3829,2024-02-19 16:59:25,Classic Burger,2,45,1,0
3829,2024-02-19 16:59:25,Chicken Nuggets,2,30,1,0
3830,2024-02-19 16:50:48,Double Burger,3,65,1,0
3831,2024-02-19 14:44:12,Cheese Burger,2,50,1,0
3831,2024-02-19 14:44:12,Onion Rings,1,22,1,0
3831,2024-02-19 14:44:12,Milkshake,3,28,1,0
3831,2024-02-19 14:44:12,Double Burger,2,65,1,0
3832,2024-02-19 21:11:05,Soft Drink,1,15,1,0
3833,2024-02-19 17:35:10,Classic Burger,1,45,1,0
3833,2024-02-19 17:35:10,Onion Rings,3,22,1,0
3834,2024-02-19 19:23:22,Milkshake,1,28,1,0
3834,2024-02-19 19:23:22,Soft Drink,2,15,1,0
3834,2024-02-19 19:23:22,Fries,3,20,1,0
3835,2024-02-19 16:13:23,Soft Drink,1,15,1,0
3835,2024-02-19 16:13:23,Chicken Burger,3,55,1,0
3836,2024-02-19 12:37:27,Double Burger,3,65,1,0
3836,2024-02-19 12:37:27,Fries,1,20,1,0
3836,2024-02-19 12:37:27,Soft Drink,2,15,1,0
3837,2024-02-19 18:19:34,Soft Drink,1,15,1,0
3837,2024-02-19 18:19:34,Milkshake,3,28,1,0
3837,2024-02-19 18:19:34,Onion Rings,1,22,1,0
3837,2024-02-19 18:19:34,Fries,1,20,1,0
3837,2024-02-19 18:19:34,Ice Cream,2,18,1,0
3838,2024-02-19 12:27:01,Double Burger,3,65,1,0
3838,2024-02-19 12:27:01,Classic Burger,3,45,1,0
3838,2024-02-19 12:27:01,Cheese Burger,1,50,1,0
3838,2024-02-19 12:27:01,Ice Cream,3,18,1,0
3838,2024-02-19 12:27:01,Milkshake,1,28,1,0
3839,2024-02-20 20:41:27,Fries,1,20,1,0
3839,2024-02-20 20:41:27,Double Burger,3,65,1,0
3840,2024-02-20 18:45:55,Milkshake,3,28,1,0
3840,2024-02-20 18:45:55,Chicken Nuggets,1,30,1,0
3840,2024-02-20 18:45:55,Soft Drink,3,15,1,0
3840,2024-02-20 18:45:55,Onion Rings,1,22,1,0
3840,2024-02-20 18:45:55,Double Burger,3,65,1,0
3841,2024-02-20 21:33:41,Double Burger,2,65,1,0
3841,2024-02-20 21:33:41,Cheese Burger,2,50,1,0
3841,2024-02-20 21:33:41,Chicken Nuggets,1,30,1,0
3841,2024-02-20 21:33:41,Chicken Burger,1,55,1,0
3842,2024-02-20 15:21:20,Classic Burger,3,45,1,0
3842,2024-02-20 15:21:20,Milkshake,2,28,1,0
3842,2024-02-20 15:21:20,Ice Cream,2,18,1,0
3842,2024-02-20 15:21:20,Onion Rings,1,22,1,0
3843,2024-02-20 19:03:28,Ice Cream,3,18,1,0
3844,2024-02-20 18:03:22,Soft Drink,2,15,1,0
3844,2024-02-20 18:03:22,Milkshake,2,28,1,0
3845,2024-02-20 18:58:50,Double Burger,2,65,1,0
3845,2024-02-20 18:58:50,Milkshake,3,28,1,0
3845,2024-02-20 18:58:50,Cheese Burger,3,50,1,0
3845,2024-02-20 18:58:50,Ice Cream,2,18,1,0
3846,2024-02-20 21:57:34,Soft Drink,2,15,1,0
3846,2024-02-20 21:57:34,Cheese Burger,1,50,1,0
3847,2024-02-20 20:41:43,Onion Rings,2,22,1,0
3847,2024-02-20 20:41:43,Classic Burger,2,45,1,0
3848,2024-02-20 18:53:02,Onion Rings,2,22,1,0
3848,2024-02-20 18:53:02,Double Burger,2,65,1,0
3849,2024-02-20 13:55:22,Classic Burger,3,45,1,0
3849,2024-02-20 13:55:22,Milkshake,3,28,1,0
3850,2024-02-20 15:42:36,Milkshake,2,28,1,0
3850,2024-02-20 15:42:36,Soft Drink,1,15,1,0
3850,2024-02-20 15:42:36,Chicken Nuggets,1,30,1,0
3851,2024-02-20 17:37:19,Chicken Burger,1,55,1,0
3851,2024-02-20 17:37:19,Ice Cream,2,18,1,0
3851,2024-02-20 17:37:19,Onion Rings,2,22,1,0
3851,2024-02-20 17:37:19,Double Burger,1,65,1,0
3851,2024-02-20 17:37:19,Fries,3,20,1,0
3852,2024-02-20 18:13:57,Fries,3,20,1,0
3852,2024-02-20 18:13:57,Milkshake,2,28,1,0
3852,2024-02-20 18:13:57,Ice Cream,1,18,1,0
3852,2024-02-20 18:13:57,Onion Rings,3,22,1,0
3852,2024-02-20 18:13:57,Double Burger,3,65,1,0
3853,2024-02-20 14:24:03,Chicken Burger,1,55,1,0
3853,2024-02-20 14:24:03,Ice Cream,1,18,1,0
3853,2024-02-20 14:24:03,Chicken Nuggets,3,30,1,0
3853,2024-02-20 14:24:03,Soft Drink,3,15,1,0
3853,2024-02-20 14:24:03,Cheese Burger,1,50,1,0
3854,2024-02-20 23:36:06,Classic Burger,3,45,1,0
3854,2024-02-20 23:36:06,Fries,3,20,1,0
3855,2024-02-20 22:44:30,Onion Rings,1,22,1,0
3855,2024-02-20 22:44:30,Chicken Nuggets,2,30,1,0
3855,2024-02-20 22:44:30,Fries,3,20,1,0
3856,2024-02-20 19:15:18,Onion Rings,2,22,1,0
3856,2024-02-20 19:15:18,Soft Drink,3,15,1,0
3857,2024-02-20 18:25:46,Soft Drink,1,15,1,0
3857,2024-02-20 18:25:46,Chicken Burger,1,55,1,0
3858,2024-02-20 17:22:21,Chicken Burger,1,55,1,0
3858,2024-02-20 17:22:21,Chicken Nuggets,1,30,1,0
3858,2024-02-20 17:22:21,Double Burger,2,65,1,0
3859,2024-02-20 15:31:54,Soft Drink,2,15,1,0
3859,2024-02-20 15:31:54,Ice Cream,1,18,1,0
3859,2024-02-20 15:31:54,Chicken Nuggets,2,30,1,0
3859,2024-02-20 15:31:54,Fries,3,20,1,0
3860,2024-02-20 18:54:45,Onion Rings,3,22,1,0
3860,2024-02-20 18:54:45,Double Burger,3,65,1,0
3860,2024-02-20 18:54:45,Chicken Burger,1,55,1,0
3861,2024-02-20 18:57:09,Onion Rings,1,22,1,0
3861,2024-02-20 18:57:09,Chicken Nuggets,2,30,1,0
3861,2024-02-20 18:57:09,Cheese Burger,1,50,1,0
3861,2024-02-20 18:57:09,Double Burger,2,65,1,0
3862,2024-02-20 14:05:35,Milkshake,3,28,1,0
3862,2024-02-20 14:05:35,Chicken Nuggets,2,30,1,0
3862,2024-02-20 14:05:35,Fries,2,20,1,0
3862,2024-02-20 14:05:35,Double Burger,2,65,1,0
3863,2024-02-20 19:30:43,Double Burger,3,65,1,0
3863,2024-02-20 19:30:43,Ice Cream,1,18,1,0
3864,2024-02-20 17:21:55,Chicken Burger,1,55,1,0
3864,2024-02-20 17:21:55,Ice Cream,2,18,1,0
3865,2024-02-20 12:33:03,Chicken Nuggets,2,30,1,0
3865,2024-02-20 12:33:03,Soft Drink,3,15,1,0
3865,2024-02-20 12:33:03,Cheese Burger,3,50,1,0
3865,2024-02-20 12:33:03,Chicken Burger,2,55,1,0
3866,2024-02-20 15:54:29,Chicken Burger,1,55,1,0
3867,2024-02-20 16:57:02,Soft Drink,3,15,1,0
3867,2024-02-20 16:57:02,Double Burger,2,65,1,0
3867,2024-02-20 16:57:02,Milkshake,1,28,1,0
3867,2024-02-20 16:57:02,Chicken Nuggets,3,30,1,0
3868,2024-02-20 23:32:44,Milkshake,2,28,1,0
3869,2024-02-20 19:37:57,Double Burger,3,65,1,0
3869,2024-02-20 19:37:57,Fries,3,20,1,0
3869,2024-02-20 19:37:57,Ice Cream,1,18,1,0
3869,2024-02-20 19:37:57,Milkshake,3,28,1,0
3870,2024-02-20 13:04:41,Chicken Burger,3,55,1,0
3870,2024-02-20 13:04:41,Double Burger,3,65,1,0
3871,2024-02-20 19:37:04,Chicken Nuggets,2,30,1,0
3871,2024-02-20 19:37:04,Double Burger,1,65,1,0
3872,2024-02-20 13:46:12,Soft Drink,3,15,1,0
3873,2024-02-20 21:16:17,Onion Rings,3,22,1,0
3873,2024-02-20 21:16:17,Soft Drink,2,15,1,0
3873,2024-02-20 21:16:17,Ice Cream,1,18,1,0
3873,2024-02-20 21:16:17,Chicken Burger,2,55,1,0
3873,2024-02-20 21:16:17,Fries,3,20,1,0
3874,2024-02-20 16:11:17,Chicken Burger,2,55,1,0
3874,2024-02-20 16:11:17,Milkshake,3,28,1,0
3874,2024-02-20 16:11:17,Classic Burger,2,45,1,0
3874,2024-02-20 16:11:17,Fries,2,20,1,0
3875,2024-02-20 17:17:19,Soft Drink,1,15,1,0
3875,2024-02-20 17:17:19,Ice Cream,2,18,1,0
3876,2024-02-20 21:39:27,Cheese Burger,1,50,1,0
3876,2024-02-20 21:39:27,Double Burger,2,65,1,0
3876,2024-02-20 21:39:27,Ice Cream,1,18,1,0
3877,2024-02-20 14:59:06,Classic Burger,2,45,1,0
3877,2024-02-20 14:59:06,Fries,1,20,1,0
3877,2024-02-20 14:59:06,Onion Rings,1,22,1,0
3878,2024-02-20 13:29:11,Classic Burger,2,45,1,0
3878,2024-02-20 13:29:11,Ice Cream,3,18,1,0
3878,2024-02-20 13:29:11,Fries,2,20,1,0
3879,2024-02-20 16:15:50,Cheese Burger,2,50,1,0
3879,2024-02-20 16:15:50,Classic Burger,1,45,1,0
3879,2024-02-20 16:15:50,Soft Drink,3,15,1,0
3879,2024-02-20 16:15:50,Onion Rings,2,22,1,0
3880,2024-02-20 21:23:30,Fries,2,20,1,0
3880,2024-02-20 21:23:30,Double Burger,1,65,1,0
3880,2024-02-20 21:23:30,Ice Cream,3,18,1,0
3881,2024-02-20 13:27:40,Milkshake,2,28,1,0
3881,2024-02-20 13:27:40,Double Burger,1,65,1,0
3881,2024-02-20 13:27:40,Ice Cream,2,18,1,0
3881,2024-02-20 13:27:40,Cheese Burger,2,50,1,0
3881,2024-02-20 13:27:40,Soft Drink,1,15,1,0
3882,2024-02-20 10:00:48,Cheese Burger,2,50,1,0
3883,2024-02-20 16:58:43,Onion Rings,2,22,1,0
3883,2024-02-20 16:58:43,Chicken Burger,1,55,1,0
3883,2024-02-20 16:58:43,Classic Burger,2,45,1,0
3883,2024-02-20 16:58:43,Chicken Nuggets,2,30,1,0
3884,2024-02-20 19:35:48,Soft Drink,1,15,1,0
3884,2024-02-20 19:35:48,Milkshake,3,28,1,0
3884,2024-02-20 19:35:48,Chicken Burger,1,55,1,0
3885,2024-02-20 21:49:11,Classic Burger,2,45,1,0
3885,2024-02-20 21:49:11,Onion Rings,1,22,1,0
3885,2024-02-20 21:49:11,Cheese Burger,3,50,1,0
3885,2024-02-20 21:49:11,Ice Cream,3,18,1,0
3886,2024-02-20 16:02:55,Chicken Burger,1,55,1,0
3886,2024-02-20 16:02:55,Double Burger,3,65,1,0
3886,2024-02-20 16:02:55,Ice Cream,3,18,1,0
3886,2024-02-20 16:02:55,Classic Burger,3,45,1,0
3887,2024-02-20 16:00:05,Milkshake,1,28,1,0
3887,2024-02-20 16:00:05,Classic Burger,2,45,1,0
3888,2024-02-21 18:09:19,Milkshake,3,28,1,0
3889,2024-02-21 19:43:37,Milkshake,2,28,1,0
3889,2024-02-21 19:43:37,Ice Cream,1,18,1,0
3889,2024-02-21 19:43:37,Classic Burger,1,45,1,0
3889,2024-02-21 19:43:37,Chicken Nuggets,1,30,1,0
3890,2024-02-21 16:20:32,Classic Burger,3,45,1,0
3890,2024-02-21 16:20:32,Double Burger,1,65,1,0
3890,2024-02-21 16:20:32,Soft Drink,1,15,1,0
3891,2024-02-21 18:48:52,Ice Cream,3,18,1,0
3891,2024-02-21 18:48:52,Soft Drink,3,15,1,0
3891,2024-02-21 18:48:52,Classic Burger,1,45,1,0
3892,2024-02-21 10:04:33,Fries,3,20,1,0
3892,2024-02-21 10:04:33,Milkshake,3,28,1,0
3892,2024-02-21 10:04:33,Double Burger,3,65,1,0
3892,2024-02-21 10:04:33,Ice Cream,2,18,1,0
3892,2024-02-21 10:04:33,Onion Rings,1,22,1,0
3893,2024-02-21 16:44:34,Classic Burger,1,45,1,0
3893,2024-02-21 16:44:34,Chicken Nuggets,1,30,1,0
3893,2024-02-21 16:44:34,Cheese Burger,3,50,1,0
3894,2024-02-21 19:14:03,Chicken Nuggets,1,30,1,0
3894,2024-02-21 19:14:03,Milkshake,1,28,1,0
3894,2024-02-21 19:14:03,Double Burger,1,65,1,0
3894,2024-02-21 19:14:03,Chicken Burger,2,55,1,0
3895,2024-02-21 15:20:49,Double Burger,1,65,1,0
3895,2024-02-21 15:20:49,Chicken Burger,3,55,1,0
3896,2024-02-21 18:10:56,Double Burger,3,65,1,0
3897,2024-02-21 19:08:07,Milkshake,1,28,1,0
3897,2024-02-21 19:08:07,Chicken Nuggets,3,30,1,0
3897,2024-02-21 19:08:07,Classic Burger,1,45,1,0
3897,2024-02-21 19:08:07,Fries,3,20,1,0
3898,2024-02-21 16:50:11,Ice Cream,3,18,1,0
3898,2024-02-21 16:50:11,Double Burger,3,65,1,0
3898,2024-02-21 16:50:11,Fries,2,20,1,0
3898,2024-02-21 16:50:11,Cheese Burger,2,50,1,0
3899,2024-02-21 18:01:45,Onion Rings,1,22,1,0
3899,2024-02-21 18:01:45,Double Burger,3,65,1,0
3899,2024-02-21 18:01:45,Chicken Burger,3,55,1,0
3900,2024-02-21 15:06:56,Chicken Burger,2,55,1,0
3900,2024-02-21 15:06:56,Double Burger,3,65,1,0
3900,2024-02-21 15:06:56,Soft Drink,3,15,1,0
3900,2024-02-21 15:06:56,Classic Burger,1,45,1,0
3900,2024-02-21 15:06:56,Chicken Nuggets,3,30,1,0
3901,2024-02-21 17:18:18,Chicken Nuggets,1,30,1,0
3901,2024-02-21 17:18:18,Fries,1,20,1,0
3901,2024-02-21 17:18:18,Ice Cream,2,18,1,0
3901,2024-02-21 17:18:18,Cheese Burger,1,50,1,0
3901,2024-02-21 17:18:18,Onion Rings,1,22,1,0
3902,2024-02-21 19:31:41,Chicken Nuggets,2,30,1,0
3902,2024-02-21 19:31:41,Cheese Burger,2,50,1,0
3903,2024-02-21 18:48:38,Chicken Burger,3,55,1,0
3903,2024-02-21 18:48:38,Fries,2,20,1,0
3903,2024-02-21 18:48:38,Double Burger,1,65,1,0
3903,2024-02-21 18:48:38,Classic Burger,2,45,1,0
3904,2024-02-21 16:14:29,Ice Cream,1,18,1,0
3905,2024-02-21 18:57:52,Soft Drink,1,15,1,0
3905,2024-02-21 18:57:52,Double Burger,1,65,1,0
3906,2024-02-21 20:28:26,Onion Rings,2,22,1,0
3906,2024-02-21 20:28:26,Cheese Burger,3,50,1,0
3906,2024-02-21 20:28:26,Ice Cream,1,18,1,0
3907,2024-02-21 11:03:16,Milkshake,3,28,1,0
3907,2024-02-21 11:03:16,Cheese Burger,3,50,1,0
3907,2024-02-21 11:03:16,Chicken Burger,1,55,1,0
3907,2024-02-21 11:03:16,Ice Cream,2,18,1,0
3907,2024-02-21 11:03:16,Classic Burger,2,45,1,0
3908,2024-02-21 21:31:17,Onion Rings,1,22,1,0
3909,2024-02-21 16:45:32,Classic Burger,1,45,1,0
3909,2024-02-21 16:45:32,Onion Rings,2,22,1,0
3910,2024-02-21 19:38:46,Fries,2,20,1,0
3910,2024-02-21 19:38:46,Milkshake,2,28,1,0
3910,2024-02-21 19:38:46,Onion Rings,3,22,1,0
3910,2024-02-21 19:38:46,Double Burger,2,65,1,0
3910,2024-02-21 19:38:46,Classic Burger,1,45,1,0
3911,2024-02-21 21:21:54,Cheese Burger,1,50,1,0
3911,2024-02-21 21:21:54,Milkshake,3,28,1,0
3912,2024-02-21 13:14:39,Chicken Nuggets,1,30,1,0
3912,2024-02-21 13:14:39,Double Burger,3,65,1,0
3912,2024-02-21 13:14:39,Fries,3,20,1,0
3912,2024-02-21 13:14:39,Classic Burger,2,45,1,0
3913,2024-02-21 15:31:01,Chicken Nuggets,1,30,1,0
3913,2024-02-21 15:31:01,Double Burger,2,65,1,0
3913,2024-02-21 15:31:01,Chicken Burger,1,55,1,0
3914,2024-02-21 17:32:03,Milkshake,3,28,1,0
3914,2024-02-21 17:32:03,Classic Burger,2,45,1,0
3915,2024-02-21 15:41:22,Onion Rings,2,22,1,0
3915,2024-02-21 15:41:22,Ice Cream,3,18,1,0
3915,2024-02-21 15:41:22,Milkshake,1,28,1,0
3915,2024-02-21 15:41:22,Soft Drink,2,15,1,0
3915,2024-02-21 15:41:22,Fries,2,20,1,0
3916,2024-02-21 23:24:34,Double Burger,1,65,1,0
3916,2024-02-21 23:24:34,Chicken Nuggets,3,30,1,0
3916,2024-02-21 23:24:34,Cheese Burger,3,50,1,0
3916,2024-02-21 23:24:34,Classic Burger,3,45,1,0
3917,2024-02-21 15:37:08,Cheese Burger,2,50,1,0
3917,2024-02-21 15:37:08,Double Burger,3,65,1,0
3917,2024-02-21 15:37:08,Onion Rings,2,22,1,0
3917,2024-02-21 15:37:08,Soft Drink,2,15,1,0
3917,2024-02-21 15:37:08,Chicken Nuggets,1,30,1,0
3918,2024-02-21 16:24:25,Milkshake,1,28,1,0
3919,2024-02-21 18:25:58,Soft Drink,3,15,1,0
3919,2024-02-21 18:25:58,Chicken Nuggets,3,30,1,0
3919,2024-02-21 18:25:58,Fries,2,20,1,0
3920,2024-02-21 14:57:05,Chicken Burger,2,55,1,0
3920,2024-02-21 14:57:05,Classic Burger,3,45,1,0
3920,2024-02-21 14:57:05,Ice Cream,2,18,1,0
3921,2024-02-21 16:10:10,Soft Drink,2,15,1,0
3921,2024-02-21 16:10:10,Fries,2,20,1,0
3921,2024-02-21 16:10:10,Onion Rings,2,22,1,0
3922,2024-02-21 18:11:48,Ice Cream,3,18,1,0
3922,2024-02-21 18:11:48,Soft Drink,2,15,1,0
3923,2024-02-21 17:33:44,Chicken Burger,3,55,1,0
3923,2024-02-21 17:33:44,Chicken Nuggets,2,30,1,0
3923,2024-02-21 17:33:44,Cheese Burger,1,50,1,0
3923,2024-02-21 17:33:44,Milkshake,3,28,1,0
3924,2024-02-21 17:39:37,Chicken Burger,2,55,1,0
3924,2024-02-21 17:39:37,Milkshake,1,28,1,0
3924,2024-02-21 17:39:37,Cheese Burger,2,50,1,0
3924,2024-02-21 17:39:37,Classic Burger,3,45,1,0
3924,2024-02-21 17:39:37,Soft Drink,1,15,1,0
3925,2024-02-21 16:28:16,Milkshake,3,28,1,0
3926,2024-02-21 13:00:43,Milkshake,3,28,1,0
3927,2024-02-21 18:55:19,Double Burger,2,65,1,0
3927,2024-02-21 18:55:19,Chicken Burger,3,55,1,0
3927,2024-02-21 18:55:19,Soft Drink,2,15,1,0
3927,2024-02-21 18:55:19,Fries,2,20,1,0
3928,2024-02-21 23:31:28,Cheese Burger,3,50,1,0
3928,2024-02-21 23:31:28,Onion Rings,1,22,1,0
3928,2024-02-21 23:31:28,Chicken Burger,2,55,1,0
3928,2024-02-21 23:31:28,Classic Burger,2,45,1,0
3929,2024-02-21 18:22:07,Ice Cream,1,18,1,0
3929,2024-02-21 18:22:07,Soft Drink,3,15,1,0
3930,2024-02-21 18:30:01,Cheese Burger,1,50,1,0
3930,2024-02-21 18:30:01,Double Burger,1,65,1,0
3930,2024-02-21 18:30:01,Chicken Burger,2,55,1,0
3930,2024-02-21 18:30:01,Ice Cream,3,18,1,0
3931,2024-02-21 20:28:01,Cheese Burger,2,50,1,0
3931,2024-02-21 20:28:01,Onion Rings,3,22,1,0
3931,2024-02-21 20:28:01,Fries,3,20,1,0
3932,2024-02-21 14:24:46,Classic Burger,3,45,1,0
3932,2024-02-21 14:24:46,Chicken Nuggets,1,30,1,0
3932,2024-02-21 14:24:46,Onion Rings,3,22,1,0
3932,2024-02-21 14:24:46,Ice Cream,3,18,1,0
3933,2024-02-21 23:40:54,Classic Burger,1,45,1,0
3933,2024-02-21 23:40:54,Fries,2,20,1,0
3933,2024-02-21 23:40:54,Chicken Burger,1,55,1,0
3933,2024-02-21 23:40:54,Soft Drink,1,15,1,0
3933,2024-02-21 23:40:54,Milkshake,2,28,1,0
3934,2024-02-21 18:25:41,Ice Cream,3,18,1,0
3934,2024-02-21 18:25:41,Double Burger,1,65,1,0
3934,2024-02-21 18:25:41,Onion Rings,2,22,1,0
3934,2024-02-21 18:25:41,Classic Burger,3,45,1,0
3934,2024-02-21 18:25:41,Milkshake,2,28,1,0
3935,2024-02-21 22:19:00,Fries,1,20,1,0
3935,2024-02-21 22:19:00,Cheese Burger,3,50,1,0
3935,2024-02-21 22:19:00,Milkshake,3,28,1,0
3935,2024-02-21 22:19:00,Onion Rings,2,22,1,0
3936,2024-02-21 15:34:23,Soft Drink,3,15,1,0
3936,2024-02-21 15:34:23,Milkshake,1,28,1,0
3936,2024-02-21 15:34:23,Double Burger,2,65,1,0
3936,2024-02-21 15:34:23,Chicken Burger,1,55,1,0
3936,2024-02-21 15:34:23,Chicken Nuggets,1,30,1,0
3937,2024-02-21 23:41:45,Milkshake,1,28,1,0
3937,2024-02-21 23:41:45,Chicken Burger,2,55,1,0
3937,2024-02-21 23:41:45,Classic Burger,2,45,1,0
3937,2024-02-21 23:41:45,Ice Cream,1,18,1,0
3938,2024-02-21 20:36:11,Soft Drink,2,15,1,0
3938,2024-02-21 20:36:11,Double Burger,2,65,1,0
3939,2024-02-21 19:35:43,Ice Cream,1,18,1,0
3939,2024-02-21 19:35:43,Soft Drink,2,15,1,0
3939,2024-02-21 19:35:43,Fries,3,20,1,0
3940,2024-02-21 18:52:00,Soft Drink,2,15,1,0
3940,2024-02-21 18:52:00,Milkshake,1,28,1,0
3940,2024-02-21 18:52:00,Double Burger,2,65,1,0
3940,2024-02-21 18:52:00,Onion Rings,1,22,1,0
3940,2024-02-21 18:52:00,Classic Burger,1,45,1,0
3941,2024-02-21 17:50:47,Double Burger,3,65,1,0
3941,2024-02-21 17:50:47,Cheese Burger,1,50,1,0
3941,2024-02-21 17:50:47,Chicken Nuggets,3,30,1,0
3942,2024-02-21 21:48:37,Ice Cream,3,18,1,0
3943,2024-02-21 18:15:39,Onion Rings,1,22,1,0
3943,2024-02-21 18:15:39,Classic Burger,3,45,1,0
3943,2024-02-21 18:15:39,Cheese Burger,3,50,1,0
3944,2024-02-21 12:00:12,Onion Rings,2,22,1,0
3944,2024-02-21 12:00:12,Fries,1,20,1,0
3944,2024-02-21 12:00:12,Milkshake,1,28,1,0
3944,2024-02-21 12:00:12,Double Burger,1,65,1,0
3944,2024-02-21 12:00:12,Cheese Burger,2,50,1,0
3945,2024-02-21 14:24:46,Milkshake,1,28,1,0
3945,2024-02-21 14:24:46,Soft Drink,1,15,1,0
3945,2024-02-21 14:24:46,Chicken Nuggets,3,30,1,0
3946,2024-02-22 21:13:02,Chicken Nuggets,1,30,1,0
3946,2024-02-22 21:13:02,Chicken Burger,1,55,1,0
3946,2024-02-22 21:13:02,Classic Burger,2,45,1,0
3947,2024-02-22 12:04:55,Fries,2,20,1,0
3948,2024-02-22 18:18:46,Ice Cream,1,18,1,0
3948,2024-02-22 18:18:46,Double Burger,2,65,1,0
3948,2024-02-22 18:18:46,Soft Drink,1,15,1,0
3949,2024-02-22 12:52:10,Ice Cream,1,18,1,0
3949,2024-02-22 12:52:10,Onion Rings,2,22,1,0
3950,2024-02-22 20:43:28,Chicken Nuggets,2,30,1,0
3951,2024-02-22 17:54:34,Soft Drink,1,15,1,0
3951,2024-02-22 17:54:34,Onion Rings,3,22,1,0
3952,2024-02-22 19:31:37,Classic Burger,1,45,1,0
3952,2024-02-22 19:31:37,Chicken Nuggets,1,30,1,0
3952,2024-02-22 19:31:37,Soft Drink,2,15,1,0
3952,2024-02-22 19:31:37,Cheese Burger,3,50,1,0
3952,2024-02-22 19:31:37,Double Burger,2,65,1,0
3953,2024-02-22 15:41:46,Cheese Burger,2,50,1,0
3953,2024-02-22 15:41:46,Onion Rings,1,22,1,0
3954,2024-02-22 21:34:05,Soft Drink,2,15,1,0
3954,2024-02-22 21:34:05,Cheese Burger,1,50,1,0
3954,2024-02-22 21:34:05,Double Burger,1,65,1,0
3954,2024-02-22 21:34:05,Ice Cream,3,18,1,0
3954,2024-02-22 21:34:05,Classic Burger,3,45,1,0
3955,2024-02-22 21:04:02,Double Burger,2,65,1,0
3956,2024-02-22 19:21:33,Onion Rings,2,22,1,0
3956,2024-02-22 19:21:33,Chicken Burger,1,55,1,0
3957,2024-02-22 17:32:03,Chicken Nuggets,1,30,1,0
3958,2024-02-22 19:39:56,Fries,3,20,1,0
3959,2024-02-22 15:48:04,Chicken Nuggets,2,30,1,0
3959,2024-02-22 15:48:04,Cheese Burger,3,50,1,0
3959,2024-02-22 15:48:04,Milkshake,2,28,1,0
3959,2024-02-22 15:48:04,Chicken Burger,2,55,1,0
3960,2024-02-22 20:23:07,Ice Cream,1,18,1,0
3961,2024-02-22 22:19:03,Cheese Burger,2,50,1,0
3961,2024-02-22 22:19:03,Soft Drink,3,15,1,0
3961,2024-02-22 22:19:03,Milkshake,1,28,1,0
3961,2024-02-22 22:19:03,Chicken Burger,1,55,1,0
3961,2024-02-22 22:19:03,Onion Rings,2,22,1,0
3962,2024-02-22 21:11:52,Milkshake,2,28,1,0
3962,2024-02-22 21:11:52,Fries,3,20,1,0
3962,2024-02-22 21:11:52,Chicken Nuggets,1,30,1,0
3963,2024-02-22 15:03:08,Soft Drink,3,15,1,0
3963,2024-02-22 15:03:08,Cheese Burger,2,50,1,0
3964,2024-02-22 19:22:22,Onion Rings,1,22,1,0
3964,2024-02-22 19:22:22,Milkshake,2,28,1,0
3964,2024-02-22 19:22:22,Soft Drink,3,15,1,0
3964,2024-02-22 19:22:22,Chicken Burger,2,55,1,0
3965,2024-02-22 14:23:47,Cheese Burger,3,50,1,0
3965,2024-02-22 14:23:47,Chicken Nuggets,1,30,1,0
3965,2024-02-22 14:23:47,Milkshake,1,28,1,0
3965,2024-02-22 14:23:47,Soft Drink,2,15,1,0
3965,2024-02-22 14:23:47,Onion Rings,2,22,1,0
3966,2024-02-22 19:40:00,Double Burger,2,65,1,0
3966,2024-02-22 19:40:00,Onion Rings,3,22,1,0
3966,2024-02-22 19:40:00,Soft Drink,1,15,1,0
3966,2024-02-22 19:40:00,Fries,1,20,1,0
3967,2024-02-22 19:07:25,Chicken Nuggets,1,30,1,0
3968,2024-02-22 12:20:21,Soft Drink,2,15,1,0
3968,2024-02-22 12:20:21,Milkshake,3,28,1,0
3968,2024-02-22 12:20:21,Chicken Nuggets,1,30,1,0
3968,2024-02-22 12:20:21,Classic Burger,1,45,1,0
3968,2024-02-22 12:20:21,Ice Cream,1,18,1,0
3969,2024-02-22 14:27:20,Cheese Burger,2,50,1,0
3970,2024-02-22 17:11:35,Milkshake,1,28,1,0
3970,2024-02-22 17:11:35,Onion Rings,1,22,1,0
3970,2024-02-22 17:11:35,Soft Drink,2,15,1,0
3970,2024-02-22 17:11:35,Fries,1,20,1,0
3971,2024-02-22 17:14:50,Milkshake,1,28,1,0
3971,2024-02-22 17:14:50,Cheese Burger,2,50,1,0
3972,2024-02-22 14:26:40,Onion Rings,1,22,1,0
3972,2024-02-22 14:26:40,Ice Cream,1,18,1,0
3972,2024-02-22 14:26:40,Chicken Nuggets,1,30,1,0
3973,2024-02-22 19:09:34,Ice Cream,1,18,1,0
3973,2024-02-22 19:09:34,Cheese Burger,1,50,1,0
3974,2024-02-22 18:29:15,Ice Cream,3,18,1,0
3974,2024-02-22 18:29:15,Double Burger,3,65,1,0
3974,2024-02-22 18:29:15,Soft Drink,3,15,1,0
3974,2024-02-22 18:29:15,Chicken Nuggets,2,30,1,0
3974,2024-02-22 18:29:15,Chicken Burger,3,55,1,0
3975,2024-02-22 17:55:45,Double Burger,1,65,1,0
3975,2024-02-22 17:55:45,Ice Cream,1,18,1,0
3975,2024-02-22 17:55:45,Milkshake,1,28,1,0
3976,2024-02-22 15:16:52,Fries,2,20,1,0
3977,2024-02-22 21:15:51,Classic Burger,3,45,1,0
3977,2024-02-22 21:15:51,Cheese Burger,3,50,1,0
3977,2024-02-22 21:15:51,Ice Cream,1,18,1,0
3977,2024-02-22 21:15:51,Double Burger,3,65,1,0
3978,2024-02-22 22:28:43,Chicken Nuggets,3,30,1,0
3978,2024-02-22 22:28:43,Milkshake,2,28,1,0
3978,2024-02-22 22:28:43,Soft Drink,2,15,1,0
3979,2024-02-22 16:07:11,Double Burger,1,65,1,0
3979,2024-02-22 16:07:11,Onion Rings,3,22,1,0
3980,2024-02-22 16:27:31,Soft Drink,1,15,1,0
3980,2024-02-22 16:27:31,Fries,2,20,1,0
3980,2024-02-22 16:27:31,Classic Burger,3,45,1,0
3981,2024-02-22 19:18:40,Classic Burger,3,45,1,0
3982,2024-02-22 16:48:00,Chicken Burger,3,55,1,0
3983,2024-02-22 17:59:31,Soft Drink,1,15,1,0
3984,2024-02-22 20:31:56,Chicken Burger,2,55,1,0
3984,2024-02-22 20:31:56,Fries,1,20,1,0
3984,2024-02-22 20:31:56,Chicken Nuggets,2,30,1,0
3984,2024-02-22 20:31:56,Double Burger,2,65,1,0
3985,2024-02-22 12:22:13,Classic Burger,3,45,1,0
3985,2024-02-22 12:22:13,Chicken Nuggets,2,30,1,0
3985,2024-02-22 12:22:13,Cheese Burger,3,50,1,0
3985,2024-02-22 12:22:13,Chicken Burger,1,55,1,0
3985,2024-02-22 12:22:13,Onion Rings,3,22,1,0
3986,2024-02-22 21:49:17,Ice Cream,2,18,1,0
3986,2024-02-22 21:49:17,Chicken Burger,3,55,1,0
3986,2024-02-22 21:49:17,Onion Rings,3,22,1,0
3986,2024-02-22 21:49:17,Double Burger,3,65,1,0
3986,2024-02-22 21:49:17,Fries,3,20,1,0
3987,2024-02-22 18:17:07,Classic Burger,2,45,1,0
3987,2024-02-22 18:17:07,Chicken Nuggets,2,30,1,0
3987,2024-02-22 18:17:07,Fries,3,20,1,0
3987,2024-02-22 18:17:07,Chicken Burger,2,55,1,0
3987,2024-02-22 18:17:07,Onion Rings,3,22,1,0
3988,2024-02-22 16:31:59,Chicken Burger,3,55,1,0
3989,2024-02-22 17:50:37,Classic Burger,2,45,1,0
3989,2024-02-22 17:50:37,Chicken Nuggets,1,30,1,0
3989,2024-02-22 17:50:37,Chicken Burger,2,55,1,0
3989,2024-02-22 17:50:37,Milkshake,2,28,1,0
3990,2024-02-22 17:59:08,Classic Burger,2,45,1,0
3990,2024-02-22 17:59:08,Double Burger,2,65,1,0
3990,2024-02-22 17:59:08,Cheese Burger,3,50,1,0
3990,2024-02-22 17:59:08,Chicken Burger,1,55,1,0
3990,2024-02-22 17:59:08,Ice Cream,1,18,1,0
3991,2024-02-22 12:18:18,Fries,1,20,1,0
3991,2024-02-22 12:18:18,Ice Cream,1,18,1,0
3992,2024-02-22 22:35:05,Cheese Burger,2,50,1,0
3992,2024-02-22 22:35:05,Milkshake,3,28,1,0
3992,2024-02-22 22:35:05,Fries,1,20,1,0
3992,2024-02-22 22:35:05,Soft Drink,2,15,1,0
3992,2024-02-22 22:35:05,Ice Cream,3,18,1,0
3993,2024-02-22 18:55:35,Fries,2,20,1,0
3993,2024-02-22 18:55:35,Ice Cream,1,18,1,0
3993,2024-02-22 18:55:35,Onion Rings,2,22,1,0
3993,2024-02-22 18:55:35,Double Burger,1,65,1,0
3994,2024-02-22 19:01:38,Chicken Burger,3,55,1,0
3994,2024-02-22 19:01:38,Soft Drink,3,15,1,0
3994,2024-02-22 19:01:38,Chicken Nuggets,1,30,1,0
3994,2024-02-22 19:01:38,Fries,3,20,1,0
3994,2024-02-22 19:01:38,Classic Burger,3,45,1,0
3995,2024-02-23 17:39:52,Double Burger,2,65,0,0
3995,2024-02-23 17:39:52,Fries,2,20,0,0
3995,2024-02-23 17:39:52,Chicken Nuggets,3,30,0,0
3995,2024-02-23 17:39:52,Onion Rings,3,22,0,0
3996,2024-02-23 20:32:20,Fries,3,20,0,0
3996,2024-02-23 20:32:20,Double Burger,1,65,0,0
3997,2024-02-23 11:04:30,Double Burger,1,65,0,0
3997,2024-02-23 11:04:30,Onion Rings,1,22,0,0
3997,2024-02-23 11:04:30,Fries,3,20,0,0
3997,2024-02-23 11:04:30,Classic Burger,1,45,0,0
3998,2024-02-23 17:29:24,Ice Cream,1,18,0,0
3998,2024-02-23 17:29:24,Onion Rings,3,22,0,0
3998,2024-02-23 17:29:24,Milkshake,3,28,0,0
3999,2024-02-23 16:43:54,Chicken Nuggets,1,30,0,0
3999,2024-02-23 16:43:54,Fries,1,20,0,0
3999,2024-02-23 16:43:54,Double Burger,1,65,0,0
4000,2024-02-23 19:48:28,Onion Rings,1,22,0,0
4000,2024-02-23 19:48:28,Ice Cream,3,18,0,0
4001,2024-02-23 19:02:31,Chicken Burger,2,55,0,0
4001,2024-02-23 19:02:31,Ice Cream,3,18,0,0
4002,2024-02-23 15:55:15,Chicken Nuggets,3,30,0,0
4002,2024-02-23 15:55:15,Ice Cream,3,18,0,0
4002,2024-02-23 15:55:15,Soft Drink,1,15,0,0
4002,2024-02-23 15:55:15,Fries,3,20,0,0
4003,2024-02-23 15:13:34,Classic Burger,1,45,0,0
4004,2024-02-23 17:27:15,Ice Cream,2,18,0,0
4004,2024-02-23 17:27:15,Chicken Nuggets,2,30,0,0
4004,2024-02-23 17:27:15,Soft Drink,1,15,0,0
4004,2024-02-23 17:27:15,Chicken Burger,3,55,0,0
4005,2024-02-23 15:33:45,Chicken Nuggets,2,30,0,0
4005,2024-02-23 15:33:45,Fries,1,20,0,0
4005,2024-02-23 15:33:45,Soft Drink,1,15,0,0
4005,2024-02-23 15:33:45,Onion Rings,3,22,0,0
4005,2024-02-23 15:33:45,Classic Burger,2,45,0,0
4006,2024-02-23 20:35:49,Chicken Nuggets,2,30,0,0
4006,2024-02-23 20:35:49,Classic Burger,2,45,0,0
4006,2024-02-23 20:35:49,Soft Drink,2,15,0,0
4006,2024-02-23 20:35:49,Onion Rings,2,22,0,0
4007,2024-02-23 16:28:41,Double Burger,1,65,0,0
4008,2024-02-23 10:17:44,Chicken Burger,3,55,0,0
4008,2024-02-23 10:17:44,Classic Burger,3,45,0,0
4008,2024-02-23 10:17:44,Soft Drink,2,15,0,0
4008,2024-02-23 10:17:44,Milkshake,2,28,0,0
4009,2024-02-23 16:03:05,Chicken Nuggets,2,30,0,0
4009,2024-02-23 16:03:05,Onion Rings,2,22,0,0
4009,2024-02-23 16:03:05,Ice Cream,3,18,0,0
4009,2024-02-23 16:03:05,Cheese Burger,1,50,0,0
4010,2024-02-23 14:49:20,Chicken Burger,3,55,0,0
4010,2024-02-23 14:49:20,Double Burger,1,65,0,0
4011,2024-02-23 13:23:40,Milkshake,2,28,0,0
4011,2024-02-23 13:23:40,Chicken Burger,3,55,0,0
4011,2024-02-23 13:23:40,Classic Burger,2,45,0,0
4012,2024-02-23 14:30:02,Chicken Nuggets,1,30,0,0
4012,2024-02-23 14:30:02,Classic Burger,3,45,0,0
4012,2024-02-23 14:30:02,Milkshake,2,28,0,0
4012,2024-02-23 14:30:02,Fries,1,20,0,0
4012,2024-02-23 14:30:02,Soft Drink,1,15,0,0
4013,2024-02-23 18:44:35,Milkshake,3,28,0,0
4013,2024-02-23 18:44:35,Onion Rings,1,22,0,0
4013,2024-02-23 18:44:35,Chicken Nuggets,1,30,0,0
4013,2024-02-23 18:44:35,Ice Cream,2,18,0,0
4013,2024-02-23 18:44:35,Fries,1,20,0,0
4014,2024-02-23 21:25:40,Onion Rings,3,22,0,0
4014,2024-02-23 21:25:40,Cheese Burger,1,50,0,0
4014,2024-02-23 21:25:40,Double Burger,2,65,0,0
4014,2024-02-23 21:25:40,Chicken Burger,2,55,0,0
4014,2024-02-23 21:25:40,Classic Burger,2,45,0,0
4015,2024-02-23 18:43:22,Onion Rings,2,22,0,0
4015,2024-02-23 18:43:22,Chicken Nuggets,1,30,0,0
4016,2024-02-23 16:54:23,Classic Burger,1,45,0,0
4016,2024-02-23 16:54:23,Onion Rings,2,22,0,0
4016,2024-02-23 16:54:23,Cheese Burger,2,50,0,0
4016,2024-02-23 16:54:23,Milkshake,2,28,0,0
4016,2024-02-23 16:54:23,Soft Drink,3,15,0,0
4017,2024-02-23 19:11:36,Double Burger,3,65,0,0
4017,2024-02-23 19:11:36,Chicken Nuggets,3,30,0,0
4018,2024-02-23 16:41:22,Cheese Burger,1,50,0,0
4018,2024-02-23 16:41:22,Soft Drink,1,15,0,0
4018,2024-02-23 16:41:22,Chicken Nuggets,3,30,0,0
4019,2024-02-23 15:01:50,Onion Rings,2,22,0,0
4019,2024-02-23 15:01:50,Soft Drink,1,15,0,0
4019,2024-02-23 15:01:50,Cheese Burger,2,50,0,0
4020,2024-02-23 14:27:22,Soft Drink,1,15,0,0
4020,2024-02-23 14:27:22,Fries,1,20,0,0
4020,2024-02-23 14:27:22,Chicken Nuggets,1,30,0,0
4021,2024-02-23 12:54:20,Fries,3,20,0,0
4021,2024-02-23 12:54:20,Chicken Burger,1,55,0,0
4021,2024-02-23 12:54:20,Cheese Burger,3,50,0,0
4021,2024-02-23 12:54:20,Onion Rings,2,22,0,0
4021,2024-02-23 12:54:20,Milkshake,3,28,0,0
4022,2024-02-23 16:17:28,Chicken Nuggets,2,30,0,0
4022,2024-02-23 16:17:28,Double Burger,2,65,0,0
4022,2024-02-23 16:17:28,Cheese Burger,1,50,0,0
4022,2024-02-23 16:17:28,Milkshake,3,28,0,0
4022,2024-02-23 16:17:28,Fries,2,20,0,0
4023,2024-02-23 18:48:47,Double Burger,2,65,0,0
4023,2024-02-23 18:48:47,Fries,1,20,0,0
4023,2024-02-23 18:48:47,Ice Cream,1,18,0,0
4023,2024-02-23 18:48:47,Milkshake,3,28,0,0
4023,2024-02-23 18:48:47,Chicken Burger,3,55,0,0
4024,2024-02-23 17:41:21,Double Burger,1,65,0,0
4024,2024-02-23 17:41:21,Onion Rings,2,22,0,0
4024,2024-02-23 17:41:21,Ice Cream,2,18,0,0
4024,2024-02-23 17:41:21,Chicken Burger,3,55,0,0
4024,2024-02-23 17:41:21,Soft Drink,3,15,0,0
4025,2024-02-23 16:34:35,Cheese Burger,3,50,0,0
4025,2024-02-23 16:34:35,Double Burger,2,65,0,0
4025,2024-02-23 16:34:35,Chicken Burger,2,55,0,0
4025,2024-02-23 16:34:35,Soft Drink,1,15,0,0
4026,2024-02-23 15:50:32,Chicken Burger,2,55,0,0
4026,2024-02-23 15:50:32,Double Burger,3,65,0,0
4026,2024-02-23 15:50:32,Cheese Burger,2,50,0,0
4026,2024-02-23 15:50:32,Classic Burger,2,45,0,0
4026,2024-02-23 15:50:32,Ice Cream,3,18,0,0
4027,2024-02-23 19:23:02,Classic Burger,3,45,0,0
4027,2024-02-23 19:23:02,Chicken Nuggets,2,30,0,0
4027,2024-02-23 19:23:02,Chicken Burger,1,55,0,0
4027,2024-02-23 19:23:02,Milkshake,1,28,0,0
4028,2024-02-23 14:23:11,Fries,2,20,0,0
4028,2024-02-23 14:23:11,Chicken Burger,1,55,0,0
4028,2024-02-23 14:23:11,Chicken Nuggets,1,30,0,0
4028,2024-02-23 14:23:11,Onion Rings,2,22,0,0
4029,2024-02-23 20:39:30,Soft Drink,3,15,0,0
4029,2024-02-23 20:39:30,Double Burger,3,65,0,0
4029,2024-02-23 20:39:30,Chicken Nuggets,1,30,0,0
4029,2024-02-23 20:39:30,Fries,2,20,0,0
4029,2024-02-23 20:39:30,Milkshake,2,28,0,0
4030,2024-02-23 14:31:04,Classic Burger,3,45,0,0
4030,2024-02-23 14:31:04,Onion Rings,1,22,0,0
4030,2024-02-23 14:31:04,Milkshake,3,28,0,0
4030,2024-02-23 14:31:04,Cheese Burger,3,50,0,0
4031,2024-02-23 15:01:41,Cheese Burger,2,50,0,0
4031,2024-02-23 15:01:41,Ice Cream,3,18,0,0
4031,2024-02-23 15:01:41,Milkshake,3,28,0,0
4031,2024-02-23 15:01:41,Chicken Burger,3,55,0,0
4032,2024-02-23 13:07:59,Onion Rings,3,22,0,0
4033,2024-02-23 16:18:26,Milkshake,3,28,0,0
4033,2024-02-23 16:18:26,Onion Rings,1,22,0,0
4033,2024-02-23 16:18:26,Ice Cream,3,18,0,0
4033,2024-02-23 16:18:26,Soft Drink,1,15,0,0
4033,2024-02-23 16:18:26,Double Burger,2,65,0,0
4034,2024-02-23 20:57:26,Chicken Nuggets,3,30,0,0
4034,2024-02-23 20:57:26,Soft Drink,3,15,0,0
4035,2024-02-23 19:07:40,Double Burger,1,65,0,0
4036,2024-02-23 20:41:33,Double Burger,1,65,0,0
4036,2024-02-23 20:41:33,Soft Drink,3,15,0,0
4037,2024-02-23 19:32:27,Chicken Nuggets,3,30,0,0
4038,2024-02-24 21:06:20,Fries,3,20,1,0
4038,2024-02-24 21:06:20,Milkshake,3,28,1,0
4039,2024-02-24 14:18:50,Ice Cream,1,18,1,0
4039,2024-02-24 14:18:50,Cheese Burger,1,50,1,0
4040,2024-02-24 20:25:38,Soft Drink,1,15,1,0
4040,2024-02-24 20:25:38,Chicken Burger,2,55,1,0
4041,2024-02-24 20:28:16,Onion Rings,1,22,1,0
4041,2024-02-24 20:28:16,Milkshake,1,28,1,0
4042,2024-02-24 23:40:17,Milkshake,1,28,1,0
4043,2024-02-24 16:29:59,Chicken Nuggets,2,30,1,0
4043,2024-02-24 16:29:59,Chicken Burger,1,55,1,0
4043,2024-02-24 16:29:59,Classic Burger,3,45,1,0
4043,2024-02-24 16:29:59,Ice Cream,1,18,1,0
4043,2024-02-24 16:29:59,Onion Rings,3,22,1,0
4044,2024-02-24 20:47:43,Onion Rings,1,22,1,0
4044,2024-02-24 20:47:43,Chicken Nuggets,3,30,1,0
4044,2024-02-24 20:47:43,Soft Drink,3,15,1,0
4045,2024-02-24 23:31:42,Onion Rings,3,22,1,0
4045,2024-02-24 23:31:42,Ice Cream,1,18,1,0
4045,2024-02-24 23:31:42,Milkshake,1,28,1,0
4045,2024-02-24 23:31:42,Chicken Burger,2,55,1,0
4046,2024-02-24 16:28:04,Chicken Nuggets,2,30,1,0
4046,2024-02-24 16:28:04,Chicken Burger,3,55,1,0
4046,2024-02-24 16:28:04,Double Burger,2,65,1,0
4046,2024-02-24 16:28:04,Ice Cream,3,18,1,0
4046,2024-02-24 16:28:04,Soft Drink,3,15,1,0
4047,2024-02-24 13:05:22,Onion Rings,2,22,1,0
4047,2024-02-24 13:05:22,Fries,2,20,1,0
4047,2024-02-24 13:05:22,Chicken Nuggets,3,30,1,0
4047,2024-02-24 13:05:22,Classic Burger,1,45,1,0
4047,2024-02-24 13:05:22,Milkshake,3,28,1,0
4048,2024-02-24 12:10:21,Double Burger,1,65,1,0
4048,2024-02-24 12:10:21,Chicken Nuggets,3,30,1,0
4048,2024-02-24 12:10:21,Fries,1,20,1,0
4048,2024-02-24 12:10:21,Soft Drink,1,15,1,0
4049,2024-02-24 20:40:57,Onion Rings,1,22,1,0
4049,2024-02-24 20:40:57,Milkshake,2,28,1,0
4050,2024-02-24 12:02:17,Chicken Burger,1,55,1,0
4051,2024-02-24 16:42:50,Onion Rings,1,22,1,0
4051,2024-02-24 16:42:50,Chicken Burger,2,55,1,0
4051,2024-02-24 16:42:50,Fries,3,20,1,0
4052,2024-02-24 19:45:43,Cheese Burger,3,50,1,0
4053,2024-02-24 18:56:37,Cheese Burger,2,50,1,0
4053,2024-02-24 18:56:37,Chicken Nuggets,1,30,1,0
4053,2024-02-24 18:56:37,Chicken Burger,2,55,1,0
4053,2024-02-24 18:56:37,Soft Drink,1,15,1,0
4054,2024-02-24 19:16:04,Chicken Nuggets,3,30,1,0
4054,2024-02-24 19:16:04,Soft Drink,2,15,1,0
4055,2024-02-24 18:38:50,Onion Rings,3,22,1,0
4055,2024-02-24 18:38:50,Chicken Nuggets,2,30,1,0
4055,2024-02-24 18:38:50,Chicken Burger,3,55,1,0
4055,2024-02-24 18:38:50,Classic Burger,3,45,1,0
4056,2024-02-24 21:46:15,Cheese Burger,3,50,1,0
4057,2024-02-24 15:47:12,Milkshake,1,28,1,0
4057,2024-02-24 15:47:12,Cheese Burger,2,50,1,0
4058,2024-02-24 15:36:33,Ice Cream,1,18,1,0
4058,2024-02-24 15:36:33,Soft Drink,1,15,1,0
4058,2024-02-24 15:36:33,Onion Rings,1,22,1,0
4058,2024-02-24 15:36:33,Chicken Burger,2,55,1,0
4058,2024-02-24 15:36:33,Milkshake,2,28,1,0
4059,2024-02-24 15:35:46,Cheese Burger,2,50,1,0
4059,2024-02-24 15:35:46,Milkshake,1,28,1,0
4059,2024-02-24 15:35:46,Classic Burger,2,45,1,0
4059,2024-02-24 15:35:46,Ice Cream,3,18,1,0
4059,2024-02-24 15:35:46,Fries,1,20,1,0
4060,2024-02-24 20:13:17,Chicken Burger,3,55,1,0
4060,2024-02-24 20:13:17,Ice Cream,3,18,1,0
4060,2024-02-24 20:13:17,Double Burger,2,65,1,0
4060,2024-02-24 20:13:17,Classic Burger,2,45,1,0
4061,2024-02-24 20:42:51,Ice Cream,3,18,1,0
4061,2024-02-24 20:42:51,Onion Rings,2,22,1,0
4061,2024-02-24 20:42:51,Soft Drink,1,15,1,0
4061,2024-02-24 20:42:51,Double Burger,1,65,1,0
4061,2024-02-24 20:42:51,Classic Burger,1,45,1,0
4062,2024-02-24 19:14:02,Onion Rings,1,22,1,0
4062,2024-02-24 19:14:02,Cheese Burger,1,50,1,0
4062,2024-02-24 19:14:02,Classic Burger,1,45,1,0
4062,2024-02-24 19:14:02,Double Burger,3,65,1,0
4062,2024-02-24 19:14:02,Fries,2,20,1,0
4063,2024-02-24 21:56:57,Chicken Nuggets,3,30,1,0
4063,2024-02-24 21:56:57,Chicken Burger,1,55,1,0
4063,2024-02-24 21:56:57,Milkshake,3,28,1,0
4063,2024-02-24 21:56:57,Ice Cream,2,18,1,0
4063,2024-02-24 21:56:57,Cheese Burger,2,50,1,0
4064,2024-02-24 14:18:26,Cheese Burger,2,50,1,0
4065,2024-02-24 23:51:58,Milkshake,1,28,1,0
4065,2024-02-24 23:51:58,Chicken Burger,1,55,1,0
4065,2024-02-24 23:51:58,Soft Drink,1,15,1,0
4066,2024-02-24 22:25:40,Milkshake,2,28,1,0
4066,2024-02-24 22:25:40,Chicken Burger,2,55,1,0
4067,2024-02-24 20:26:16,Fries,2,20,1,0
4067,2024-02-24 20:26:16,Milkshake,1,28,1,0
4067,2024-02-24 20:26:16,Chicken Burger,3,55,1,0
4067,2024-02-24 20:26:16,Chicken Nuggets,1,30,1,0
4067,2024-02-24 20:26:16,Ice Cream,1,18,1,0
4068,2024-02-24 23:19:57,Onion Rings,2,22,1,0
4068,2024-02-24 23:19:57,Soft Drink,3,15,1,0
4068,2024-02-24 23:19:57,Ice Cream,2,18,1,0
4069,2024-02-24 13:22:40,Cheese Burger,1,50,1,0
4070,2024-02-24 16:17:03,Chicken Burger,2,55,1,0
4070,2024-02-24 16:17:03,Soft Drink,3,15,1,0
4070,2024-02-24 16:17:03,Classic Burger,2,45,1,0
4070,2024-02-24 16:17:03,Cheese Burger,1,50,1,0
4070,2024-02-24 16:17:03,Ice Cream,3,18,1,0
4071,2024-02-24 15:33:07,Chicken Burger,1,55,1,0
4071,2024-02-24 15:33:07,Milkshake,2,28,1,0
4071,2024-02-24 15:33:07,Cheese Burger,3,50,1,0
4071,2024-02-24 15:33:07,Chicken Nuggets,1,30,1,0
4071,2024-02-24 15:33:07,Double Burger,2,65,1,0
4072,2024-02-24 20:43:12,Soft Drink,1,15,1,0
4072,2024-02-24 20:43:12,Double Burger,2,65,1,0
4073,2024-02-24 14:01:10,Cheese Burger,2,50,1,0
4074,2024-02-24 20:23:42,Milkshake,1,28,1,0
4074,2024-02-24 20:23:42,Chicken Burger,3,55,1,0
4074,2024-02-24 20:23:42,Ice Cream,3,18,1,0
4075,2024-02-24 22:02:33,Chicken Nuggets,2,30,1,0
4075,2024-02-24 22:02:33,Fries,2,20,1,0
4075,2024-02-24 22:02:33,Soft Drink,1,15,1,0
4075,2024-02-24 22:02:33,Cheese Burger,3,50,1,0
4076,2024-02-24 20:15:16,Ice Cream,3,18,1,0
4076,2024-02-24 20:15:16,Soft Drink,1,15,1,0
4076,2024-02-24 20:15:16,Chicken Burger,2,55,1,0
4077,2024-02-24 18:33:38,Cheese Burger,1,50,1,0
4077,2024-02-24 18:33:38,Soft Drink,3,15,1,0
4077,2024-02-24 18:33:38,Chicken Burger,1,55,1,0
4078,2024-02-24 15:44:42,Milkshake,1,28,1,0
4078,2024-02-24 15:44:42,Onion Rings,2,22,1,0
4079,2024-02-24 15:23:50,Classic Burger,1,45,1,0
4079,2024-02-24 15:23:50,Ice Cream,3,18,1,0
4079,2024-02-24 15:23:50,Onion Rings,3,22,1,0
4080,2024-02-24 21:22:08,Double Burger,3,65,1,0
4080,2024-02-24 21:22:08,Cheese Burger,3,50,1,0
4081,2024-02-24 20:37:09,Cheese Burger,3,50,1,0
4081,2024-02-24 20:37:09,Milkshake,2,28,1,0
4082,2024-02-24 17:46:13,Chicken Burger,2,55,1,0
4082,2024-02-24 17:46:13,Chicken Nuggets,1,30,1,0
4082,2024-02-24 17:46:13,Classic Burger,2,45,1,0
4082,2024-02-24 17:46:13,Ice Cream,2,18,1,0
4083,2024-02-24 16:44:01,Milkshake,1,28,1,0
4083,2024-02-24 16:44:01,Double Burger,1,65,1,0
4083,2024-02-24 16:44:01,Onion Rings,2,22,1,0
4083,2024-02-24 16:44:01,Classic Burger,3,45,1,0
4083,2024-02-24 16:44:01,Cheese Burger,3,50,1,0
4084,2024-02-24 11:42:33,Double Burger,3,65,1,0
4084,2024-02-24 11:42:33,Classic Burger,3,45,1,0
4084,2024-02-24 11:42:33,Chicken Burger,1,55,1,0
4085,2024-02-24 14:53:23,Cheese Burger,1,50,1,0
4085,2024-02-24 14:53:23,Chicken Nuggets,1,30,1,0
4085,2024-02-24 14:53:23,Soft Drink,3,15,1,0
4085,2024-02-24 14:53:23,Milkshake,3,28,1,0
4086,2024-02-24 23:04:46,Fries,3,20,1,0
4087,2024-02-24 14:46:56,Fries,1,20,1,0
4087,2024-02-24 14:46:56,Ice Cream,1,18,1,0
4087,2024-02-24 14:46:56,Classic Burger,1,45,1,0
4087,2024-02-24 14:46:56,Double Burger,1,65,1,0
4087,2024-02-24 14:46:56,Soft Drink,3,15,1,0
4088,2024-02-24 18:40:47,Classic Burger,3,45,1,0
4088,2024-02-24 18:40:47,Milkshake,2,28,1,0
4088,2024-02-24 18:40:47,Soft Drink,2,15,1,0
4088,2024-02-24 18:40:47,Onion Rings,1,22,1,0
4089,2024-02-24 21:38:08,Chicken Burger,3,55,1,0
4089,2024-02-24 21:38:08,Milkshake,1,28,1,0
4089,2024-02-24 21:38:08,Double Burger,2,65,1,0
4089,2024-02-24 21:38:08,Cheese Burger,3,50,1,0
4090,2024-02-24 14:18:12,Cheese Burger,1,50,1,0
4091,2024-02-24 18:29:48,Cheese Burger,2,50,1,0
4092,2024-02-24 20:23:53,Chicken Burger,2,55,1,0
4092,2024-02-24 20:23:53,Onion Rings,1,22,1,0
4092,2024-02-24 20:23:53,Soft Drink,3,15,1,0
4092,2024-02-24 20:23:53,Double Burger,3,65,1,0
4093,2024-02-24 18:25:13,Fries,3,20,1,0
4093,2024-02-24 18:25:13,Chicken Nuggets,2,30,1,0
4094,2024-02-24 23:59:48,Fries,2,20,1,0
4094,2024-02-24 23:59:48,Double Burger,2,65,1,0
4095,2024-02-24 12:26:46,Cheese Burger,3,50,1,0
4095,2024-02-24 12:26:46,Fries,2,20,1,0
4095,2024-02-24 12:26:46,Soft Drink,1,15,1,0
4095,2024-02-24 12:26:46,Chicken Burger,2,55,1,0
4095,2024-02-24 12:26:46,Classic Burger,2,45,1,0
4096,2024-02-24 21:45:01,Fries,2,20,1,0
4096,2024-02-24 21:45:01,Chicken Burger,3,55,1,0
4096,2024-02-24 21:45:01,Milkshake,2,28,1,0
4096,2024-02-24 21:45:01,Double Burger,1,65,1,0
4096,2024-02-24 21:45:01,Soft Drink,2,15,1,0
4097,2024-02-24 17:10:45,Chicken Burger,3,55,1,0
4097,2024-02-24 17:10:45,Onion Rings,1,22,1,0
4097,2024-02-24 17:10:45,Double Burger,2,65,1,0
4097,2024-02-24 17:10:45,Ice Cream,3,18,1,0
4098,2024-02-24 20:02:44,Cheese Burger,3,50,1,0
4098,2024-02-24 20:02:44,Classic Burger,1,45,1,0
4099,2024-02-24 19:39:05,Soft Drink,1,15,1,0
4100,2024-02-24 15:57:44,Soft Drink,2,15,1,0
4100,2024-02-24 15:57:44,Classic Burger,3,45,1,0
4100,2024-02-24 15:57:44,Double Burger,1,65,1,0
4100,2024-02-24 15:57:44,Chicken Burger,2,55,1,0
4100,2024-02-24 15:57:44,Ice Cream,1,18,1,0
4101,2024-02-24 18:56:50,Cheese Burger,2,50,1,0
4101,2024-02-24 18:56:50,Soft Drink,2,15,1,0
4102,2024-02-24 12:40:36,Cheese Burger,1,50,1,0
4102,2024-02-24 12:40:36,Ice Cream,2,18,1,0
4102,2024-02-24 12:40:36,Fries,2,20,1,0
4102,2024-02-24 12:40:36,Chicken Nuggets,3,30,1,0
4103,2024-02-24 19:51:51,Classic Burger,3,45,1,0
4103,2024-02-24 19:51:51,Fries,3,20,1,0
4103,2024-02-24 19:51:51,Soft Drink,2,15,1,0
4103,2024-02-24 19:51:51,Onion Rings,3,22,1,0
4104,2024-02-24 18:46:03,Ice Cream,3,18,1,0
4104,2024-02-24 18:46:03,Milkshake,2,28,1,0
4104,2024-02-24 18:46:03,Onion Rings,3,22,1,0
4104,2024-02-24 18:46:03,Chicken Nuggets,2,30,1,0
4104,2024-02-24 18:46:03,Fries,2,20,1,0
4105,2024-02-24 19:26:32,Soft Drink,1,15,1,0
4105,2024-02-24 19:26:32,Cheese Burger,1,50,1,0
4105,2024-02-24 19:26:32,Classic Burger,2,45,1,0
4105,2024-02-24 19:26:32,Onion Rings,2,22,1,0
4105,2024-02-24 19:26:32,Double Burger,1,65,1,0
4106,2024-02-24 21:46:02,Classic Burger,2,45,1,0
4106,2024-02-24 21:46:02,Cheese Burger,1,50,1,0
4106,2024-02-24 21:46:02,Chicken Nuggets,1,30,1,0
4106,2024-02-24 21:46:02,Double Burger,3,65,1,0
4107,2024-02-24 19:08:20,Double Burger,3,65,1,0
4107,2024-02-24 19:08:20,Chicken Nuggets,2,30,1,0
4107,2024-02-24 19:08:20,Cheese Burger,3,50,1,0
4107,2024-02-24 19:08:20,Milkshake,1,28,1,0
4108,2024-02-24 18:08:15,Milkshake,1,28,1,0
4108,2024-02-24 18:08:15,Double Burger,1,65,1,0
4108,2024-02-24 18:08:15,Classic Burger,1,45,1,0
4109,2024-02-24 15:14:33,Fries,1,20,1,0
4109,2024-02-24 15:14:33,Ice Cream,3,18,1,0
4109,2024-02-24 15:14:33,Chicken Nuggets,3,30,1,0
4110,2024-02-24 15:36:56,Chicken Nuggets,2,30,1,0
4110,2024-02-24 15:36:56,Soft Drink,2,15,1,0
4110,2024-02-24 15:36:56,Fries,2,20,1,0
4110,2024-02-24 15:36:56,Cheese Burger,3,50,1,0
4110,2024-02-24 15:36:56,Classic Burger,2,45,1,0
4111,2024-02-24 21:20:19,Soft Drink,3,15,1,0
4111,2024-02-24 21:20:19,Chicken Nuggets,3,30,1,0
4112,2024-02-25 15:25:48,Chicken Burger,3,55,1,0
4112,2024-02-25 15:25:48,Classic Burger,3,45,1,0
4113,2024-02-25 21:45:41,Soft Drink,3,15,1,0
4113,2024-02-25 21:45:41,Milkshake,3,28,1,0
4113,2024-02-25 21:45:41,Chicken Burger,2,55,1,0
4113,2024-02-25 21:45:41,Double Burger,2,65,1,0
4113,2024-02-25 21:45:41,Onion Rings,2,22,1,0
4114,2024-02-25 19:57:19,Soft Drink,2,15,1,0
4115,2024-02-25 23:29:20,Classic Burger,3,45,1,0
4115,2024-02-25 23:29:20,Soft Drink,2,15,1,0
4116,2024-02-25 15:45:38,Chicken Burger,2,55,1,0
4116,2024-02-25 15:45:38,Double Burger,2,65,1,0
4117,2024-02-25 16:22:43,Milkshake,1,28,1,0
4118,2024-02-25 18:51:34,Milkshake,3,28,1,0
4118,2024-02-25 18:51:34,Classic Burger,3,45,1,0
4118,2024-02-25 18:51:34,Fries,3,20,1,0
4118,2024-02-25 18:51:34,Cheese Burger,2,50,1,0
4118,2024-02-25 18:51:34,Onion Rings,2,22,1,0
4119,2024-02-25 19:38:53,Chicken Burger,3,55,1,0
4120,2024-02-25 17:04:58,Double Burger,1,65,1,0
4121,2024-02-25 15:48:47,Fries,3,20,1,0
4121,2024-02-25 15:48:47,Ice Cream,1,18,1,0
4121,2024-02-25 15:48:47,Soft Drink,3,15,1,0
4121,2024-02-25 15:48:47,Cheese Burger,2,50,1,0
4122,2024-02-25 20:21:12,Soft Drink,3,15,1,0
4122,2024-02-25 20:21:12,Classic Burger,2,45,1,0
4122,2024-02-25 20:21:12,Milkshake,1,28,1,0
4122,2024-02-25 20:21:12,Chicken Nuggets,1,30,1,0
4122,2024-02-25 20:21:12,Onion Rings,2,22,1,0
4123,2024-02-25 20:37:04,Chicken Nuggets,1,30,1,0
4123,2024-02-25 20:37:04,Double Burger,3,65,1,0
4123,2024-02-25 20:37:04,Milkshake,3,28,1,0
4123,2024-02-25 20:37:04,Chicken Burger,2,55,1,0
4124,2024-02-25 15:29:03,Cheese Burger,2,50,1,0
4124,2024-02-25 15:29:03,Ice Cream,3,18,1,0
4124,2024-02-25 15:29:03,Chicken Burger,1,55,1,0
4125,2024-02-25 22:44:55,Onion Rings,2,22,1,0
4125,2024-02-25 22:44:55,Soft Drink,3,15,1,0
4125,2024-02-25 22:44:55,Chicken Burger,3,55,1,0
4125,2024-02-25 22:44:55,Milkshake,3,28,1,0
4125,2024-02-25 22:44:55,Cheese Burger,3,50,1,0
4126,2024-02-25 21:03:16,Milkshake,3,28,1,0
4126,2024-02-25 21:03:16,Onion Rings,2,22,1,0
4126,2024-02-25 21:03:16,Chicken Burger,2,55,1,0
4127,2024-02-25 18:10:32,Ice Cream,3,18,1,0
4128,2024-02-25 18:03:08,Fries,1,20,1,0
4128,2024-02-25 18:03:08,Classic Burger,1,45,1,0
4128,2024-02-25 18:03:08,Cheese Burger,2,50,1,0
4128,2024-02-25 18:03:08,Chicken Burger,2,55,1,0
4128,2024-02-25 18:03:08,Double Burger,3,65,1,0
4129,2024-02-25 19:34:26,Double Burger,2,65,1,0
4130,2024-02-25 15:53:26,Onion Rings,2,22,1,0
4130,2024-02-25 15:53:26,Cheese Burger,2,50,1,0
4130,2024-02-25 15:53:26,Chicken Burger,3,55,1,0
4131,2024-02-25 18:14:25,Cheese Burger,2,50,1,0
4131,2024-02-25 18:14:25,Onion Rings,1,22,1,0
4132,2024-02-25 11:37:12,Chicken Nuggets,2,30,1,0
4132,2024-02-25 11:37:12,Cheese Burger,1,50,1,0
4133,2024-02-25 20:15:37,Classic Burger,2,45,1,0
4133,2024-02-25 20:15:37,Onion Rings,1,22,1,0
4134,2024-02-25 13:08:38,Double Burger,3,65,1,0
4134,2024-02-25 13:08:38,Cheese Burger,3,50,1,0
4134,2024-02-25 13:08:38,Classic Burger,3,45,1,0
4135,2024-02-25 22:47:23,Fries,2,20,1,0
4136,2024-02-25 17:45:22,Chicken Nuggets,2,30,1,0
4136,2024-02-25 17:45:22,Double Burger,1,65,1,0
4136,2024-02-25 17:45:22,Soft Drink,2,15,1,0
4137,2024-02-25 17:28:01,Milkshake,2,28,1,0
4137,2024-02-25 17:28:01,Chicken Nuggets,1,30,1,0
4137,2024-02-25 17:28:01,Ice Cream,2,18,1,0
4138,2024-02-25 16:56:52,Double Burger,2,65,1,0
4138,2024-02-25 16:56:52,Classic Burger,3,45,1,0
4138,2024-02-25 16:56:52,Milkshake,1,28,1,0
4138,2024-02-25 16:56:52,Chicken Nuggets,3,30,1,0
4139,2024-02-25 17:12:54,Classic Burger,2,45,1,0
4140,2024-02-25 22:48:41,Double Burger,2,65,1,0
4140,2024-02-25 22:48:41,Onion Rings,3,22,1,0
4140,2024-02-25 22:48:41,Chicken Burger,1,55,1,0
4140,2024-02-25 22:48:41,Cheese Burger,1,50,1,0
4140,2024-02-25 22:48:41,Milkshake,2,28,1,0
4141,2024-02-25 10:42:17,Cheese Burger,2,50,1,0
4141,2024-02-25 10:42:17,Chicken Nuggets,3,30,1,0
4141,2024-02-25 10:42:17,Fries,1,20,1,0
4141,2024-02-25 10:42:17,Ice Cream,2,18,1,0
4141,2024-02-25 10:42:17,Double Burger,3,65,1,0
4142,2024-02-25 21:21:13,Chicken Nuggets,3,30,1,0
4142,2024-02-25 21:21:13,Double Burger,3,65,1,0
4142,2024-02-25 21:21:13,Classic Burger,2,45,1,0
4142,2024-02-25 21:21:13,Ice Cream,3,18,1,0
4142,2024-02-25 21:21:13,Chicken Burger,1,55,1,0
4143,2024-02-25 19:56:36,Milkshake,1,28,1,0
4144,2024-02-25 14:44:44,Soft Drink,1,15,1,0
4144,2024-02-25 14:44:44,Ice Cream,1,18,1,0
4144,2024-02-25 14:44:44,Chicken Nuggets,3,30,1,0
4145,2024-02-25 14:35:30,Milkshake,1,28,1,0
4146,2024-02-25 23:46:01,Fries,1,20,1,0
4146,2024-02-25 23:46:01,Cheese Burger,3,50,1,0
4146,2024-02-25 23:46:01,Onion Rings,3,22,1,0
4146,2024-02-25 23:46:01,Double Burger,2,65,1,0
4147,2024-02-25 15:22:21,Milkshake,2,28,1,0
4147,2024-02-25 15:22:21,Fries,2,20,1,0
4148,2024-02-25 14:07:18,Classic Burger,2,45,1,0
4148,2024-02-25 14:07:18,Ice Cream,2,18,1,0
4148,2024-02-25 14:07:18,Fries,1,20,1,0
4148,2024-02-25 14:07:18,Double Burger,3,65,1,0
4148,2024-02-25 14:07:18,Milkshake,2,28,1,0
4149,2024-02-25 21:26:57,Double Burger,2,65,1,0
4149,2024-02-25 21:26:57,Chicken Nuggets,1,30,1,0
4149,2024-02-25 21:26:57,Chicken Burger,1,55,1,0
4149,2024-02-25 21:26:57,Milkshake,1,28,1,0
4149,2024-02-25 21:26:57,Fries,1,20,1,0
4150,2024-02-25 19:17:50,Ice Cream,1,18,1,0
4150,2024-02-25 19:17:50,Classic Burger,2,45,1,0
4150,2024-02-25 19:17:50,Chicken Burger,1,55,1,0
4150,2024-02-25 19:17:50,Fries,1,20,1,0
4151,2024-02-25 15:03:35,Ice Cream,1,18,1,0
4151,2024-02-25 15:03:35,Double Burger,3,65,1,0
4151,2024-02-25 15:03:35,Fries,3,20,1,0
4151,2024-02-25 15:03:35,Milkshake,2,28,1,0
4152,2024-02-25 18:48:50,Double Burger,3,65,1,0
4152,2024-02-25 18:48:50,Milkshake,3,28,1,0
4152,2024-02-25 18:48:50,Chicken Burger,2,55,1,0
4152,2024-02-25 18:48:50,Soft Drink,2,15,1,0
4153,2024-02-25 14:45:53,Chicken Nuggets,1,30,1,0
4153,2024-02-25 14:45:53,Cheese Burger,1,50,1,0
4153,2024-02-25 14:45:53,Onion Rings,1,22,1,0
4153,2024-02-25 14:45:53,Ice Cream,1,18,1,0
4153,2024-02-25 14:45:53,Fries,1,20,1,0
4154,2024-02-25 21:17:05,Chicken Burger,2,55,1,0
4154,2024-02-25 21:17:05,Milkshake,1,28,1,0
4155,2024-02-25 21:45:24,Classic Burger,1,45,1,0
4155,2024-02-25 21:45:24,Chicken Nuggets,2,30,1,0
4155,2024-02-25 21:45:24,Double Burger,3,65,1,0
4156,2024-02-25 19:08:27,Onion Rings,1,22,1,0
4156,2024-02-25 19:08:27,Chicken Nuggets,2,30,1,0
4157,2024-02-25 19:15:02,Milkshake,1,28,1,0
4157,2024-02-25 19:15:02,Chicken Burger,2,55,1,0
4157,2024-02-25 19:15:02,Ice Cream,1,18,1,0
4157,2024-02-25 19:15:02,Cheese Burger,2,50,1,0
4158,2024-02-25 23:03:23,Soft Drink,3,15,1,0
4158,2024-02-25 23:03:23,Onion Rings,3,22,1,0
4158,2024-02-25 23:03:23,Classic Burger,3,45,1,0
4158,2024-02-25 23:03:23,Double Burger,1,65,1,0
4159,2024-02-25 17:55:13,Chicken Burger,1,55,1,0
4159,2024-02-25 17:55:13,Cheese Burger,3,50,1,0
4159,2024-02-25 17:55:13,Ice Cream,3,18,1,0
4159,2024-02-25 17:55:13,Fries,3,20,1,0
4159,2024-02-25 17:55:13,Onion Rings,2,22,1,0
4160,2024-02-25 14:40:52,Chicken Nuggets,2,30,1,0
4160,2024-02-25 14:40:52,Soft Drink,1,15,1,0
4161,2024-02-25 19:43:57,Double Burger,2,65,1,0
4161,2024-02-25 19:43:57,Chicken Nuggets,3,30,1,0
4162,2024-02-25 23:18:23,Soft Drink,2,15,1,0
4162,2024-02-25 23:18:23,Double Burger,1,65,1,0
4163,2024-02-25 14:15:57,Chicken Nuggets,1,30,1,0
4163,2024-02-25 14:15:57,Fries,2,20,1,0
4163,2024-02-25 14:15:57,Onion Rings,1,22,1,0
4164,2024-02-25 16:27:36,Chicken Burger,2,55,1,0
4164,2024-02-25 16:27:36,Chicken Nuggets,3,30,1,0
4164,2024-02-25 16:27:36,Ice Cream,1,18,1,0
4164,2024-02-25 16:27:36,Fries,1,20,1,0
4165,2024-02-25 19:12:16,Chicken Nuggets,1,30,1,0
4165,2024-02-25 19:12:16,Ice Cream,3,18,1,0
4166,2024-02-25 17:22:35,Chicken Burger,2,55,1,0
4166,2024-02-25 17:22:35,Ice Cream,2,18,1,0
4166,2024-02-25 17:22:35,Classic Burger,1,45,1,0
4167,2024-02-25 15:27:27,Chicken Burger,1,55,1,0
4167,2024-02-25 15:27:27,Double Burger,1,65,1,0
4167,2024-02-25 15:27:27,Ice Cream,1,18,1,0
4168,2024-02-25 21:55:47,Chicken Burger,1,55,1,0
4168,2024-02-25 21:55:47,Classic Burger,1,45,1,0
4168,2024-02-25 21:55:47,Chicken Nuggets,1,30,1,0
4168,2024-02-25 21:55:47,Ice Cream,3,18,1,0
4169,2024-02-25 23:47:45,Onion Rings,2,22,1,0
4170,2024-02-25 18:38:21,Chicken Nuggets,3,30,1,0
4170,2024-02-25 18:38:21,Double Burger,3,65,1,0
4170,2024-02-25 18:38:21,Soft Drink,1,15,1,0
4170,2024-02-25 18:38:21,Onion Rings,1,22,1,0
4171,2024-02-25 15:33:20,Fries,1,20,1,0
4171,2024-02-25 15:33:20,Onion Rings,2,22,1,0
4171,2024-02-25 15:33:20,Double Burger,1,65,1,0
4171,2024-02-25 15:33:20,Ice Cream,3,18,1,0
4172,2024-02-25 13:28:05,Chicken Nuggets,1,30,1,0
4172,2024-02-25 13:28:05,Ice Cream,2,18,1,0
4172,2024-02-25 13:28:05,Soft Drink,3,15,1,0
4172,2024-02-25 13:28:05,Double Burger,1,65,1,0
4172,2024-02-25 13:28:05,Cheese Burger,2,50,1,0
4173,2024-02-25 18:49:53,Cheese Burger,3,50,1,0
4174,2024-02-25 21:15:40,Cheese Burger,1,50,1,0
4174,2024-02-25 21:15:40,Classic Burger,1,45,1,0
4175,2024-02-25 19:19:12,Milkshake,2,28,1,0
4175,2024-02-25 19:19:12,Ice Cream,3,18,1,0
4175,2024-02-25 19:19:12,Onion Rings,1,22,1,0
4175,2024-02-25 19:19:12,Fries,3,20,1,0
4176,2024-02-25 17:57:38,Fries,1,20,1,0
4176,2024-02-25 17:57:38,Cheese Burger,1,50,1,0
4176,2024-02-25 17:57:38,Double Burger,3,65,1,0
4177,2024-02-25 16:45:44,Chicken Nuggets,1,30,1,0
4177,2024-02-25 16:45:44,Soft Drink,3,15,1,0
4177,2024-02-25 16:45:44,Fries,1,20,1,0
4177,2024-02-25 16:45:44,Classic Burger,1,45,1,0
4177,2024-02-25 16:45:44,Milkshake,1,28,1,0
4178,2024-02-25 14:05:36,Chicken Nuggets,1,30,1,0
4178,2024-02-25 14:05:36,Fries,1,20,1,0
4178,2024-02-25 14:05:36,Classic Burger,1,45,1,0
4178,2024-02-25 14:05:36,Cheese Burger,2,50,1,0
4179,2024-02-25 20:21:44,Classic Burger,3,45,1,0
4179,2024-02-25 20:21:44,Soft Drink,2,15,1,0
4179,2024-02-25 20:21:44,Milkshake,2,28,1,0
4179,2024-02-25 20:21:44,Chicken Burger,1,55,1,0
4179,2024-02-25 20:21:44,Ice Cream,1,18,1,0
4180,2024-02-25 20:36:15,Chicken Nuggets,3,30,1,0
4180,2024-02-25 20:36:15,Milkshake,1,28,1,0
4180,2024-02-25 20:36:15,Soft Drink,2,15,1,0
4181,2024-02-25 13:31:42,Milkshake,3,28,1,0
4181,2024-02-25 13:31:42,Fries,1,20,1,0
4181,2024-02-25 13:31:42,Onion Rings,3,22,1,0
4181,2024-02-25 13:31:42,Double Burger,2,65,1,0
4182,2024-02-25 22:06:10,Milkshake,2,28,1,0
4182,2024-02-25 22:06:10,Fries,2,20,1,0
4183,2024-02-25 19:48:43,Chicken Burger,2,55,1,0
4183,2024-02-25 19:48:43,Soft Drink,2,15,1,0
4184,2024-02-25 22:56:32,Classic Burger,3,45,1,0
4184,2024-02-25 22:56:32,Cheese Burger,2,50,1,0
4184,2024-02-25 22:56:32,Onion Rings,2,22,1,0
4185,2024-02-25 13:32:51,Chicken Burger,2,55,1,0
4185,2024-02-25 13:32:51,Milkshake,3,28,1,0
4186,2024-02-25 13:25:14,Milkshake,3,28,1,0
4186,2024-02-25 13:25:14,Chicken Burger,3,55,1,0
4186,2024-02-25 13:25:14,Fries,2,20,1,0
4186,2024-02-25 13:25:14,Double Burger,2,65,1,0
4187,2024-02-25 17:20:07,Soft Drink,3,15,1,0
4187,2024-02-25 17:20:07,Classic Burger,2,45,1,0
4187,2024-02-25 17:20:07,Cheese Burger,2,50,1,0
4188,2024-02-25 19:27:54,Milkshake,1,28,1,0
4188,2024-02-25 19:27:54,Double Burger,3,65,1,0
4188,2024-02-25 19:27:54,Fries,3,20,1,0
4188,2024-02-25 19:27:54,Chicken Nuggets,3,30,1,0
4189,2024-02-25 23:53:12,Chicken Nuggets,1,30,1,0
4189,2024-02-25 23:53:12,Classic Burger,1,45,1,0
4189,2024-02-25 23:53:12,Ice Cream,2,18,1,0
4190,2024-02-25 20:03:01,Soft Drink,2,15,1,0
4190,2024-02-25 20:03:01,Chicken Nuggets,2,30,1,0
4190,2024-02-25 20:03:01,Chicken Burger,2,55,1,0
4190,2024-02-25 20:03:01,Onion Rings,3,22,1,0
4191,2024-02-25 17:19:10,Chicken Burger,1,55,1,0
4191,2024-02-25 17:19:10,Fries,1,20,1,0
4191,2024-02-25 17:19:10,Soft Drink,2,15,1,0
4192,2024-02-25 14:04:52,Chicken Burger,2,55,1,0
4192,2024-02-25 14:04:52,Onion Rings,3,22,1,0
4192,2024-02-25 14:04:52,Ice Cream,2,18,1,0
4193,2024-02-25 21:43:49,Onion Rings,2,22,1,0
4194,2024-02-25 15:15:55,Ice Cream,2,18,1,0
4194,2024-02-25 15:15:55,Soft Drink,1,15,1,0
4194,2024-02-25 15:15:55,Classic Burger,2,45,1,0
4195,2024-02-25 22:29:32,Chicken Nuggets,3,30,1,0
4196,2024-02-25 17:52:58,Chicken Nuggets,1,30,1,0
4196,2024-02-25 17:52:58,Classic Burger,2,45,1,0
4196,2024-02-25 17:52:58,Soft Drink,1,15,1,0
4196,2024-02-25 17:52:58,Fries,1,20,1,0
4197,2024-02-25 22:45:13,Chicken Nuggets,2,30,1,0
4197,2024-02-25 22:45:13,Onion Rings,2,22,1,0
4198,2024-02-25 20:50:59,Double Burger,2,65,1,0
4198,2024-02-25 20:50:59,Onion Rings,1,22,1,0
4198,2024-02-25 20:50:59,Cheese Burger,2,50,1,0
4198,2024-02-25 20:50:59,Classic Burger,3,45,1,0
4198,2024-02-25 20:50:59,Chicken Burger,2,55,1,0
4199,2024-02-25 17:53:33,Onion Rings,1,22,1,0
4200,2024-02-25 16:13:51,Soft Drink,1,15,1,0
4200,2024-02-25 16:13:51,Ice Cream,1,18,1,0
4200,2024-02-25 16:13:51,Classic Burger,3,45,1,0
4200,2024-02-25 16:13:51,Double Burger,1,65,1,0
4200,2024-02-25 16:13:51,Chicken Nuggets,3,30,1,0
4201,2024-02-25 16:01:52,Chicken Burger,3,55,1,0
4201,2024-02-25 16:01:52,Fries,2,20,1,0
4201,2024-02-25 16:01:52,Onion Rings,2,22,1,0
4202,2024-02-26 17:35:08,Cheese Burger,3,50,1,1
4202,2024-02-26 17:35:08,Double Burger,1,65,1,1
4203,2024-02-26 18:36:25,Cheese Burger,1,50,1,1
4203,2024-02-26 18:36:25,Chicken Burger,2,55,1,1
4204,2024-02-26 11:23:08,Chicken Burger,2,55,1,1
4204,2024-02-26 11:23:08,Ice Cream,2,18,1,1
4204,2024-02-26 11:23:08,Fries,1,20,1,1
4205,2024-02-26 19:48:17,Onion Rings,2,22,1,1
4205,2024-02-26 19:48:17,Cheese Burger,1,50,1,1
4205,2024-02-26 19:48:17,Chicken Burger,1,55,1,1
4205,2024-02-26 19:48:17,Double Burger,2,65,1,1
4206,2024-02-26 15:43:53,Chicken Nuggets,1,30,1,1
4206,2024-02-26 15:43:53,Soft Drink,1,15,1,1
4206,2024-02-26 15:43:53,Ice Cream,3,18,1,1
4207,2024-02-26 14:24:40,Chicken Nuggets,3,30,1,1
4207,2024-02-26 14:24:40,Soft Drink,2,15,1,1
4207,2024-02-26 14:24:40,Onion Rings,3,22,1,1
4208,2024-02-26 12:38:32,Classic Burger,3,45,1,1
4208,2024-02-26 12:38:32,Chicken Nuggets,2,30,1,1
4208,2024-02-26 12:38:32,Onion Rings,3,22,1,1
4208,2024-02-26 12:38:32,Milkshake,3,28,1,1
4208,2024-02-26 12:38:32,Double Burger,3,65,1,1
4209,2024-02-26 12:23:07,Classic Burger,2,45,1,1
4209,2024-02-26 12:23:07,Soft Drink,3,15,1,1
4209,2024-02-26 12:23:07,Milkshake,2,28,1,1
4209,2024-02-26 12:23:07,Fries,3,20,1,1
4210,2024-02-26 13:07:19,Cheese Burger,3,50,1,1
4210,2024-02-26 13:07:19,Chicken Nuggets,3,30,1,1
4210,2024-02-26 13:07:19,Soft Drink,3,15,1,1
4210,2024-02-26 13:07:19,Chicken Burger,1,55,1,1
4210,2024-02-26 13:07:19,Ice Cream,2,18,1,1
4211,2024-02-26 15:40:24,Classic Burger,1,45,1,1
4211,2024-02-26 15:40:24,Double Burger,3,65,1,1
4212,2024-02-26 23:24:27,Chicken Nuggets,2,30,1,1
4212,2024-02-26 23:24:27,Ice Cream,2,18,1,1
4212,2024-02-26 23:24:27,Fries,3,20,1,1
4212,2024-02-26 23:24:27,Cheese Burger,2,50,1,1
4213,2024-02-26 16:40:07,Double Burger,3,65,1,1
4214,2024-02-26 18:37:00,Milkshake,1,28,1,1
4214,2024-02-26 18:37:00,Fries,2,20,1,1
4214,2024-02-26 18:37:00,Double Burger,2,65,1,1
4214,2024-02-26 18:37:00,Chicken Nuggets,1,30,1,1
4215,2024-02-26 19:36:09,Milkshake,1,28,1,1
4215,2024-02-26 19:36:09,Cheese Burger,3,50,1,1
4215,2024-02-26 19:36:09,Soft Drink,3,15,1,1
4216,2024-02-26 18:35:19,Chicken Nuggets,1,30,1,1
4216,2024-02-26 18:35:19,Classic Burger,2,45,1,1
4216,2024-02-26 18:35:19,Cheese Burger,1,50,1,1
4217,2024-02-26 17:37:25,Onion Rings,2,22,1,1
4217,2024-02-26 17:37:25,Ice Cream,3,18,1,1
4217,2024-02-26 17:37:25,Soft Drink,2,15,1,1
4217,2024-02-26 17:37:25,Fries,3,20,1,1
4218,2024-02-26 14:20:24,Soft Drink,2,15,1,1
4218,2024-02-26 14:20:24,Milkshake,1,28,1,1
4218,2024-02-26 14:20:24,Fries,3,20,1,1
4218,2024-02-26 14:20:24,Chicken Nuggets,1,30,1,1
4218,2024-02-26 14:20:24,Classic Burger,3,45,1,1
4219,2024-02-26 22:33:38,Onion Rings,3,22,1,1
4219,2024-02-26 22:33:38,Chicken Nuggets,1,30,1,1
4220,2024-02-26 23:59:00,Onion Rings,2,22,1,1
4220,2024-02-26 23:59:00,Milkshake,3,28,1,1
4221,2024-02-26 12:13:08,Ice Cream,1,18,1,1
4221,2024-02-26 12:13:08,Chicken Burger,3,55,1,1
4221,2024-02-26 12:13:08,Cheese Burger,1,50,1,1
4221,2024-02-26 12:13:08,Onion Rings,2,22,1,1
4222,2024-02-26 14:57:44,Onion Rings,1,22,1,1
4223,2024-02-26 17:14:28,Cheese Burger,2,50,1,1
4224,2024-02-26 15:56:57,Fries,1,20,1,1
4224,2024-02-26 15:56:57,Ice Cream,3,18,1,1
4224,2024-02-26 15:56:57,Cheese Burger,1,50,1,1
4224,2024-02-26 15:56:57,Onion Rings,2,22,1,1
4224,2024-02-26 15:56:57,Classic Burger,3,45,1,1
4225,2024-02-26 19:52:00,Chicken Burger,2,55,1,1
4225,2024-02-26 19:52:00,Soft Drink,1,15,1,1
4225,2024-02-26 19:52:00,Fries,1,20,1,1
4225,2024-02-26 19:52:00,Milkshake,2,28,1,1
4225,2024-02-26 19:52:00,Classic Burger,3,45,1,1
4226,2024-02-26 15:05:31,Ice Cream,3,18,1,1
4226,2024-02-26 15:05:31,Cheese Burger,1,50,1,1
4226,2024-02-26 15:05:31,Chicken Burger,3,55,1,1
4226,2024-02-26 15:05:31,Double Burger,2,65,1,1
4226,2024-02-26 15:05:31,Fries,2,20,1,1
4227,2024-02-26 23:29:53,Ice Cream,2,18,1,1
4227,2024-02-26 23:29:53,Milkshake,3,28,1,1
4227,2024-02-26 23:29:53,Double Burger,1,65,1,1
4227,2024-02-26 23:29:53,Soft Drink,3,15,1,1
4227,2024-02-26 23:29:53,Chicken Nuggets,2,30,1,1
4228,2024-02-26 21:11:26,Ice Cream,3,18,1,1
4229,2024-02-26 18:55:49,Fries,2,20,1,1
4229,2024-02-26 18:55:49,Soft Drink,3,15,1,1
4229,2024-02-26 18:55:49,Onion Rings,3,22,1,1
4229,2024-02-26 18:55:49,Cheese Burger,1,50,1,1
4230,2024-02-26 21:17:55,Milkshake,1,28,1,1
4230,2024-02-26 21:17:55,Chicken Nuggets,3,30,1,1
4231,2024-02-26 21:17:11,Cheese Burger,1,50,1,1
4232,2024-02-26 16:12:18,Chicken Nuggets,3,30,1,1
4232,2024-02-26 16:12:18,Chicken Burger,2,55,1,1
4232,2024-02-26 16:12:18,Classic Burger,3,45,1,1
4232,2024-02-26 16:12:18,Ice Cream,1,18,1,1
4233,2024-02-26 15:06:33,Double Burger,3,65,1,1
4233,2024-02-26 15:06:33,Classic Burger,2,45,1,1
4234,2024-02-26 18:43:21,Classic Burger,3,45,1,1
4234,2024-02-26 18:43:21,Milkshake,3,28,1,1
4234,2024-02-26 18:43:21,Chicken Nuggets,2,30,1,1
4234,2024-02-26 18:43:21,Ice Cream,2,18,1,1
4234,2024-02-26 18:43:21,Cheese Burger,3,50,1,1
4235,2024-02-26 20:46:41,Chicken Burger,1,55,1,1
4235,2024-02-26 20:46:41,Fries,3,20,1,1
4235,2024-02-26 20:46:41,Chicken Nuggets,2,30,1,1
4235,2024-02-26 20:46:41,Ice Cream,1,18,1,1
4235,2024-02-26 20:46:41,Classic Burger,2,45,1,1
4236,2024-02-26 18:48:20,Chicken Burger,3,55,1,1
4236,2024-02-26 18:48:20,Soft Drink,1,15,1,1
4236,2024-02-26 18:48:20,Fries,1,20,1,1
4237,2024-02-26 13:48:05,Milkshake,1,28,1,1
4237,2024-02-26 13:48:05,Double Burger,2,65,1,1
4237,2024-02-26 13:48:05,Soft Drink,3,15,1,1
4237,2024-02-26 13:48:05,Cheese Burger,3,50,1,1
4238,2024-02-26 15:18:27,Onion Rings,1,22,1,1
4238,2024-02-26 15:18:27,Chicken Nuggets,3,30,1,1
4238,2024-02-26 15:18:27,Milkshake,2,28,1,1
4238,2024-02-26 15:18:27,Ice Cream,3,18,1,1
4239,2024-02-26 17:08:11,Classic Burger,1,45,1,1
4239,2024-02-26 17:08:11,Ice Cream,2,18,1,1
4239,2024-02-26 17:08:11,Soft Drink,2,15,1,1
4239,2024-02-26 17:08:11,Chicken Nuggets,3,30,1,1
4239,2024-02-26 17:08:11,Cheese Burger,1,50,1,1
4240,2024-02-26 17:27:34,Classic Burger,3,45,1,1
4240,2024-02-26 17:27:34,Soft Drink,3,15,1,1
4240,2024-02-26 17:27:34,Chicken Nuggets,3,30,1,1
4241,2024-02-26 23:24:57,Cheese Burger,1,50,1,1
4241,2024-02-26 23:24:57,Chicken Nuggets,1,30,1,1
4242,2024-02-26 13:19:06,Classic Burger,2,45,1,1
4242,2024-02-26 13:19:06,Onion Rings,2,22,1,1
4243,2024-02-26 19:23:04,Soft Drink,3,15,1,1
4243,2024-02-26 19:23:04,Double Burger,2,65,1,1
4243,2024-02-26 19:23:04,Classic Burger,2,45,1,1
4243,2024-02-26 19:23:04,Chicken Nuggets,3,30,1,1
4244,2024-02-26 22:32:43,Chicken Nuggets,2,30,1,1
4244,2024-02-26 22:32:43,Double Burger,1,65,1,1
4244,2024-02-26 22:32:43,Onion Rings,3,22,1,1
4245,2024-02-26 23:54:42,Soft Drink,3,15,1,1
4246,2024-02-26 16:52:54,Milkshake,1,28,1,1
4246,2024-02-26 16:52:54,Cheese Burger,1,50,1,1
4246,2024-02-26 16:52:54,Classic Burger,3,45,1,1
4246,2024-02-26 16:52:54,Soft Drink,2,15,1,1
4247,2024-02-26 19:51:18,Chicken Nuggets,1,30,1,1
4247,2024-02-26 19:51:18,Soft Drink,3,15,1,1
4247,2024-02-26 19:51:18,Milkshake,1,28,1,1
4247,2024-02-26 19:51:18,Classic Burger,2,45,1,1
4248,2024-02-26 19:51:17,Chicken Nuggets,2,30,1,1
4248,2024-02-26 19:51:17,Ice Cream,1,18,1,1
4249,2024-02-26 18:10:14,Fries,1,20,1,1
4250,2024-02-26 17:26:43,Cheese Burger,3,50,1,1
4250,2024-02-26 17:26:43,Double Burger,2,65,1,1
4250,2024-02-26 17:26:43,Soft Drink,2,15,1,1
4251,2024-02-26 19:35:28,Double Burger,1,65,1,1
4251,2024-02-26 19:35:28,Chicken Burger,3,55,1,1
4251,2024-02-26 19:35:28,Fries,2,20,1,1
4251,2024-02-26 19:35:28,Classic Burger,3,45,1,1
4252,2024-02-26 10:40:28,Soft Drink,2,15,1,1
4252,2024-02-26 10:40:28,Double Burger,3,65,1,1
4253,2024-02-26 20:56:42,Double Burger,3,65,1,1
4254,2024-02-26 18:29:09,Onion Rings,3,22,1,1
4254,2024-02-26 18:29:09,Classic Burger,2,45,1,1
4254,2024-02-26 18:29:09,Soft Drink,2,15,1,1
4254,2024-02-26 18:29:09,Double Burger,2,65,1,1
4254,2024-02-26 18:29:09,Ice Cream,3,18,1,1
4255,2024-02-26 17:44:52,Double Burger,3,65,1,1
4255,2024-02-26 17:44:52,Chicken Nuggets,2,30,1,1
4255,2024-02-26 17:44:52,Fries,1,20,1,1
4256,2024-02-26 23:32:59,Double Burger,1,65,1,1
4256,2024-02-26 23:32:59,Milkshake,2,28,1,1
4256,2024-02-26 23:32:59,Fries,2,20,1,1
4257,2024-02-26 15:17:28,Double Burger,1,65,1,1
4257,2024-02-26 15:17:28,Cheese Burger,1,50,1,1
4258,2024-02-26 16:16:48,Classic Burger,3,45,1,1
4258,2024-02-26 16:16:48,Milkshake,2,28,1,1
4258,2024-02-26 16:16:48,Fries,3,20,1,1
4258,2024-02-26 16:16:48,Soft Drink,1,15,1,1
4259,2024-02-26 23:55:11,Ice Cream,1,18,1,1
4259,2024-02-26 23:55:11,Onion Rings,3,22,1,1
4259,2024-02-26 23:55:11,Cheese Burger,1,50,1,1
4259,2024-02-26 23:55:11,Fries,2,20,1,1
4260,2024-02-26 15:39:18,Milkshake,3,28,1,1
4260,2024-02-26 15:39:18,Soft Drink,3,15,1,1
4260,2024-02-26 15:39:18,Ice Cream,1,18,1,1
4261,2024-02-26 16:27:57,Ice Cream,1,18,1,1
4261,2024-02-26 16:27:57,Classic Burger,3,45,1,1
4261,2024-02-26 16:27:57,Soft Drink,2,15,1,1
4261,2024-02-26 16:27:57,Cheese Burger,2,50,1,1
4262,2024-02-26 17:46:37,Cheese Burger,3,50,1,1
4263,2024-02-26 20:29:30,Fries,2,20,1,1
4263,2024-02-26 20:29:30,Onion Rings,1,22,1,1
4263,2024-02-26 20:29:30,Milkshake,3,28,1,1
4263,2024-02-26 20:29:30,Chicken Burger,3,55,1,1
4264,2024-02-26 18:34:13,Onion Rings,2,22,1,1
4264,2024-02-26 18:34:13,Milkshake,2,28,1,1
4265,2024-02-26 14:30:31,Double Burger,3,65,1,1
4265,2024-02-26 14:30:31,Classic Burger,3,45,1,1
4265,2024-02-26 14:30:31,Fries,3,20,1,1
4265,2024-02-26 14:30:31,Soft Drink,2,15,1,1
4265,2024-02-26 14:30:31,Chicken Nuggets,1,30,1,1
4266,2024-02-26 16:43:25,Milkshake,2,28,1,1
4266,2024-02-26 16:43:25,Chicken Burger,1,55,1,1
4266,2024-02-26 16:43:25,Double Burger,3,65,1,1
4266,2024-02-26 16:43:25,Classic Burger,1,45,1,1
4267,2024-02-27 19:24:17,Double Burger,3,65,1,0
4267,2024-02-27 19:24:17,Cheese Burger,1,50,1,0
4268,2024-02-27 12:45:54,Classic Burger,2,45,1,0
4269,2024-02-27 21:11:17,Chicken Nuggets,3,30,1,0
4269,2024-02-27 21:11:17,Onion Rings,1,22,1,0
4269,2024-02-27 21:11:17,Milkshake,3,28,1,0
4269,2024-02-27 21:11:17,Classic Burger,3,45,1,0
4270,2024-02-27 18:05:59,Milkshake,3,28,1,0
4271,2024-02-27 22:47:55,Classic Burger,3,45,1,0
4271,2024-02-27 22:47:55,Cheese Burger,2,50,1,0
4271,2024-02-27 22:47:55,Chicken Nuggets,1,30,1,0
4272,2024-02-27 19:26:25,Milkshake,1,28,1,0
4272,2024-02-27 19:26:25,Fries,3,20,1,0
4272,2024-02-27 19:26:25,Cheese Burger,2,50,1,0
4273,2024-02-27 21:57:13,Soft Drink,2,15,1,0
4273,2024-02-27 21:57:13,Ice Cream,1,18,1,0
4273,2024-02-27 21:57:13,Classic Burger,1,45,1,0
4274,2024-02-27 19:36:10,Soft Drink,3,15,1,0
4274,2024-02-27 19:36:10,Onion Rings,2,22,1,0
4274,2024-02-27 19:36:10,Double Burger,3,65,1,0
4275,2024-02-27 22:41:44,Soft Drink,2,15,1,0
4276,2024-02-27 19:23:28,Chicken Nuggets,3,30,1,0
4276,2024-02-27 19:23:28,Cheese Burger,1,50,1,0
4276,2024-02-27 19:23:28,Chicken Burger,1,55,1,0
4276,2024-02-27 19:23:28,Onion Rings,3,22,1,0
4277,2024-02-27 17:24:11,Fries,3,20,1,0
4277,2024-02-27 17:24:11,Soft Drink,1,15,1,0
4277,2024-02-27 17:24:11,Milkshake,1,28,1,0
4278,2024-02-27 23:04:09,Chicken Burger,2,55,1,0
4278,2024-02-27 23:04:09,Milkshake,2,28,1,0
4278,2024-02-27 23:04:09,Onion Rings,1,22,1,0
4278,2024-02-27 23:04:09,Soft Drink,1,15,1,0
4279,2024-02-27 20:15:37,Chicken Nuggets,3,30,1,0
4279,2024-02-27 20:15:37,Fries,2,20,1,0
4279,2024-02-27 20:15:37,Chicken Burger,1,55,1,0
4279,2024-02-27 20:15:37,Soft Drink,1,15,1,0
4279,2024-02-27 20:15:37,Double Burger,1,65,1,0
4280,2024-02-27 19:01:31,Fries,3,20,1,0
4280,2024-02-27 19:01:31,Soft Drink,3,15,1,0
4280,2024-02-27 19:01:31,Chicken Burger,1,55,1,0
4281,2024-02-27 14:40:13,Chicken Nuggets,1,30,1,0
4281,2024-02-27 14:40:13,Milkshake,2,28,1,0
4282,2024-02-27 14:56:13,Soft Drink,2,15,1,0
4282,2024-02-27 14:56:13,Double Burger,2,65,1,0
4283,2024-02-27 18:35:13,Milkshake,1,28,1,0
4283,2024-02-27 18:35:13,Soft Drink,3,15,1,0
4283,2024-02-27 18:35:13,Chicken Burger,3,55,1,0
4283,2024-02-27 18:35:13,Fries,2,20,1,0
4284,2024-02-27 18:02:16,Chicken Burger,1,55,1,0
4284,2024-02-27 18:02:16,Cheese Burger,2,50,1,0
4284,2024-02-27 18:02:16,Ice Cream,1,18,1,0
4285,2024-02-27 16:34:17,Classic Burger,3,45,1,0
4285,2024-02-27 16:34:17,Milkshake,1,28,1,0
4286,2024-02-27 18:35:54,Ice Cream,3,18,1,0
4286,2024-02-27 18:35:54,Onion Rings,2,22,1,0
4286,2024-02-27 18:35:54,Milkshake,1,28,1,0
4286,2024-02-27 18:35:54,Classic Burger,1,45,1,0
4286,2024-02-27 18:35:54,Fries,3,20,1,0
4287,2024-02-27 22:41:02,Classic Burger,3,45,1,0
4287,2024-02-27 22:41:02,Soft Drink,2,15,1,0
4288,2024-02-27 20:12:04,Chicken Nuggets,3,30,1,0
4288,2024-02-27 20:12:04,Ice Cream,2,18,1,0
4288,2024-02-27 20:12:04,Chicken Burger,1,55,1,0
4288,2024-02-27 20:12:04,Soft Drink,3,15,1,0
4289,2024-02-27 14:21:25,Chicken Burger,1,55,1,0
4290,2024-02-27 17:44:42,Cheese Burger,2,50,1,0
4290,2024-02-27 17:44:42,Ice Cream,3,18,1,0
4291,2024-02-27 15:13:35,Onion Rings,2,22,1,0
4291,2024-02-27 15:13:35,Soft Drink,1,15,1,0
4291,2024-02-27 15:13:35,Fries,1,20,1,0
4291,2024-02-27 15:13:35,Chicken Nuggets,3,30,1,0
4292,2024-02-27 16:16:23,Cheese Burger,1,50,1,0
4292,2024-02-27 16:16:23,Double Burger,3,65,1,0
4292,2024-02-27 16:16:23,Classic Burger,1,45,1,0
4292,2024-02-27 16:16:23,Milkshake,2,28,1,0
4292,2024-02-27 16:16:23,Chicken Nuggets,2,30,1,0
4293,2024-02-27 16:00:24,Classic Burger,3,45,1,0
4293,2024-02-27 16:00:24,Milkshake,2,28,1,0
4293,2024-02-27 16:00:24,Chicken Burger,1,55,1,0
4293,2024-02-27 16:00:24,Ice Cream,1,18,1,0
4294,2024-02-27 16:19:47,Milkshake,1,28,1,0
4295,2024-02-27 14:37:20,Double Burger,2,65,1,0
4295,2024-02-27 14:37:20,Onion Rings,2,22,1,0
4295,2024-02-27 14:37:20,Soft Drink,3,15,1,0
4295,2024-02-27 14:37:20,Classic Burger,3,45,1,0
4296,2024-02-27 17:25:32,Soft Drink,3,15,1,0
4296,2024-02-27 17:25:32,Onion Rings,3,22,1,0
4296,2024-02-27 17:25:32,Classic Burger,2,45,1,0
4296,2024-02-27 17:25:32,Ice Cream,3,18,1,0
4297,2024-02-27 16:33:29,Onion Rings,2,22,1,0
4297,2024-02-27 16:33:29,Double Burger,3,65,1,0
4298,2024-02-27 10:34:26,Double Burger,3,65,1,0
4298,2024-02-27 10:34:26,Classic Burger,3,45,1,0
4298,2024-02-27 10:34:26,Chicken Burger,1,55,1,0
4299,2024-02-27 23:21:01,Ice Cream,2,18,1,0
4300,2024-02-27 21:53:55,Fries,1,20,1,0
4300,2024-02-27 21:53:55,Chicken Nuggets,1,30,1,0
4300,2024-02-27 21:53:55,Cheese Burger,3,50,1,0
4300,2024-02-27 21:53:55,Ice Cream,2,18,1,0
4301,2024-02-27 16:03:05,Fries,3,20,1,0
4301,2024-02-27 16:03:05,Chicken Burger,2,55,1,0
4301,2024-02-27 16:03:05,Cheese Burger,2,50,1,0
4301,2024-02-27 16:03:05,Onion Rings,3,22,1,0
4301,2024-02-27 16:03:05,Double Burger,3,65,1,0
4302,2024-02-27 18:45:19,Ice Cream,1,18,1,0
4303,2024-02-27 14:42:44,Milkshake,3,28,1,0
4303,2024-02-27 14:42:44,Chicken Nuggets,1,30,1,0
4303,2024-02-27 14:42:44,Classic Burger,3,45,1,0
4303,2024-02-27 14:42:44,Onion Rings,1,22,1,0
4304,2024-02-27 23:33:16,Double Burger,3,65,1,0
4305,2024-02-27 23:31:09,Fries,1,20,1,0
4306,2024-02-27 18:24:32,Milkshake,3,28,1,0
4306,2024-02-27 18:24:32,Chicken Burger,1,55,1,0
4306,2024-02-27 18:24:32,Soft Drink,3,15,1,0
4306,2024-02-27 18:24:32,Classic Burger,1,45,1,0
4307,2024-02-27 21:39:46,Classic Burger,3,45,1,0
4308,2024-02-27 18:47:20,Chicken Nuggets,3,30,1,0
4308,2024-02-27 18:47:20,Soft Drink,3,15,1,0
4308,2024-02-27 18:47:20,Onion Rings,2,22,1,0
4308,2024-02-27 18:47:20,Double Burger,3,65,1,0
4309,2024-02-27 13:20:56,Milkshake,1,28,1,0
4310,2024-02-27 16:17:13,Onion Rings,1,22,1,0
4311,2024-02-27 18:44:23,Ice Cream,2,18,1,0
4311,2024-02-27 18:44:23,Cheese Burger,3,50,1,0
4311,2024-02-27 18:44:23,Double Burger,2,65,1,0
4312,2024-02-27 16:14:55,Double Burger,2,65,1,0
4313,2024-02-27 17:26:45,Onion Rings,2,22,1,0
4314,2024-02-27 17:26:39,Fries,3,20,1,0
4314,2024-02-27 17:26:39,Soft Drink,2,15,1,0
4315,2024-02-27 17:40:35,Double Burger,2,65,1,0
4315,2024-02-27 17:40:35,Chicken Burger,3,55,1,0
4315,2024-02-27 17:40:35,Cheese Burger,1,50,1,0
4315,2024-02-27 17:40:35,Soft Drink,1,15,1,0
4316,2024-02-27 18:31:20,Double Burger,1,65,1,0
4316,2024-02-27 18:31:20,Cheese Burger,2,50,1,0
4316,2024-02-27 18:31:20,Chicken Nuggets,1,30,1,0
4316,2024-02-27 18:31:20,Soft Drink,2,15,1,0
4316,2024-02-27 18:31:20,Onion Rings,1,22,1,0
4317,2024-02-27 14:51:49,Chicken Nuggets,1,30,1,0
4317,2024-02-27 14:51:49,Fries,1,20,1,0
4317,2024-02-27 14:51:49,Soft Drink,1,15,1,0
4317,2024-02-27 14:51:49,Onion Rings,1,22,1,0
4317,2024-02-27 14:51:49,Classic Burger,1,45,1,0
4318,2024-02-27 15:17:01,Fries,3,20,1,0
4319,2024-02-28 20:01:41,Double Burger,3,65,1,0
4319,2024-02-28 20:01:41,Ice Cream,3,18,1,0
4319,2024-02-28 20:01:41,Fries,3,20,1,0
4320,2024-02-28 11:45:46,Onion Rings,2,22,1,0
4320,2024-02-28 11:45:46,Soft Drink,2,15,1,0
4320,2024-02-28 11:45:46,Fries,2,20,1,0
4321,2024-02-28 21:55:14,Classic Burger,1,45,1,0
4322,2024-02-28 22:24:16,Fries,2,20,1,0
4322,2024-02-28 22:24:16,Soft Drink,3,15,1,0
4322,2024-02-28 22:24:16,Milkshake,3,28,1,0
4322,2024-02-28 22:24:16,Double Burger,1,65,1,0
4322,2024-02-28 22:24:16,Ice Cream,3,18,1,0
4323,2024-02-28 17:41:46,Chicken Nuggets,3,30,1,0
4323,2024-02-28 17:41:46,Classic Burger,3,45,1,0
4323,2024-02-28 17:41:46,Fries,2,20,1,0
4323,2024-02-28 17:41:46,Milkshake,2,28,1,0
4323,2024-02-28 17:41:46,Double Burger,1,65,1,0
4324,2024-02-28 10:05:51,Soft Drink,3,15,1,0
4324,2024-02-28 10:05:51,Milkshake,2,28,1,0
4324,2024-02-28 10:05:51,Double Burger,2,65,1,0
4324,2024-02-28 10:05:51,Ice Cream,2,18,1,0
4325,2024-02-28 16:43:10,Soft Drink,1,15,1,0
4325,2024-02-28 16:43:10,Cheese Burger,2,50,1,0
4325,2024-02-28 16:43:10,Fries,3,20,1,0
4326,2024-02-28 17:48:35,Chicken Nuggets,2,30,1,0
4326,2024-02-28 17:48:35,Ice Cream,1,18,1,0
4326,2024-02-28 17:48:35,Milkshake,1,28,1,0
4327,2024-02-28 14:23:13,Ice Cream,2,18,1,0
4328,2024-02-28 16:06:06,Soft Drink,3,15,1,0
4328,2024-02-28 16:06:06,Chicken Burger,3,55,1,0
4328,2024-02-28 16:06:06,Ice Cream,1,18,1,0
4328,2024-02-28 16:06:06,Fries,2,20,1,0
4329,2024-02-28 22:25:04,Chicken Burger,2,55,1,0
4329,2024-02-28 22:25:04,Double Burger,2,65,1,0
4329,2024-02-28 22:25:04,Milkshake,2,28,1,0
4330,2024-02-28 19:34:13,Fries,2,20,1,0
4330,2024-02-28 19:34:13,Ice Cream,3,18,1,0
4330,2024-02-28 19:34:13,Chicken Burger,2,55,1,0
4330,2024-02-28 19:34:13,Chicken Nuggets,1,30,1,0
4330,2024-02-28 19:34:13,Milkshake,1,28,1,0
4331,2024-02-28 15:40:26,Double Burger,1,65,1,0
4332,2024-02-28 13:34:58,Cheese Burger,1,50,1,0
4333,2024-02-28 17:52:32,Soft Drink,2,15,1,0
4333,2024-02-28 17:52:32,Milkshake,3,28,1,0
4334,2024-02-28 17:51:55,Classic Burger,3,45,1,0
4334,2024-02-28 17:51:55,Chicken Burger,3,55,1,0
4334,2024-02-28 17:51:55,Chicken Nuggets,3,30,1,0
4335,2024-02-28 19:43:51,Ice Cream,3,18,1,0
4335,2024-02-28 19:43:51,Milkshake,3,28,1,0
4335,2024-02-28 19:43:51,Onion Rings,1,22,1,0
4336,2024-02-28 16:40:48,Soft Drink,3,15,1,0
4337,2024-02-28 19:35:42,Onion Rings,3,22,1,0
4338,2024-02-28 23:16:05,Milkshake,1,28,1,0
4338,2024-02-28 23:16:05,Cheese Burger,1,50,1,0
4338,2024-02-28 23:16:05,Double Burger,1,65,1,0
4338,2024-02-28 23:16:05,Ice Cream,1,18,1,0
4339,2024-02-28 20:44:37,Milkshake,3,28,1,0
4340,2024-02-28 17:21:55,Ice Cream,2,18,1,0
4340,2024-02-28 17:21:55,Classic Burger,1,45,1,0
4340,2024-02-28 17:21:55,Chicken Nuggets,1,30,1,0
4340,2024-02-28 17:21:55,Soft Drink,2,15,1,0
4340,2024-02-28 17:21:55,Chicken Burger,1,55,1,0
4341,2024-02-28 17:22:27,Chicken Nuggets,3,30,1,0
4341,2024-02-28 17:22:27,Fries,3,20,1,0
4341,2024-02-28 17:22:27,Ice Cream,3,18,1,0
4341,2024-02-28 17:22:27,Milkshake,1,28,1,0
4341,2024-02-28 17:22:27,Soft Drink,3,15,1,0
4342,2024-02-28 16:12:30,Chicken Nuggets,3,30,1,0
4342,2024-02-28 16:12:30,Cheese Burger,1,50,1,0
4342,2024-02-28 16:12:30,Soft Drink,3,15,1,0
4342,2024-02-28 16:12:30,Ice Cream,2,18,1,0
4342,2024-02-28 16:12:30,Onion Rings,2,22,1,0
4343,2024-02-28 21:34:52,Chicken Burger,3,55,1,0
4343,2024-02-28 21:34:52,Chicken Nuggets,3,30,1,0
4343,2024-02-28 21:34:52,Double Burger,2,65,1,0
4344,2024-02-28 16:21:13,Milkshake,2,28,1,0
4344,2024-02-28 16:21:13,Onion Rings,3,22,1,0
4344,2024-02-28 16:21:13,Cheese Burger,1,50,1,0
4344,2024-02-28 16:21:13,Classic Burger,2,45,1,0
4345,2024-02-28 18:36:08,Milkshake,2,28,1,0
4345,2024-02-28 18:36:08,Classic Burger,1,45,1,0
4345,2024-02-28 18:36:08,Chicken Burger,2,55,1,0
4345,2024-02-28 18:36:08,Soft Drink,1,15,1,0
4346,2024-02-28 18:08:43,Double Burger,1,65,1,0
4346,2024-02-28 18:08:43,Onion Rings,2,22,1,0
4346,2024-02-28 18:08:43,Chicken Nuggets,3,30,1,0
4346,2024-02-28 18:08:43,Ice Cream,2,18,1,0
4347,2024-02-28 16:53:04,Chicken Burger,1,55,1,0
4347,2024-02-28 16:53:04,Ice Cream,1,18,1,0
4348,2024-02-28 13:02:30,Fries,2,20,1,0
4348,2024-02-28 13:02:30,Cheese Burger,2,50,1,0
4348,2024-02-28 13:02:30,Soft Drink,3,15,1,0
4349,2024-02-28 18:44:55,Chicken Burger,1,55,1,0
4349,2024-02-28 18:44:55,Soft Drink,3,15,1,0
4349,2024-02-28 18:44:55,Classic Burger,3,45,1,0
4350,2024-02-28 17:05:07,Fries,3,20,1,0
4350,2024-02-28 17:05:07,Double Burger,2,65,1,0
4350,2024-02-28 17:05:07,Classic Burger,1,45,1,0
4351,2024-02-28 19:55:15,Fries,3,20,1,0
4351,2024-02-28 19:55:15,Milkshake,2,28,1,0
4352,2024-02-28 16:00:17,Fries,3,20,1,0
4352,2024-02-28 16:00:17,Milkshake,2,28,1,0
4353,2024-02-28 21:21:09,Classic Burger,2,45,1,0
4353,2024-02-28 21:21:09,Chicken Nuggets,1,30,1,0
4353,2024-02-28 21:21:09,Chicken Burger,3,55,1,0
4354,2024-02-28 15:54:36,Chicken Nuggets,1,30,1,0
4354,2024-02-28 15:54:36,Soft Drink,2,15,1,0
4354,2024-02-28 15:54:36,Fries,2,20,1,0
4354,2024-02-28 15:54:36,Ice Cream,2,18,1,0
4355,2024-02-28 23:54:16,Ice Cream,2,18,1,0
4355,2024-02-28 23:54:16,Fries,2,20,1,0
4355,2024-02-28 23:54:16,Chicken Nuggets,3,30,1,0
4355,2024-02-28 23:54:16,Chicken Burger,2,55,1,0
4355,2024-02-28 23:54:16,Double Burger,1,65,1,0
4356,2024-02-28 12:52:13,Classic Burger,1,45,1,0
4356,2024-02-28 12:52:13,Double Burger,2,65,1,0
4356,2024-02-28 12:52:13,Ice Cream,1,18,1,0
4356,2024-02-28 12:52:13,Fries,1,20,1,0
4357,2024-02-28 19:05:23,Classic Burger,1,45,1,0
4357,2024-02-28 19:05:23,Chicken Nuggets,1,30,1,0
4358,2024-02-28 19:24:33,Chicken Burger,1,55,1,0
4359,2024-02-28 15:59:35,Classic Burger,1,45,1,0
4359,2024-02-28 15:59:35,Soft Drink,1,15,1,0
4359,2024-02-28 15:59:35,Chicken Burger,3,55,1,0
4359,2024-02-28 15:59:35,Fries,3,20,1,0
4359,2024-02-28 15:59:35,Onion Rings,2,22,1,0
4360,2024-02-29 19:05:26,Fries,3,20,1,0
4360,2024-02-29 19:05:26,Cheese Burger,1,50,1,0
4361,2024-02-29 10:27:57,Onion Rings,2,22,1,0
4361,2024-02-29 10:27:57,Cheese Burger,2,50,1,0
4361,2024-02-29 10:27:57,Milkshake,2,28,1,0
4362,2024-02-29 15:52:58,Fries,2,20,1,0
4362,2024-02-29 15:52:58,Chicken Nuggets,2,30,1,0
4363,2024-02-29 22:06:07,Chicken Nuggets,1,30,1,0
4364,2024-02-29 16:46:45,Chicken Nuggets,2,30,1,0
4364,2024-02-29 16:46:45,Ice Cream,2,18,1,0
4364,2024-02-29 16:46:45,Double Burger,1,65,1,0
4365,2024-02-29 14:27:39,Double Burger,3,65,1,0
4365,2024-02-29 14:27:39,Chicken Burger,3,55,1,0
4365,2024-02-29 14:27:39,Chicken Nuggets,2,30,1,0
4366,2024-02-29 17:35:18,Classic Burger,3,45,1,0
4366,2024-02-29 17:35:18,Cheese Burger,3,50,1,0
4366,2024-02-29 17:35:18,Chicken Nuggets,1,30,1,0
4367,2024-02-29 23:22:57,Ice Cream,2,18,1,0
4367,2024-02-29 23:22:57,Fries,2,20,1,0
4368,2024-02-29 12:22:08,Ice Cream,2,18,1,0
4368,2024-02-29 12:22:08,Double Burger,2,65,1,0
4368,2024-02-29 12:22:08,Chicken Burger,1,55,1,0
4369,2024-02-29 14:19:58,Chicken Burger,3,55,1,0
4369,2024-02-29 14:19:58,Chicken Nuggets,2,30,1,0
4370,2024-02-29 22:05:37,Ice Cream,2,18,1,0
4371,2024-02-29 23:05:13,Cheese Burger,1,50,1,0
4371,2024-02-29 23:05:13,Soft Drink,3,15,1,0
4371,2024-02-29 23:05:13,Ice Cream,2,18,1,0
4371,2024-02-29 23:05:13,Fries,2,20,1,0
4371,2024-02-29 23:05:13,Milkshake,1,28,1,0
4372,2024-02-29 17:55:09,Double Burger,3,65,1,0
4373,2024-02-29 14:41:26,Cheese Burger,3,50,1,0
4373,2024-02-29 14:41:26,Ice Cream,1,18,1,0
4373,2024-02-29 14:41:26,Milkshake,3,28,1,0
4374,2024-02-29 23:37:00,Chicken Burger,1,55,1,0
4374,2024-02-29 23:37:00,Ice Cream,3,18,1,0
4374,2024-02-29 23:37:00,Milkshake,1,28,1,0
4375,2024-02-29 22:17:09,Milkshake,2,28,1,0
4375,2024-02-29 22:17:09,Chicken Nuggets,1,30,1,0
4376,2024-02-29 20:36:22,Chicken Burger,2,55,1,0
4376,2024-02-29 20:36:22,Ice Cream,1,18,1,0
4376,2024-02-29 20:36:22,Fries,1,20,1,0
4376,2024-02-29 20:36:22,Double Burger,3,65,1,0
4377,2024-02-29 15:12:39,Onion Rings,1,22,1,0
4378,2024-02-29 17:51:19,Milkshake,2,28,1,0
4378,2024-02-29 17:51:19,Fries,3,20,1,0
4379,2024-02-29 17:38:50,Chicken Burger,3,55,1,0
4379,2024-02-29 17:38:50,Cheese Burger,1,50,1,0
4379,2024-02-29 17:38:50,Double Burger,3,65,1,0
4379,2024-02-29 17:38:50,Ice Cream,3,18,1,0
4379,2024-02-29 17:38:50,Soft Drink,1,15,1,0
4380,2024-02-29 18:17:06,Chicken Burger,3,55,1,0
4380,2024-02-29 18:17:06,Cheese Burger,3,50,1,0
4380,2024-02-29 18:17:06,Ice Cream,3,18,1,0
4381,2024-02-29 22:30:24,Cheese Burger,3,50,1,0
4381,2024-02-29 22:30:24,Chicken Burger,3,55,1,0
4381,2024-02-29 22:30:24,Fries,3,20,1,0
4381,2024-02-29 22:30:24,Ice Cream,2,18,1,0
4381,2024-02-29 22:30:24,Soft Drink,1,15,1,0
4382,2024-02-29 20:11:27,Ice Cream,3,18,1,0
4382,2024-02-29 20:11:27,Soft Drink,3,15,1,0
4382,2024-02-29 20:11:27,Milkshake,2,28,1,0
4382,2024-02-29 20:11:27,Chicken Nuggets,2,30,1,0
4383,2024-02-29 14:36:07,Fries,2,20,1,0
4383,2024-02-29 14:36:07,Ice Cream,2,18,1,0
4383,2024-02-29 14:36:07,Double Burger,1,65,1,0
4383,2024-02-29 14:36:07,Chicken Nuggets,1,30,1,0
4383,2024-02-29 14:36:07,Classic Burger,3,45,1,0
4384,2024-02-29 22:00:39,Chicken Burger,3,55,1,0
4384,2024-02-29 22:00:39,Ice Cream,2,18,1,0
4384,2024-02-29 22:00:39,Cheese Burger,2,50,1,0
4384,2024-02-29 22:00:39,Onion Rings,3,22,1,0
4384,2024-02-29 22:00:39,Milkshake,2,28,1,0
4385,2024-02-29 18:48:24,Milkshake,1,28,1,0
4385,2024-02-29 18:48:24,Cheese Burger,3,50,1,0
4385,2024-02-29 18:48:24,Double Burger,2,65,1,0
4386,2024-02-29 20:51:55,Ice Cream,2,18,1,0
4386,2024-02-29 20:51:55,Fries,1,20,1,0
4386,2024-02-29 20:51:55,Cheese Burger,1,50,1,0
4387,2024-02-29 22:20:52,Double Burger,2,65,1,0
4387,2024-02-29 22:20:52,Soft Drink,2,15,1,0
4387,2024-02-29 22:20:52,Ice Cream,1,18,1,0
4387,2024-02-29 22:20:52,Chicken Nuggets,3,30,1,0
4387,2024-02-29 22:20:52,Classic Burger,2,45,1,0
4388,2024-02-29 14:43:09,Milkshake,3,28,1,0
4388,2024-02-29 14:43:09,Chicken Nuggets,1,30,1,0
4388,2024-02-29 14:43:09,Double Burger,3,65,1,0
4389,2024-02-29 17:02:18,Milkshake,1,28,1,0
4389,2024-02-29 17:02:18,Ice Cream,1,18,1,0
4389,2024-02-29 17:02:18,Soft Drink,2,15,1,0
4389,2024-02-29 17:02:18,Chicken Burger,1,55,1,0
4389,2024-02-29 17:02:18,Fries,3,20,1,0
4390,2024-02-29 16:31:33,Chicken Nuggets,2,30,1,0
4391,2024-02-29 13:08:32,Onion Rings,3,22,1,0
4392,2024-02-29 19:59:23,Milkshake,2,28,1,0
4392,2024-02-29 19:59:23,Chicken Nuggets,2,30,1,0
4392,2024-02-29 19:59:23,Chicken Burger,1,55,1,0
4392,2024-02-29 19:59:23,Cheese Burger,2,50,1,0
4392,2024-02-29 19:59:23,Fries,3,20,1,0
4393,2024-02-29 23:01:34,Chicken Burger,3,55,1,0
4394,2024-02-29 12:57:29,Chicken Nuggets,2,30,1,0
4394,2024-02-29 12:57:29,Soft Drink,3,15,1,0
4395,2024-02-29 17:58:34,Double Burger,1,65,1,0
4395,2024-02-29 17:58:34,Ice Cream,1,18,1,0
4395,2024-02-29 17:58:34,Soft Drink,2,15,1,0
4396,2024-02-29 19:52:51,Fries,2,20,1,0
4396,2024-02-29 19:52:51,Double Burger,3,65,1,0
4396,2024-02-29 19:52:51,Soft Drink,3,15,1,0
4397,2024-02-29 18:09:09,Classic Burger,1,45,1,0
4397,2024-02-29 18:09:09,Double Burger,3,65,1,0
4398,2024-02-29 17:17:18,Chicken Nuggets,2,30,1,0
4398,2024-02-29 17:17:18,Classic Burger,2,45,1,0
4398,2024-02-29 17:17:18,Soft Drink,2,15,1,0
4398,2024-02-29 17:17:18,Double Burger,3,65,1,0
4399,2024-02-29 14:29:17,Chicken Nuggets,1,30,1,0
4400,2024-02-29 18:26:33,Chicken Burger,1,55,1,0
4400,2024-02-29 18:26:33,Classic Burger,2,45,1,0
4400,2024-02-29 18:26:33,Fries,2,20,1,0
4401,2024-02-29 15:27:01,Ice Cream,3,18,1,0
4401,2024-02-29 15:27:01,Milkshake,2,28,1,0
4401,2024-02-29 15:27:01,Onion Rings,3,22,1,0
4401,2024-02-29 15:27:01,Double Burger,2,65,1,0
4401,2024-02-29 15:27:01,Fries,1,20,1,0
4402,2024-02-29 11:09:47,Chicken Burger,1,55,1,0
4403,2024-02-29 21:46:10,Chicken Nuggets,1,30,1,0
4403,2024-02-29 21:46:10,Fries,1,20,1,0
4403,2024-02-29 21:46:10,Classic Burger,2,45,1,0
4404,2024-02-29 20:48:56,Ice Cream,1,18,1,0
4404,2024-02-29 20:48:56,Chicken Burger,1,55,1,0
4404,2024-02-29 20:48:56,Classic Burger,1,45,1,0
4405,2024-02-29 18:54:17,Ice Cream,2,18,1,0
4405,2024-02-29 18:54:17,Onion Rings,3,22,1,0
4405,2024-02-29 18:54:17,Double Burger,3,65,1,0
4406,2024-02-29 18:43:33,Double Burger,2,65,1,0
4406,2024-02-29 18:43:33,Soft Drink,3,15,1,0
4407,2024-02-29 21:28:39,Double Burger,3,65,1,0
4407,2024-02-29 21:28:39,Ice Cream,2,18,1,0
4407,2024-02-29 21:28:39,Chicken Nuggets,3,30,1,0
4407,2024-02-29 21:28:39,Fries,3,20,1,0
4407,2024-02-29 21:28:39,Chicken Burger,3,55,1,0
4408,2024-02-29 18:05:02,Classic Burger,1,45,1,0
4408,2024-02-29 18:05:02,Chicken Nuggets,3,30,1,0
4409,2024-02-29 20:01:12,Fries,1,20,1,0
4410,2024-02-29 17:09:51,Ice Cream,1,18,1,0
4410,2024-02-29 17:09:51,Fries,1,20,1,0
4411,2024-02-29 21:40:00,Double Burger,2,65,1,0
4411,2024-02-29 21:40:00,Chicken Nuggets,2,30,1,0
4411,2024-02-29 21:40:00,Ice Cream,1,18,1,0
4411,2024-02-29 21:40:00,Onion Rings,1,22,1,0
4411,2024-02-29 21:40:00,Cheese Burger,1,50,1,0
4412,2024-03-01 18:27:02,Soft Drink,3,15,1,0
4412,2024-03-01 18:27:02,Ice Cream,2,18,1,0
4412,2024-03-01 18:27:02,Classic Burger,3,45,1,0
4412,2024-03-01 18:27:02,Cheese Burger,3,50,1,0
4412,2024-03-01 18:27:02,Double Burger,1,65,1,0
4413,2024-03-01 15:31:19,Classic Burger,3,45,1,0
4413,2024-03-01 15:31:19,Chicken Nuggets,2,30,1,0
4413,2024-03-01 15:31:19,Soft Drink,2,15,1,0
4413,2024-03-01 15:31:19,Fries,1,20,1,0
4414,2024-03-01 16:50:16,Cheese Burger,1,50,1,0
4414,2024-03-01 16:50:16,Soft Drink,2,15,1,0
4414,2024-03-01 16:50:16,Milkshake,3,28,1,0
4414,2024-03-01 16:50:16,Double Burger,3,65,1,0
4415,2024-03-01 15:43:44,Milkshake,3,28,1,0
4415,2024-03-01 15:43:44,Double Burger,1,65,1,0
4415,2024-03-01 15:43:44,Onion Rings,1,22,1,0
4416,2024-03-01 14:45:06,Onion Rings,3,22,1,0
4416,2024-03-01 14:45:06,Chicken Nuggets,1,30,1,0
4417,2024-03-01 23:59:28,Ice Cream,2,18,1,0
4417,2024-03-01 23:59:28,Double Burger,3,65,1,0
4417,2024-03-01 23:59:28,Onion Rings,2,22,1,0
4417,2024-03-01 23:59:28,Cheese Burger,2,50,1,0
4417,2024-03-01 23:59:28,Milkshake,3,28,1,0
4418,2024-03-01 21:43:01,Soft Drink,2,15,1,0
4418,2024-03-01 21:43:01,Milkshake,2,28,1,0
4418,2024-03-01 21:43:01,Chicken Nuggets,2,30,1,0
4418,2024-03-01 21:43:01,Classic Burger,1,45,1,0
4418,2024-03-01 21:43:01,Onion Rings,1,22,1,0
4419,2024-03-01 23:17:42,Fries,1,20,1,0
4420,2024-03-01 14:18:10,Cheese Burger,2,50,1,0
4420,2024-03-01 14:18:10,Onion Rings,2,22,1,0
4420,2024-03-01 14:18:10,Ice Cream,3,18,1,0
4420,2024-03-01 14:18:10,Fries,1,20,1,0
4421,2024-03-01 18:47:22,Double Burger,2,65,1,0
4421,2024-03-01 18:47:22,Cheese Burger,3,50,1,0
4421,2024-03-01 18:47:22,Fries,1,20,1,0
4421,2024-03-01 18:47:22,Ice Cream,1,18,1,0
4421,2024-03-01 18:47:22,Soft Drink,1,15,1,0
4422,2024-03-01 14:56:31,Classic Burger,2,45,1,0
4422,2024-03-01 14:56:31,Chicken Burger,2,55,1,0
4422,2024-03-01 14:56:31,Chicken Nuggets,1,30,1,0
4423,2024-03-01 15:56:28,Double Burger,3,65,1,0
4423,2024-03-01 15:56:28,Onion Rings,2,22,1,0
4423,2024-03-01 15:56:28,Ice Cream,3,18,1,0
4423,2024-03-01 15:56:28,Milkshake,2,28,1,0
4423,2024-03-01 15:56:28,Fries,1,20,1,0
4424,2024-03-01 15:10:28,Fries,1,20,1,0
4425,2024-03-01 21:16:55,Ice Cream,3,18,1,0
4426,2024-03-01 16:56:22,Chicken Nuggets,3,30,1,0
4427,2024-03-01 21:26:22,Milkshake,2,28,1,0
4428,2024-03-01 19:17:28,Classic Burger,3,45,1,0
4429,2024-03-01 23:57:37,Classic Burger,2,45,1,0
4429,2024-03-01 23:57:37,Onion Rings,1,22,1,0
4430,2024-03-01 13:22:13,Ice Cream,3,18,1,0
4431,2024-03-01 21:29:45,Ice Cream,3,18,1,0
4432,2024-03-01 21:26:44,Chicken Burger,2,55,1,0
4433,2024-03-01 15:34:51,Classic Burger,1,45,1,0
4434,2024-03-01 21:18:09,Classic Burger,1,45,1,0
4435,2024-03-01 19:06:16,Onion Rings,1,22,1,0
4435,2024-03-01 19:06:16,Cheese Burger,1,50,1,0
4435,2024-03-01 19:06:16,Milkshake,1,28,1,0
4435,2024-03-01 19:06:16,Double Burger,1,65,1,0
4436,2024-03-01 17:15:23,Ice Cream,3,18,1,0
4436,2024-03-01 17:15:23,Soft Drink,1,15,1,0
4437,2024-03-01 15:23:07,Ice Cream,3,18,1,0
4437,2024-03-01 15:23:07,Milkshake,3,28,1,0
4438,2024-03-01 15:40:28,Onion Rings,3,22,1,0
4439,2024-03-01 23:26:11,Soft Drink,1,15,1,0
4439,2024-03-01 23:26:11,Onion Rings,1,22,1,0
4439,2024-03-01 23:26:11,Ice Cream,3,18,1,0
4439,2024-03-01 23:26:11,Fries,3,20,1,0
4439,2024-03-01 23:26:11,Chicken Burger,3,55,1,0
4440,2024-03-01 18:27:46,Classic Burger,2,45,1,0
4440,2024-03-01 18:27:46,Double Burger,2,65,1,0
4441,2024-03-01 20:19:50,Ice Cream,1,18,1,0
4441,2024-03-01 20:19:50,Double Burger,1,65,1,0
4441,2024-03-01 20:19:50,Milkshake,2,28,1,0
4441,2024-03-01 20:19:50,Chicken Burger,3,55,1,0
4441,2024-03-01 20:19:50,Classic Burger,1,45,1,0
4442,2024-03-01 15:10:27,Classic Burger,3,45,1,0
4442,2024-03-01 15:10:27,Fries,3,20,1,0
4442,2024-03-01 15:10:27,Ice Cream,2,18,1,0
4442,2024-03-01 15:10:27,Double Burger,3,65,1,0
4442,2024-03-01 15:10:27,Onion Rings,3,22,1,0
4443,2024-03-01 15:16:40,Double Burger,2,65,1,0
4443,2024-03-01 15:16:40,Cheese Burger,2,50,1,0
4444,2024-03-01 21:49:03,Chicken Nuggets,2,30,1,0
4444,2024-03-01 21:49:03,Double Burger,3,65,1,0
4444,2024-03-01 21:49:03,Classic Burger,1,45,1,0
4444,2024-03-01 21:49:03,Soft Drink,2,15,1,0
4445,2024-03-01 13:36:23,Fries,3,20,1,0
4445,2024-03-01 13:36:23,Ice Cream,3,18,1,0
4445,2024-03-01 13:36:23,Cheese Burger,3,50,1,0
4445,2024-03-01 13:36:23,Milkshake,1,28,1,0
4446,2024-03-01 16:05:51,Ice Cream,2,18,1,0
4447,2024-03-01 18:24:47,Cheese Burger,3,50,1,0
4447,2024-03-01 18:24:47,Double Burger,3,65,1,0
4447,2024-03-01 18:24:47,Chicken Burger,3,55,1,0
4447,2024-03-01 18:24:47,Onion Rings,2,22,1,0
4447,2024-03-01 18:24:47,Fries,1,20,1,0
4448,2024-03-01 18:31:28,Onion Rings,2,22,1,0
4449,2024-03-01 17:08:56,Classic Burger,2,45,1,0
4449,2024-03-01 17:08:56,Chicken Burger,1,55,1,0
4449,2024-03-01 17:08:56,Fries,3,20,1,0
4450,2024-03-01 19:02:44,Ice Cream,3,18,1,0
4450,2024-03-01 19:02:44,Onion Rings,1,22,1,0
4450,2024-03-01 19:02:44,Soft Drink,1,15,1,0
4450,2024-03-01 19:02:44,Classic Burger,2,45,1,0
4450,2024-03-01 19:02:44,Double Burger,2,65,1,0
4451,2024-03-01 20:20:39,Double Burger,2,65,1,0
4451,2024-03-01 20:20:39,Onion Rings,1,22,1,0
4451,2024-03-01 20:20:39,Ice Cream,1,18,1,0
4452,2024-03-01 20:33:25,Chicken Nuggets,2,30,1,0
4452,2024-03-01 20:33:25,Classic Burger,3,45,1,0
4452,2024-03-01 20:33:25,Cheese Burger,3,50,1,0
4453,2024-03-02 17:33:16,Classic Burger,1,45,1,1
4453,2024-03-02 17:33:16,Cheese Burger,1,50,1,1
4453,2024-03-02 17:33:16,Soft Drink,3,15,1,1
4453,2024-03-02 17:33:16,Milkshake,3,28,1,1
4454,2024-03-02 21:47:38,Soft Drink,1,15,1,1
4454,2024-03-02 21:47:38,Fries,3,20,1,1
4455,2024-03-02 20:12:42,Double Burger,2,65,1,1
4456,2024-03-02 13:33:15,Classic Burger,3,45,1,1
4456,2024-03-02 13:33:15,Onion Rings,2,22,1,1
4457,2024-03-02 19:46:38,Fries,3,20,1,1
4457,2024-03-02 19:46:38,Cheese Burger,3,50,1,1
4458,2024-03-02 12:17:32,Double Burger,1,65,1,1
4458,2024-03-02 12:17:32,Fries,2,20,1,1
4458,2024-03-02 12:17:32,Cheese Burger,1,50,1,1
4458,2024-03-02 12:17:32,Chicken Burger,1,55,1,1
4458,2024-03-02 12:17:32,Chicken Nuggets,3,30,1,1
4459,2024-03-02 18:32:35,Onion Rings,2,22,1,1
4459,2024-03-02 18:32:35,Classic Burger,1,45,1,1
4460,2024-03-02 23:30:26,Chicken Burger,3,55,1,1
4461,2024-03-02 15:36:36,Milkshake,1,28,1,1
4461,2024-03-02 15:36:36,Chicken Nuggets,1,30,1,1
4462,2024-03-02 15:11:01,Milkshake,2,28,1,1
4462,2024-03-02 15:11:01,Double Burger,3,65,1,1
4462,2024-03-02 15:11:01,Onion Rings,1,22,1,1
4462,2024-03-02 15:11:01,Chicken Burger,3,55,1,1
4463,2024-03-02 20:53:02,Fries,3,20,1,1
4464,2024-03-02 13:41:04,Ice Cream,1,18,1,1
4464,2024-03-02 13:41:04,Chicken Nuggets,1,30,1,1
4464,2024-03-02 13:41:04,Chicken Burger,1,55,1,1
4464,2024-03-02 13:41:04,Onion Rings,1,22,1,1
4465,2024-03-02 16:08:58,Classic Burger,3,45,1,1
4465,2024-03-02 16:08:58,Chicken Burger,1,55,1,1
4466,2024-03-02 19:32:42,Ice Cream,2,18,1,1
4466,2024-03-02 19:32:42,Chicken Nuggets,3,30,1,1
4466,2024-03-02 19:32:42,Soft Drink,1,15,1,1
4467,2024-03-02 16:35:24,Ice Cream,2,18,1,1
4467,2024-03-02 16:35:24,Cheese Burger,2,50,1,1
4467,2024-03-02 16:35:24,Soft Drink,2,15,1,1
4467,2024-03-02 16:35:24,Fries,3,20,1,1
4467,2024-03-02 16:35:24,Classic Burger,3,45,1,1
4468,2024-03-02 17:27:35,Chicken Burger,3,55,1,1
4468,2024-03-02 17:27:35,Ice Cream,3,18,1,1
4469,2024-03-02 20:52:10,Chicken Burger,2,55,1,1
4469,2024-03-02 20:52:10,Soft Drink,2,15,1,1
4470,2024-03-02 19:33:28,Classic Burger,2,45,1,1
4471,2024-03-02 18:35:09,Onion Rings,2,22,1,1
4472,2024-03-02 16:35:22,Soft Drink,3,15,1,1
4472,2024-03-02 16:35:22,Double Burger,1,65,1,1
4473,2024-03-02 19:33:47,Double Burger,2,65,1,1
4473,2024-03-02 19:33:47,Chicken Burger,3,55,1,1
4473,2024-03-02 19:33:47,Milkshake,3,28,1,1
4473,2024-03-02 19:33:47,Fries,3,20,1,1
4474,2024-03-02 17:36:38,Chicken Nuggets,1,30,1,1
4474,2024-03-02 17:36:38,Classic Burger,2,45,1,1
4474,2024-03-02 17:36:38,Cheese Burger,3,50,1,1
4475,2024-03-02 19:49:09,Ice Cream,1,18,1,1
4475,2024-03-02 19:49:09,Fries,2,20,1,1
4475,2024-03-02 19:49:09,Onion Rings,2,22,1,1
4475,2024-03-02 19:49:09,Double Burger,1,65,1,1
4475,2024-03-02 19:49:09,Cheese Burger,1,50,1,1
4476,2024-03-02 16:13:32,Fries,1,20,1,1
4476,2024-03-02 16:13:32,Ice Cream,2,18,1,1
4476,2024-03-02 16:13:32,Chicken Nuggets,3,30,1,1
4476,2024-03-02 16:13:32,Cheese Burger,2,50,1,1
4476,2024-03-02 16:13:32,Milkshake,3,28,1,1
4477,2024-03-02 17:46:46,Soft Drink,1,15,1,1
4478,2024-03-02 15:11:20,Onion Rings,2,22,1,1
4478,2024-03-02 15:11:20,Chicken Burger,3,55,1,1
4478,2024-03-02 15:11:20,Cheese Burger,2,50,1,1
4479,2024-03-02 17:16:18,Cheese Burger,2,50,1,1
4479,2024-03-02 17:16:18,Onion Rings,3,22,1,1
4479,2024-03-02 17:16:18,Chicken Nuggets,3,30,1,1
4480,2024-03-02 15:51:09,Onion Rings,2,22,1,1
4480,2024-03-02 15:51:09,Fries,1,20,1,1
4481,2024-03-02 14:55:03,Milkshake,1,28,1,1
4481,2024-03-02 14:55:03,Onion Rings,1,22,1,1
4482,2024-03-02 18:28:11,Cheese Burger,1,50,1,1
4482,2024-03-02 18:28:11,Classic Burger,3,45,1,1
4482,2024-03-02 18:28:11,Onion Rings,3,22,1,1
4482,2024-03-02 18:28:11,Chicken Burger,3,55,1,1
4482,2024-03-02 18:28:11,Fries,3,20,1,1
4483,2024-03-02 18:10:59,Classic Burger,1,45,1,1
4483,2024-03-02 18:10:59,Chicken Nuggets,2,30,1,1
4484,2024-03-02 20:29:44,Soft Drink,1,15,1,1
4484,2024-03-02 20:29:44,Classic Burger,1,45,1,1
4484,2024-03-02 20:29:44,Cheese Burger,3,50,1,1
4484,2024-03-02 20:29:44,Chicken Burger,1,55,1,1
4485,2024-03-02 16:53:13,Classic Burger,1,45,1,1
4486,2024-03-02 19:37:39,Ice Cream,2,18,1,1
4486,2024-03-02 19:37:39,Fries,1,20,1,1
4487,2024-03-02 19:59:51,Milkshake,2,28,1,1
4487,2024-03-02 19:59:51,Onion Rings,1,22,1,1
4487,2024-03-02 19:59:51,Soft Drink,3,15,1,1
4487,2024-03-02 19:59:51,Classic Burger,1,45,1,1
4487,2024-03-02 19:59:51,Chicken Burger,3,55,1,1
4488,2024-03-02 19:56:21,Chicken Nuggets,1,30,1,1
4488,2024-03-02 19:56:21,Milkshake,1,28,1,1
4488,2024-03-02 19:56:21,Onion Rings,2,22,1,1
4488,2024-03-02 19:56:21,Cheese Burger,2,50,1,1
4488,2024-03-02 19:56:21,Ice Cream,1,18,1,1
4489,2024-03-02 15:51:35,Soft Drink,3,15,1,1
4489,2024-03-02 15:51:35,Classic Burger,1,45,1,1
4489,2024-03-02 15:51:35,Ice Cream,3,18,1,1
4489,2024-03-02 15:51:35,Double Burger,3,65,1,1
4489,2024-03-02 15:51:35,Fries,1,20,1,1
4490,2024-03-02 18:58:42,Soft Drink,2,15,1,1
4490,2024-03-02 18:58:42,Fries,1,20,1,1
4490,2024-03-02 18:58:42,Ice Cream,2,18,1,1
4491,2024-03-02 19:10:12,Onion Rings,3,22,1,1
4491,2024-03-02 19:10:12,Chicken Nuggets,1,30,1,1
4491,2024-03-02 19:10:12,Double Burger,2,65,1,1
4491,2024-03-02 19:10:12,Chicken Burger,1,55,1,1
4491,2024-03-02 19:10:12,Cheese Burger,1,50,1,1
4492,2024-03-02 18:43:53,Chicken Burger,2,55,1,1
4492,2024-03-02 18:43:53,Milkshake,1,28,1,1
4492,2024-03-02 18:43:53,Fries,3,20,1,1
4492,2024-03-02 18:43:53,Cheese Burger,1,50,1,1
4492,2024-03-02 18:43:53,Chicken Nuggets,2,30,1,1
4493,2024-03-02 11:59:02,Cheese Burger,1,50,1,1
4493,2024-03-02 11:59:02,Classic Burger,2,45,1,1
4493,2024-03-02 11:59:02,Fries,3,20,1,1
4493,2024-03-02 11:59:02,Chicken Burger,3,55,1,1
4494,2024-03-02 18:16:05,Fries,3,20,1,1
4494,2024-03-02 18:16:05,Chicken Nuggets,2,30,1,1
4495,2024-03-02 23:58:31,Fries,1,20,1,1
4495,2024-03-02 23:58:31,Onion Rings,1,22,1,1
4496,2024-03-02 16:22:53,Double Burger,3,65,1,1
4496,2024-03-02 16:22:53,Cheese Burger,1,50,1,1
4496,2024-03-02 16:22:53,Fries,1,20,1,1
4497,2024-03-02 15:02:21,Chicken Burger,2,55,1,1
4497,2024-03-02 15:02:21,Soft Drink,3,15,1,1
4497,2024-03-02 15:02:21,Ice Cream,3,18,1,1
4497,2024-03-02 15:02:21,Milkshake,3,28,1,1
4498,2024-03-02 19:00:45,Soft Drink,1,15,1,1
4498,2024-03-02 19:00:45,Milkshake,1,28,1,1
4498,2024-03-02 19:00:45,Double Burger,2,65,1,1
4498,2024-03-02 19:00:45,Chicken Nuggets,1,30,1,1
4499,2024-03-02 18:02:45,Milkshake,1,28,1,1
4499,2024-03-02 18:02:45,Soft Drink,2,15,1,1
4500,2024-03-02 21:18:10,Double Burger,3,65,1,1
4501,2024-03-02 14:55:01,Cheese Burger,3,50,1,1
4501,2024-03-02 14:55:01,Double Burger,3,65,1,1
4501,2024-03-02 14:55:01,Soft Drink,1,15,1,1
4501,2024-03-02 14:55:01,Chicken Nuggets,3,30,1,1
4502,2024-03-02 20:06:08,Soft Drink,2,15,1,1
4502,2024-03-02 20:06:08,Onion Rings,3,22,1,1
4502,2024-03-02 20:06:08,Ice Cream,1,18,1,1
4502,2024-03-02 20:06:08,Cheese Burger,3,50,1,1
4503,2024-03-02 19:25:29,Cheese Burger,2,50,1,1
4504,2024-03-02 17:21:29,Cheese Burger,3,50,1,1
4504,2024-03-02 17:21:29,Onion Rings,2,22,1,1
4505,2024-03-02 19:48:22,Double Burger,1,65,1,1
4505,2024-03-02 19:48:22,Chicken Burger,3,55,1,1
4505,2024-03-02 19:48:22,Onion Rings,3,22,1,1
4506,2024-03-02 21:55:54,Double Burger,2,65,1,1
4507,2024-03-02 20:45:10,Classic Burger,3,45,1,1
4507,2024-03-02 20:45:10,Chicken Burger,2,55,1,1
4507,2024-03-02 20:45:10,Ice Cream,1,18,1,1
4507,2024-03-02 20:45:10,Double Burger,3,65,1,1
4508,2024-03-02 14:20:59,Double Burger,3,65,1,1
4509,2024-03-02 20:45:25,Classic Burger,2,45,1,1
4509,2024-03-02 20:45:25,Soft Drink,2,15,1,1
4509,2024-03-02 20:45:25,Chicken Burger,3,55,1,1
4509,2024-03-02 20:45:25,Onion Rings,3,22,1,1
4510,2024-03-02 17:50:39,Cheese Burger,3,50,1,1
4510,2024-03-02 17:50:39,Milkshake,2,28,1,1
4510,2024-03-02 17:50:39,Classic Burger,1,45,1,1
4510,2024-03-02 17:50:39,Double Burger,2,65,1,1
4510,2024-03-02 17:50:39,Onion Rings,3,22,1,1
4511,2024-03-02 18:52:02,Cheese Burger,2,50,1,1
4512,2024-03-02 18:30:35,Chicken Burger,2,55,1,1
4513,2024-03-02 17:26:20,Milkshake,2,28,1,1
4513,2024-03-02 17:26:20,Ice Cream,1,18,1,1
4513,2024-03-02 17:26:20,Cheese Burger,2,50,1,1
4513,2024-03-02 17:26:20,Soft Drink,2,15,1,1
4514,2024-03-02 21:25:55,Classic Burger,2,45,1,1
4515,2024-03-02 17:50:10,Cheese Burger,1,50,1,1
4516,2024-03-02 14:36:25,Classic Burger,3,45,1,1
4516,2024-03-02 14:36:25,Chicken Nuggets,2,30,1,1
4516,2024-03-02 14:36:25,Fries,3,20,1,1
4516,2024-03-02 14:36:25,Milkshake,3,28,1,1
4517,2024-03-02 16:26:08,Classic Burger,3,45,1,1
4517,2024-03-02 16:26:08,Chicken Burger,1,55,1,1
4518,2024-03-02 18:46:25,Double Burger,3,65,1,1
4518,2024-03-02 18:46:25,Cheese Burger,1,50,1,1
4518,2024-03-02 18:46:25,Chicken Burger,2,55,1,1
4518,2024-03-02 18:46:25,Classic Burger,3,45,1,1
4519,2024-03-02 21:33:10,Chicken Nuggets,2,30,1,1
4519,2024-03-02 21:33:10,Classic Burger,2,45,1,1
4519,2024-03-02 21:33:10,Onion Rings,2,22,1,1
4519,2024-03-02 21:33:10,Cheese Burger,3,50,1,1
4519,2024-03-02 21:33:10,Milkshake,1,28,1,1
4520,2024-03-02 19:42:18,Ice Cream,3,18,1,1
4520,2024-03-02 19:42:18,Classic Burger,2,45,1,1
4520,2024-03-02 19:42:18,Soft Drink,3,15,1,1
4520,2024-03-02 19:42:18,Cheese Burger,2,50,1,1
4521,2024-03-02 15:42:51,Ice Cream,1,18,1,1
4521,2024-03-02 15:42:51,Chicken Nuggets,1,30,1,1
4522,2024-03-02 23:47:29,Classic Burger,1,45,1,1
4522,2024-03-02 23:47:29,Chicken Nuggets,1,30,1,1
4523,2024-03-02 18:48:54,Ice Cream,1,18,1,1
4524,2024-03-02 21:19:58,Classic Burger,3,45,1,1
4525,2024-03-02 17:36:21,Soft Drink,2,15,1,1
4525,2024-03-02 17:36:21,Fries,1,20,1,1
4525,2024-03-02 17:36:21,Classic Burger,3,45,1,1
4526,2024-03-02 19:55:35,Soft Drink,2,15,1,1
4527,2024-03-02 20:34:57,Fries,1,20,1,1
4528,2024-03-02 21:04:52,Double Burger,2,65,1,1
4529,2024-03-02 21:26:06,Fries,1,20,1,1
4529,2024-03-02 21:26:06,Soft Drink,1,15,1,1
4529,2024-03-02 21:26:06,Milkshake,2,28,1,1
4529,2024-03-02 21:26:06,Classic Burger,2,45,1,1
4529,2024-03-02 21:26:06,Chicken Nuggets,1,30,1,1
4530,2024-03-02 20:08:16,Cheese Burger,1,50,1,1
4530,2024-03-02 20:08:16,Chicken Burger,1,55,1,1
4530,2024-03-02 20:08:16,Onion Rings,3,22,1,1
4530,2024-03-02 20:08:16,Soft Drink,3,15,1,1
4530,2024-03-02 20:08:16,Chicken Nuggets,2,30,1,1
4531,2024-03-02 17:15:04,Milkshake,1,28,1,1
4531,2024-03-02 17:15:04,Soft Drink,1,15,1,1
4531,2024-03-02 17:15:04,Classic Burger,3,45,1,1
4531,2024-03-02 17:15:04,Cheese Burger,3,50,1,1
4531,2024-03-02 17:15:04,Onion Rings,1,22,1,1
4532,2024-03-02 16:13:06,Classic Burger,3,45,1,1
4532,2024-03-02 16:13:06,Chicken Burger,3,55,1,1
4532,2024-03-02 16:13:06,Cheese Burger,2,50,1,1
4532,2024-03-02 16:13:06,Ice Cream,2,18,1,1
4533,2024-03-02 18:27:15,Chicken Nuggets,1,30,1,1
4533,2024-03-02 18:27:15,Soft Drink,2,15,1,1
4533,2024-03-02 18:27:15,Fries,3,20,1,1
4533,2024-03-02 18:27:15,Milkshake,1,28,1,1
4534,2024-03-02 20:51:48,Chicken Burger,1,55,1,1
4535,2024-03-02 17:50:47,Classic Burger,1,45,1,1
4535,2024-03-02 17:50:47,Chicken Burger,2,55,1,1
4535,2024-03-02 17:50:47,Onion Rings,3,22,1,1
4536,2024-03-02 21:08:09,Fries,2,20,1,1
4536,2024-03-02 21:08:09,Cheese Burger,1,50,1,1
4536,2024-03-02 21:08:09,Classic Burger,3,45,1,1
4537,2024-03-02 22:09:51,Fries,1,20,1,1
4538,2024-03-02 15:20:40,Onion Rings,1,22,1,1
4538,2024-03-02 15:20:40,Fries,1,20,1,1
4538,2024-03-02 15:20:40,Milkshake,2,28,1,1
4539,2024-03-02 15:11:15,Double Burger,3,65,1,1
4539,2024-03-02 15:11:15,Classic Burger,1,45,1,1
4539,2024-03-02 15:11:15,Soft Drink,1,15,1,1
4539,2024-03-02 15:11:15,Fries,2,20,1,1
4539,2024-03-02 15:11:15,Milkshake,2,28,1,1
4540,2024-03-02 17:32:51,Chicken Burger,3,55,1,1
4540,2024-03-02 17:32:51,Ice Cream,2,18,1,1
4541,2024-03-02 18:08:46,Soft Drink,2,15,1,1
4542,2024-03-02 16:12:15,Onion Rings,3,22,1,1
4542,2024-03-02 16:12:15,Chicken Nuggets,2,30,1,1
4542,2024-03-02 16:12:15,Double Burger,2,65,1,1
4542,2024-03-02 16:12:15,Classic Burger,3,45,1,1
4543,2024-03-02 22:16:26,Chicken Burger,1,55,1,1
4543,2024-03-02 22:16:26,Cheese Burger,3,50,1,1
4543,2024-03-02 22:16:26,Double Burger,1,65,1,1
4544,2024-03-02 19:01:40,Chicken Nuggets,1,30,1,1
4544,2024-03-02 19:01:40,Classic Burger,2,45,1,1
4544,2024-03-02 19:01:40,Fries,3,20,1,1
4544,2024-03-02 19:01:40,Double Burger,3,65,1,1
4544,2024-03-02 19:01:40,Milkshake,1,28,1,1
4545,2024-03-02 18:08:15,Ice Cream,1,18,1,1
4545,2024-03-02 18:08:15,Fries,1,20,1,1
4545,2024-03-02 18:08:15,Classic Burger,2,45,1,1
4545,2024-03-02 18:08:15,Double Burger,1,65,1,1
4545,2024-03-02 18:08:15,Soft Drink,1,15,1,1
4546,2024-03-03 11:54:33,Chicken Burger,3,55,1,0
4546,2024-03-03 11:54:33,Classic Burger,1,45,1,0
4546,2024-03-03 11:54:33,Onion Rings,1,22,1,0
4547,2024-03-03 21:59:32,Cheese Burger,2,50,1,0
4547,2024-03-03 21:59:32,Milkshake,3,28,1,0
4547,2024-03-03 21:59:32,Chicken Burger,1,55,1,0
4547,2024-03-03 21:59:32,Soft Drink,2,15,1,0
4547,2024-03-03 21:59:32,Ice Cream,2,18,1,0
4548,2024-03-03 17:27:16,Chicken Burger,3,55,1,0
4549,2024-03-03 23:20:44,Ice Cream,2,18,1,0
4549,2024-03-03 23:20:44,Cheese Burger,1,50,1,0
4549,2024-03-03 23:20:44,Fries,3,20,1,0
4549,2024-03-03 23:20:44,Soft Drink,3,15,1,0
4550,2024-03-03 23:35:05,Onion Rings,3,22,1,0
4551,2024-03-03 17:24:18,Onion Rings,1,22,1,0
4551,2024-03-03 17:24:18,Classic Burger,2,45,1,0
4551,2024-03-03 17:24:18,Cheese Burger,3,50,1,0
4552,2024-03-03 17:57:09,Ice Cream,1,18,1,0
4552,2024-03-03 17:57:09,Milkshake,3,28,1,0
4552,2024-03-03 17:57:09,Fries,2,20,1,0
4552,2024-03-03 17:57:09,Soft Drink,2,15,1,0
4552,2024-03-03 17:57:09,Chicken Nuggets,2,30,1,0
4553,2024-03-03 20:06:01,Soft Drink,1,15,1,0
4554,2024-03-03 23:54:58,Chicken Burger,2,55,1,0
4555,2024-03-03 13:47:47,Ice Cream,3,18,1,0
4556,2024-03-03 12:30:50,Ice Cream,1,18,1,0
4556,2024-03-03 12:30:50,Fries,2,20,1,0
4556,2024-03-03 12:30:50,Double Burger,2,65,1,0
4557,2024-03-03 16:50:29,Ice Cream,3,18,1,0
4558,2024-03-03 19:44:09,Double Burger,3,65,1,0
4559,2024-03-03 19:05:26,Double Burger,1,65,1,0
4559,2024-03-03 19:05:26,Milkshake,3,28,1,0
4560,2024-03-03 21:53:27,Chicken Nuggets,1,30,1,0
4560,2024-03-03 21:53:27,Double Burger,1,65,1,0
4560,2024-03-03 21:53:27,Cheese Burger,1,50,1,0
4560,2024-03-03 21:53:27,Soft Drink,3,15,1,0
4561,2024-03-03 14:23:21,Chicken Nuggets,3,30,1,0
4561,2024-03-03 14:23:21,Double Burger,1,65,1,0
4561,2024-03-03 14:23:21,Milkshake,1,28,1,0
4562,2024-03-03 11:23:31,Double Burger,3,65,1,0
4562,2024-03-03 11:23:31,Chicken Burger,2,55,1,0
4562,2024-03-03 11:23:31,Soft Drink,3,15,1,0
4562,2024-03-03 11:23:31,Cheese Burger,1,50,1,0
4562,2024-03-03 11:23:31,Ice Cream,2,18,1,0
4563,2024-03-03 20:24:09,Soft Drink,1,15,1,0
4563,2024-03-03 20:24:09,Classic Burger,3,45,1,0
4563,2024-03-03 20:24:09,Ice Cream,3,18,1,0
4564,2024-03-03 15:34:03,Double Burger,3,65,1,0
4564,2024-03-03 15:34:03,Cheese Burger,3,50,1,0
4564,2024-03-03 15:34:03,Classic Burger,2,45,1,0
4565,2024-03-03 11:00:34,Onion Rings,3,22,1,0
4565,2024-03-03 11:00:34,Fries,1,20,1,0
4566,2024-03-03 18:14:44,Chicken Nuggets,3,30,1,0
4566,2024-03-03 18:14:44,Fries,2,20,1,0
4566,2024-03-03 18:14:44,Chicken Burger,1,55,1,0
4566,2024-03-03 18:14:44,Double Burger,1,65,1,0
4567,2024-03-03 20:45:22,Soft Drink,1,15,1,0
4567,2024-03-03 20:45:22,Chicken Nuggets,3,30,1,0
4568,2024-03-03 17:56:02,Double Burger,1,65,1,0
4568,2024-03-03 17:56:02,Soft Drink,2,15,1,0
4568,2024-03-03 17:56:02,Milkshake,1,28,1,0
4569,2024-03-03 16:17:42,Double Burger,2,65,1,0
4569,2024-03-03 16:17:42,Cheese Burger,2,50,1,0
4569,2024-03-03 16:17:42,Classic Burger,3,45,1,0
4569,2024-03-03 16:17:42,Milkshake,2,28,1,0
4570,2024-03-03 17:53:35,Chicken Nuggets,3,30,1,0
4571,2024-03-03 16:35:10,Chicken Burger,1,55,1,0
4571,2024-03-03 16:35:10,Ice Cream,2,18,1,0
4572,2024-03-03 13:04:13,Chicken Burger,3,55,1,0
4573,2024-03-03 15:22:04,Onion Rings,1,22,1,0
4573,2024-03-03 15:22:04,Cheese Burger,2,50,1,0
4573,2024-03-03 15:22:04,Fries,3,20,1,0
4573,2024-03-03 15:22:04,Ice Cream,2,18,1,0
4573,2024-03-03 15:22:04,Chicken Burger,3,55,1,0
4574,2024-03-03 19:16:33,Onion Rings,1,22,1,0
4574,2024-03-03 19:16:33,Chicken Burger,1,55,1,0
4574,2024-03-03 19:16:33,Double Burger,3,65,1,0
4574,2024-03-03 19:16:33,Chicken Nuggets,3,30,1,0
4575,2024-03-03 18:44:47,Ice Cream,3,18,1,0
4575,2024-03-03 18:44:47,Classic Burger,1,45,1,0
4575,2024-03-03 18:44:47,Double Burger,1,65,1,0
4576,2024-03-03 18:01:55,Classic Burger,2,45,1,0
4576,2024-03-03 18:01:55,Chicken Nuggets,1,30,1,0
4577,2024-03-03 15:50:28,Classic Burger,1,45,1,0
4577,2024-03-03 15:50:28,Milkshake,1,28,1,0
4577,2024-03-03 15:50:28,Chicken Burger,3,55,1,0
4578,2024-03-03 17:39:44,Soft Drink,1,15,1,0
4578,2024-03-03 17:39:44,Ice Cream,2,18,1,0
4579,2024-03-03 11:17:35,Soft Drink,3,15,1,0
4579,2024-03-03 11:17:35,Onion Rings,2,22,1,0
4579,2024-03-03 11:17:35,Ice Cream,3,18,1,0
4579,2024-03-03 11:17:35,Cheese Burger,2,50,1,0
4579,2024-03-03 11:17:35,Double Burger,3,65,1,0
4580,2024-03-03 18:06:09,Fries,3,20,1,0
4580,2024-03-03 18:06:09,Onion Rings,3,22,1,0
4580,2024-03-03 18:06:09,Milkshake,2,28,1,0
4580,2024-03-03 18:06:09,Ice Cream,3,18,1,0
4581,2024-03-03 22:17:13,Onion Rings,3,22,1,0
4581,2024-03-03 22:17:13,Chicken Burger,1,55,1,0
4581,2024-03-03 22:17:13,Milkshake,1,28,1,0
4581,2024-03-03 22:17:13,Classic Burger,3,45,1,0
4582,2024-03-03 13:50:21,Classic Burger,3,45,1,0
4582,2024-03-03 13:50:21,Milkshake,2,28,1,0
4582,2024-03-03 13:50:21,Onion Rings,2,22,1,0
4582,2024-03-03 13:50:21,Cheese Burger,2,50,1,0
4583,2024-03-03 16:49:34,Ice Cream,3,18,1,0
4583,2024-03-03 16:49:34,Fries,3,20,1,0
4583,2024-03-03 16:49:34,Cheese Burger,1,50,1,0
4583,2024-03-03 16:49:34,Milkshake,1,28,1,0
4584,2024-03-03 18:28:21,Classic Burger,1,45,1,0
4584,2024-03-03 18:28:21,Double Burger,3,65,1,0
4585,2024-03-03 21:19:19,Double Burger,3,65,1,0
4585,2024-03-03 21:19:19,Chicken Burger,2,55,1,0
4586,2024-03-03 16:14:42,Soft Drink,1,15,1,0
4586,2024-03-03 16:14:42,Ice Cream,2,18,1,0
4586,2024-03-03 16:14:42,Chicken Burger,2,55,1,0
4587,2024-03-03 15:44:33,Fries,1,20,1,0
4587,2024-03-03 15:44:33,Soft Drink,2,15,1,0
4587,2024-03-03 15:44:33,Onion Rings,1,22,1,0
4588,2024-03-03 12:02:58,Onion Rings,3,22,1,0
4588,2024-03-03 12:02:58,Soft Drink,1,15,1,0
4589,2024-03-03 18:22:07,Chicken Burger,1,55,1,0
4589,2024-03-03 18:22:07,Ice Cream,1,18,1,0
4589,2024-03-03 18:22:07,Chicken Nuggets,2,30,1,0
4590,2024-03-03 23:50:56,Onion Rings,2,22,1,0
4590,2024-03-03 23:50:56,Chicken Burger,1,55,1,0
4590,2024-03-03 23:50:56,Soft Drink,1,15,1,0
4590,2024-03-03 23:50:56,Chicken Nuggets,1,30,1,0
4591,2024-03-03 18:57:32,Milkshake,2,28,1,0
4591,2024-03-03 18:57:32,Cheese Burger,1,50,1,0
4591,2024-03-03 18:57:32,Classic Burger,3,45,1,0
4591,2024-03-03 18:57:32,Fries,1,20,1,0
4591,2024-03-03 18:57:32,Soft Drink,3,15,1,0
4592,2024-03-03 17:42:30,Chicken Burger,2,55,1,0
4592,2024-03-03 17:42:30,Milkshake,3,28,1,0
4592,2024-03-03 17:42:30,Soft Drink,2,15,1,0
4592,2024-03-03 17:42:30,Cheese Burger,2,50,1,0
4592,2024-03-03 17:42:30,Fries,1,20,1,0
4593,2024-03-03 18:07:35,Fries,1,20,1,0
4593,2024-03-03 18:07:35,Ice Cream,1,18,1,0
4593,2024-03-03 18:07:35,Milkshake,3,28,1,0
4593,2024-03-03 18:07:35,Chicken Burger,2,55,1,0
4594,2024-03-03 17:05:00,Classic Burger,1,45,1,0
4595,2024-03-03 15:59:43,Double Burger,1,65,1,0
4596,2024-03-03 20:03:28,Double Burger,3,65,1,0
4596,2024-03-03 20:03:28,Cheese Burger,1,50,1,0
4597,2024-03-03 18:33:29,Chicken Burger,1,55,1,0
4598,2024-03-03 18:25:08,Chicken Burger,3,55,1,0
4598,2024-03-03 18:25:08,Double Burger,2,65,1,0
4598,2024-03-03 18:25:08,Ice Cream,2,18,1,0
4598,2024-03-03 18:25:08,Fries,3,20,1,0
4598,2024-03-03 18:25:08,Chicken Nuggets,1,30,1,0
4599,2024-03-03 15:30:54,Fries,2,20,1,0
4599,2024-03-03 15:30:54,Cheese Burger,1,50,1,0
4599,2024-03-03 15:30:54,Classic Burger,1,45,1,0
4599,2024-03-03 15:30:54,Onion Rings,1,22,1,0
4600,2024-03-03 21:50:18,Milkshake,2,28,1,0
4601,2024-03-03 19:33:02,Cheese Burger,3,50,1,0
4602,2024-03-03 16:52:21,Fries,3,20,1,0
4602,2024-03-03 16:52:21,Cheese Burger,2,50,1,0
4602,2024-03-03 16:52:21,Soft Drink,2,15,1,0
4602,2024-03-03 16:52:21,Chicken Nuggets,1,30,1,0
4603,2024-03-03 21:59:56,Onion Rings,3,22,1,0
4604,2024-03-03 16:37:00,Onion Rings,3,22,1,0
4604,2024-03-03 16:37:00,Milkshake,1,28,1,0
4604,2024-03-03 16:37:00,Fries,2,20,1,0
4604,2024-03-03 16:37:00,Chicken Nuggets,3,30,1,0
4605,2024-03-03 15:23:05,Onion Rings,1,22,1,0
4605,2024-03-03 15:23:05,Chicken Nuggets,3,30,1,0
4605,2024-03-03 15:23:05,Milkshake,2,28,1,0
4605,2024-03-03 15:23:05,Ice Cream,3,18,1,0
4606,2024-03-03 15:55:39,Milkshake,1,28,1,0
4607,2024-03-03 12:45:56,Fries,2,20,1,0
4607,2024-03-03 12:45:56,Chicken Burger,1,55,1,0
4607,2024-03-03 12:45:56,Milkshake,1,28,1,0
4607,2024-03-03 12:45:56,Classic Burger,2,45,1,0
4607,2024-03-03 12:45:56,Onion Rings,3,22,1,0
4608,2024-03-03 19:38:44,Classic Burger,2,45,1,0
4608,2024-03-03 19:38:44,Soft Drink,3,15,1,0
4608,2024-03-03 19:38:44,Chicken Burger,3,55,1,0
4608,2024-03-03 19:38:44,Double Burger,1,65,1,0
4608,2024-03-03 19:38:44,Fries,3,20,1,0
4609,2024-03-03 12:27:05,Ice Cream,2,18,1,0
4609,2024-03-03 12:27:05,Onion Rings,1,22,1,0
4609,2024-03-03 12:27:05,Chicken Burger,3,55,1,0
4609,2024-03-03 12:27:05,Classic Burger,1,45,1,0
4610,2024-03-03 14:28:22,Soft Drink,3,15,1,0
4610,2024-03-03 14:28:22,Cheese Burger,2,50,1,0
4610,2024-03-03 14:28:22,Double Burger,1,65,1,0
4610,2024-03-03 14:28:22,Milkshake,2,28,1,0
4610,2024-03-03 14:28:22,Ice Cream,3,18,1,0
4611,2024-03-03 11:33:42,Cheese Burger,1,50,1,0
4611,2024-03-03 11:33:42,Classic Burger,2,45,1,0
4611,2024-03-03 11:33:42,Onion Rings,3,22,1,0
4612,2024-03-03 17:06:59,Cheese Burger,2,50,1,0
4612,2024-03-03 17:06:59,Onion Rings,2,22,1,0
4613,2024-03-03 17:15:45,Chicken Burger,1,55,1,0
4613,2024-03-03 17:15:45,Milkshake,3,28,1,0
4613,2024-03-03 17:15:45,Double Burger,3,65,1,0
4614,2024-03-03 17:32:43,Onion Rings,1,22,1,0
4614,2024-03-03 17:32:43,Cheese Burger,2,50,1,0
4614,2024-03-03 17:32:43,Double Burger,2,65,1,0
4614,2024-03-03 17:32:43,Milkshake,1,28,1,0
4614,2024-03-03 17:32:43,Fries,2,20,1,0
4615,2024-03-03 14:32:44,Soft Drink,1,15,1,0
4615,2024-03-03 14:32:44,Cheese Burger,1,50,1,0
4615,2024-03-03 14:32:44,Ice Cream,2,18,1,0
4615,2024-03-03 14:32:44,Chicken Nuggets,3,30,1,0
4616,2024-03-03 14:54:35,Milkshake,1,28,1,0
4616,2024-03-03 14:54:35,Cheese Burger,1,50,1,0
4616,2024-03-03 14:54:35,Double Burger,2,65,1,0
4617,2024-03-03 19:58:06,Classic Burger,3,45,1,0
4617,2024-03-03 19:58:06,Fries,2,20,1,0
4617,2024-03-03 19:58:06,Onion Rings,3,22,1,0
4617,2024-03-03 19:58:06,Milkshake,1,28,1,0
4618,2024-03-03 16:28:05,Onion Rings,1,22,1,0
4618,2024-03-03 16:28:05,Ice Cream,2,18,1,0
4618,2024-03-03 16:28:05,Cheese Burger,2,50,1,0
4618,2024-03-03 16:28:05,Chicken Nuggets,2,30,1,0
4619,2024-03-03 18:19:52,Double Burger,1,65,1,0
4619,2024-03-03 18:19:52,Onion Rings,2,22,1,0
4619,2024-03-03 18:19:52,Classic Burger,2,45,1,0
4619,2024-03-03 18:19:52,Ice Cream,2,18,1,0
4619,2024-03-03 18:19:52,Chicken Nuggets,3,30,1,0
4620,2024-03-03 15:33:58,Cheese Burger,2,50,1,0
4620,2024-03-03 15:33:58,Chicken Nuggets,3,30,1,0
4620,2024-03-03 15:33:58,Ice Cream,3,18,1,0
4620,2024-03-03 15:33:58,Onion Rings,1,22,1,0
4621,2024-03-03 18:48:45,Soft Drink,1,15,1,0
4621,2024-03-03 18:48:45,Cheese Burger,2,50,1,0
4621,2024-03-03 18:48:45,Classic Burger,3,45,1,0
4621,2024-03-03 18:48:45,Ice Cream,1,18,1,0
4622,2024-03-03 21:06:59,Ice Cream,3,18,1,0
4622,2024-03-03 21:06:59,Onion Rings,1,22,1,0
4622,2024-03-03 21:06:59,Cheese Burger,1,50,1,0
4622,2024-03-03 21:06:59,Chicken Nuggets,1,30,1,0
4623,2024-03-03 19:03:14,Double Burger,3,65,1,0
4624,2024-03-03 16:46:35,Chicken Burger,1,55,1,0
4625,2024-03-03 18:51:59,Classic Burger,3,45,1,0
4625,2024-03-03 18:51:59,Onion Rings,3,22,1,0
4625,2024-03-03 18:51:59,Ice Cream,3,18,1,0
4625,2024-03-03 18:51:59,Chicken Nuggets,3,30,1,0
4626,2024-03-03 17:13:21,Cheese Burger,2,50,1,0
4626,2024-03-03 17:13:21,Milkshake,1,28,1,0
4626,2024-03-03 17:13:21,Classic Burger,1,45,1,0
4626,2024-03-03 17:13:21,Chicken Burger,1,55,1,0
4626,2024-03-03 17:13:21,Chicken Nuggets,2,30,1,0
4627,2024-03-04 18:18:54,Soft Drink,3,15,0,0
4627,2024-03-04 18:18:54,Onion Rings,2,22,0,0
4627,2024-03-04 18:18:54,Classic Burger,3,45,0,0
4627,2024-03-04 18:18:54,Milkshake,3,28,0,0
4628,2024-03-04 15:59:06,Chicken Burger,2,55,0,0
4628,2024-03-04 15:59:06,Milkshake,1,28,0,0
4628,2024-03-04 15:59:06,Double Burger,3,65,0,0
4628,2024-03-04 15:59:06,Ice Cream,1,18,0,0
4628,2024-03-04 15:59:06,Chicken Nuggets,3,30,0,0
4629,2024-03-04 14:17:59,Chicken Burger,3,55,0,0
4629,2024-03-04 14:17:59,Soft Drink,1,15,0,0
4629,2024-03-04 14:17:59,Chicken Nuggets,1,30,0,0
4629,2024-03-04 14:17:59,Fries,3,20,0,0
4630,2024-03-04 13:57:32,Onion Rings,3,22,0,0
4630,2024-03-04 13:57:32,Chicken Burger,1,55,0,0
4631,2024-03-04 13:22:54,Chicken Nuggets,1,30,0,0
4631,2024-03-04 13:22:54,Fries,2,20,0,0
4631,2024-03-04 13:22:54,Ice Cream,1,18,0,0
4631,2024-03-04 13:22:54,Classic Burger,2,45,0,0
4632,2024-03-04 14:01:21,Chicken Nuggets,3,30,0,0
4632,2024-03-04 14:01:21,Fries,2,20,0,0
4633,2024-03-04 18:02:31,Cheese Burger,1,50,0,0
4633,2024-03-04 18:02:31,Fries,1,20,0,0
4633,2024-03-04 18:02:31,Milkshake,1,28,0,0
4634,2024-03-04 15:52:56,Classic Burger,1,45,0,0
4635,2024-03-04 19:29:25,Double Burger,2,65,0,0
4635,2024-03-04 19:29:25,Classic Burger,1,45,0,0
4635,2024-03-04 19:29:25,Chicken Nuggets,3,30,0,0
4635,2024-03-04 19:29:25,Milkshake,1,28,0,0
4635,2024-03-04 19:29:25,Soft Drink,1,15,0,0
4636,2024-03-04 18:11:48,Ice Cream,2,18,0,0
4636,2024-03-04 18:11:48,Cheese Burger,3,50,0,0
4637,2024-03-04 12:12:27,Chicken Burger,1,55,0,0
4638,2024-03-04 19:50:57,Chicken Nuggets,1,30,0,0
4639,2024-03-04 20:32:00,Fries,3,20,0,0
4639,2024-03-04 20:32:00,Cheese Burger,2,50,0,0
4639,2024-03-04 20:32:00,Onion Rings,2,22,0,0
4640,2024-03-04 15:09:39,Soft Drink,2,15,0,0
4640,2024-03-04 15:09:39,Chicken Nuggets,3,30,0,0
4640,2024-03-04 15:09:39,Ice Cream,2,18,0,0
4640,2024-03-04 15:09:39,Chicken Burger,3,55,0,0
4640,2024-03-04 15:09:39,Cheese Burger,2,50,0,0
4641,2024-03-04 19:15:18,Chicken Burger,2,55,0,0
4641,2024-03-04 19:15:18,Ice Cream,1,18,0,0
4641,2024-03-04 19:15:18,Onion Rings,2,22,0,0
4641,2024-03-04 19:15:18,Classic Burger,3,45,0,0
4642,2024-03-04 15:41:08,Onion Rings,3,22,0,0
4642,2024-03-04 15:41:08,Milkshake,2,28,0,0
4642,2024-03-04 15:41:08,Chicken Burger,1,55,0,0
4642,2024-03-04 15:41:08,Cheese Burger,3,50,0,0
4642,2024-03-04 15:41:08,Classic Burger,3,45,0,0
4643,2024-03-04 18:12:41,Cheese Burger,1,50,0,0
4643,2024-03-04 18:12:41,Onion Rings,1,22,0,0
4643,2024-03-04 18:12:41,Chicken Nuggets,2,30,0,0
4643,2024-03-04 18:12:41,Double Burger,2,65,0,0
4643,2024-03-04 18:12:41,Soft Drink,3,15,0,0
4644,2024-03-04 14:59:46,Classic Burger,2,45,0,0
4644,2024-03-04 14:59:46,Chicken Burger,2,55,0,0
4644,2024-03-04 14:59:46,Chicken Nuggets,1,30,0,0
4644,2024-03-04 14:59:46,Double Burger,3,65,0,0
4645,2024-03-04 12:33:19,Onion Rings,2,22,0,0
4645,2024-03-04 12:33:19,Cheese Burger,2,50,0,0
4645,2024-03-04 12:33:19,Ice Cream,1,18,0,0
4645,2024-03-04 12:33:19,Milkshake,1,28,0,0
4645,2024-03-04 12:33:19,Chicken Burger,1,55,0,0
4646,2024-03-04 16:59:54,Fries,2,20,0,0
4646,2024-03-04 16:59:54,Milkshake,1,28,0,0
4646,2024-03-04 16:59:54,Onion Rings,2,22,0,0
4646,2024-03-04 16:59:54,Chicken Burger,2,55,0,0
4646,2024-03-04 16:59:54,Soft Drink,1,15,0,0
4647,2024-03-04 17:45:37,Chicken Nuggets,3,30,0,0
4647,2024-03-04 17:45:37,Chicken Burger,3,55,0,0
4647,2024-03-04 17:45:37,Fries,1,20,0,0
4647,2024-03-04 17:45:37,Cheese Burger,3,50,0,0
4648,2024-03-04 16:27:48,Milkshake,3,28,0,0
4648,2024-03-04 16:27:48,Fries,1,20,0,0
4648,2024-03-04 16:27:48,Ice Cream,2,18,0,0
4648,2024-03-04 16:27:48,Cheese Burger,2,50,0,0
4649,2024-03-04 14:56:33,Chicken Nuggets,1,30,0,0
4649,2024-03-04 14:56:33,Fries,1,20,0,0
4649,2024-03-04 14:56:33,Ice Cream,1,18,0,0
4649,2024-03-04 14:56:33,Soft Drink,1,15,0,0
4649,2024-03-04 14:56:33,Double Burger,2,65,0,0
4650,2024-03-04 16:39:47,Classic Burger,2,45,0,0
4650,2024-03-04 16:39:47,Soft Drink,1,15,0,0
4651,2024-03-04 18:21:21,Double Burger,3,65,0,0
4651,2024-03-04 18:21:21,Soft Drink,2,15,0,0
4651,2024-03-04 18:21:21,Onion Rings,2,22,0,0
4651,2024-03-04 18:21:21,Chicken Burger,1,55,0,0
4652,2024-03-04 17:23:55,Fries,2,20,0,0
4652,2024-03-04 17:23:55,Ice Cream,3,18,0,0
4652,2024-03-04 17:23:55,Chicken Burger,2,55,0,0
4652,2024-03-04 17:23:55,Double Burger,3,65,0,0
4652,2024-03-04 17:23:55,Soft Drink,3,15,0,0
4653,2024-03-04 18:22:30,Soft Drink,3,15,0,0
4654,2024-03-04 15:47:08,Chicken Burger,3,55,0,0
4655,2024-03-04 21:42:32,Onion Rings,3,22,0,0
4655,2024-03-04 21:42:32,Fries,1,20,0,0
4656,2024-03-04 14:11:56,Milkshake,2,28,0,0
4656,2024-03-04 14:11:56,Double Burger,1,65,0,0
4656,2024-03-04 14:11:56,Onion Rings,3,22,0,0
4656,2024-03-04 14:11:56,Classic Burger,1,45,0,0
4657,2024-03-04 19:34:14,Classic Burger,3,45,0,0
4657,2024-03-04 19:34:14,Cheese Burger,1,50,0,0
4657,2024-03-04 19:34:14,Chicken Nuggets,3,30,0,0
4658,2024-03-04 21:31:39,Chicken Burger,3,55,0,0
4658,2024-03-04 21:31:39,Ice Cream,1,18,0,0
4658,2024-03-04 21:31:39,Fries,3,20,0,0
4658,2024-03-04 21:31:39,Onion Rings,3,22,0,0
4659,2024-03-04 19:51:30,Chicken Burger,2,55,0,0
4659,2024-03-04 19:51:30,Soft Drink,3,15,0,0
4659,2024-03-04 19:51:30,Chicken Nuggets,3,30,0,0
4659,2024-03-04 19:51:30,Cheese Burger,2,50,0,0
4660,2024-03-04 17:14:56,Chicken Nuggets,2,30,0,0
4660,2024-03-04 17:14:56,Soft Drink,1,15,0,0
4661,2024-03-04 16:12:12,Soft Drink,1,15,0,0
4662,2024-03-04 21:59:30,Chicken Nuggets,1,30,0,0
4662,2024-03-04 21:59:30,Classic Burger,3,45,0,0
4662,2024-03-04 21:59:30,Soft Drink,2,15,0,0
4662,2024-03-04 21:59:30,Chicken Burger,1,55,0,0
4663,2024-03-04 13:48:54,Ice Cream,2,18,0,0
4663,2024-03-04 13:48:54,Fries,1,20,0,0
4663,2024-03-04 13:48:54,Milkshake,3,28,0,0
4663,2024-03-04 13:48:54,Classic Burger,3,45,0,0
4663,2024-03-04 13:48:54,Chicken Burger,2,55,0,0
4664,2024-03-04 15:11:29,Soft Drink,3,15,0,0
4664,2024-03-04 15:11:29,Ice Cream,2,18,0,0
4664,2024-03-04 15:11:29,Classic Burger,1,45,0,0
4664,2024-03-04 15:11:29,Cheese Burger,2,50,0,0
4665,2024-03-05 15:23:59,Classic Burger,3,45,1,0
4666,2024-03-05 17:16:00,Chicken Nuggets,3,30,1,0
4666,2024-03-05 17:16:00,Classic Burger,1,45,1,0
4667,2024-03-05 16:57:20,Chicken Nuggets,1,30,1,0
4668,2024-03-05 15:51:24,Soft Drink,3,15,1,0
4668,2024-03-05 15:51:24,Ice Cream,1,18,1,0
4668,2024-03-05 15:51:24,Classic Burger,1,45,1,0
4668,2024-03-05 15:51:24,Milkshake,1,28,1,0
4668,2024-03-05 15:51:24,Cheese Burger,2,50,1,0
4669,2024-03-05 20:05:00,Chicken Burger,3,55,1,0
4669,2024-03-05 20:05:00,Chicken Nuggets,1,30,1,0
4670,2024-03-05 13:39:51,Chicken Burger,1,55,1,0
4670,2024-03-05 13:39:51,Cheese Burger,3,50,1,0
4670,2024-03-05 13:39:51,Milkshake,3,28,1,0
4671,2024-03-05 22:30:42,Cheese Burger,3,50,1,0
4671,2024-03-05 22:30:42,Fries,3,20,1,0
4671,2024-03-05 22:30:42,Soft Drink,3,15,1,0
4671,2024-03-05 22:30:42,Onion Rings,1,22,1,0
4671,2024-03-05 22:30:42,Double Burger,2,65,1,0
4672,2024-03-05 20:12:46,Classic Burger,2,45,1,0
4672,2024-03-05 20:12:46,Ice Cream,3,18,1,0
4672,2024-03-05 20:12:46,Milkshake,3,28,1,0
4672,2024-03-05 20:12:46,Double Burger,3,65,1,0
4672,2024-03-05 20:12:46,Onion Rings,2,22,1,0
4673,2024-03-05 21:16:20,Double Burger,1,65,1,0
4673,2024-03-05 21:16:20,Soft Drink,2,15,1,0
4673,2024-03-05 21:16:20,Chicken Burger,1,55,1,0
4674,2024-03-05 16:19:20,Ice Cream,1,18,1,0
4674,2024-03-05 16:19:20,Fries,3,20,1,0
4674,2024-03-05 16:19:20,Soft Drink,1,15,1,0
4674,2024-03-05 16:19:20,Double Burger,1,65,1,0
4675,2024-03-05 17:08:31,Soft Drink,2,15,1,0
4675,2024-03-05 17:08:31,Classic Burger,3,45,1,0
4675,2024-03-05 17:08:31,Fries,1,20,1,0
4675,2024-03-05 17:08:31,Milkshake,3,28,1,0
4675,2024-03-05 17:08:31,Onion Rings,2,22,1,0
4676,2024-03-05 13:32:40,Double Burger,2,65,1,0
4676,2024-03-05 13:32:40,Onion Rings,2,22,1,0
4677,2024-03-05 16:30:50,Classic Burger,2,45,1,0
4677,2024-03-05 16:30:50,Soft Drink,3,15,1,0
4678,2024-03-05 19:39:44,Chicken Burger,1,55,1,0
4678,2024-03-05 19:39:44,Cheese Burger,1,50,1,0
4678,2024-03-05 19:39:44,Onion Rings,3,22,1,0
4678,2024-03-05 19:39:44,Double Burger,2,65,1,0
4678,2024-03-05 19:39:44,Classic Burger,2,45,1,0
4679,2024-03-05 21:14:26,Chicken Burger,3,55,1,0
4679,2024-03-05 21:14:26,Double Burger,2,65,1,0
4679,2024-03-05 21:14:26,Chicken Nuggets,2,30,1,0
4679,2024-03-05 21:14:26,Onion Rings,2,22,1,0
4680,2024-03-05 14:59:01,Cheese Burger,3,50,1,0
4680,2024-03-05 14:59:01,Milkshake,2,28,1,0
4681,2024-03-05 16:52:30,Double Burger,2,65,1,0
4681,2024-03-05 16:52:30,Chicken Burger,1,55,1,0
4681,2024-03-05 16:52:30,Soft Drink,2,15,1,0
4681,2024-03-05 16:52:30,Cheese Burger,1,50,1,0
4682,2024-03-05 17:44:13,Double Burger,1,65,1,0
4682,2024-03-05 17:44:13,Fries,2,20,1,0
4682,2024-03-05 17:44:13,Chicken Burger,3,55,1,0
4683,2024-03-05 13:52:41,Ice Cream,1,18,1,0
4683,2024-03-05 13:52:41,Cheese Burger,3,50,1,0
4683,2024-03-05 13:52:41,Chicken Burger,1,55,1,0
4683,2024-03-05 13:52:41,Milkshake,3,28,1,0
4684,2024-03-05 19:47:19,Cheese Burger,1,50,1,0
4684,2024-03-05 19:47:19,Onion Rings,3,22,1,0
4684,2024-03-05 19:47:19,Fries,3,20,1,0
4684,2024-03-05 19:47:19,Soft Drink,2,15,1,0
4685,2024-03-05 15:06:02,Cheese Burger,3,50,1,0
4686,2024-03-05 17:13:10,Onion Rings,3,22,1,0
4687,2024-03-05 16:37:02,Soft Drink,1,15,1,0
4687,2024-03-05 16:37:02,Milkshake,2,28,1,0
4687,2024-03-05 16:37:02,Chicken Burger,3,55,1,0
4687,2024-03-05 16:37:02,Cheese Burger,3,50,1,0
4687,2024-03-05 16:37:02,Chicken Nuggets,1,30,1,0
4688,2024-03-05 15:40:57,Classic Burger,3,45,1,0
4688,2024-03-05 15:40:57,Chicken Nuggets,3,30,1,0
4688,2024-03-05 15:40:57,Onion Rings,1,22,1,0
4688,2024-03-05 15:40:57,Milkshake,3,28,1,0
4689,2024-03-05 17:12:22,Cheese Burger,1,50,1,0
4689,2024-03-05 17:12:22,Soft Drink,3,15,1,0
4689,2024-03-05 17:12:22,Fries,2,20,1,0
4689,2024-03-05 17:12:22,Milkshake,2,28,1,0
4689,2024-03-05 17:12:22,Ice Cream,2,18,1,0
4690,2024-03-05 17:30:47,Cheese Burger,1,50,1,0
4690,2024-03-05 17:30:47,Soft Drink,1,15,1,0
4690,2024-03-05 17:30:47,Chicken Nuggets,3,30,1,0
4690,2024-03-05 17:30:47,Milkshake,2,28,1,0
4690,2024-03-05 17:30:47,Fries,3,20,1,0
4691,2024-03-05 16:17:58,Cheese Burger,2,50,1,0
4691,2024-03-05 16:17:58,Chicken Nuggets,2,30,1,0
4691,2024-03-05 16:17:58,Chicken Burger,2,55,1,0
4691,2024-03-05 16:17:58,Classic Burger,1,45,1,0
4691,2024-03-05 16:17:58,Double Burger,2,65,1,0
4692,2024-03-05 15:47:44,Classic Burger,3,45,1,0
4692,2024-03-05 15:47:44,Double Burger,2,65,1,0
4692,2024-03-05 15:47:44,Onion Rings,1,22,1,0
4692,2024-03-05 15:47:44,Milkshake,3,28,1,0
4693,2024-03-05 18:30:48,Chicken Nuggets,3,30,1,0
4693,2024-03-05 18:30:48,Classic Burger,2,45,1,0
4693,2024-03-05 18:30:48,Fries,1,20,1,0
4693,2024-03-05 18:30:48,Chicken Burger,3,55,1,0
4693,2024-03-05 18:30:48,Double Burger,1,65,1,0
4694,2024-03-05 22:28:55,Chicken Burger,1,55,1,0
4694,2024-03-05 22:28:55,Soft Drink,2,15,1,0
4694,2024-03-05 22:28:55,Onion Rings,2,22,1,0
4694,2024-03-05 22:28:55,Classic Burger,2,45,1,0
4694,2024-03-05 22:28:55,Double Burger,1,65,1,0
4695,2024-03-05 18:14:01,Fries,1,20,1,0
4695,2024-03-05 18:14:01,Cheese Burger,1,50,1,0
4696,2024-03-05 20:36:32,Soft Drink,2,15,1,0
4696,2024-03-05 20:36:32,Chicken Nuggets,2,30,1,0
4696,2024-03-05 20:36:32,Milkshake,3,28,1,0
4696,2024-03-05 20:36:32,Ice Cream,1,18,1,0
4696,2024-03-05 20:36:32,Double Burger,3,65,1,0
4697,2024-03-05 13:14:18,Onion Rings,3,22,1,0
4698,2024-03-05 18:33:21,Double Burger,1,65,1,0
4698,2024-03-05 18:33:21,Fries,2,20,1,0
4698,2024-03-05 18:33:21,Chicken Burger,2,55,1,0
4698,2024-03-05 18:33:21,Milkshake,1,28,1,0
4699,2024-03-05 14:43:45,Cheese Burger,3,50,1,0
4700,2024-03-05 13:30:02,Ice Cream,1,18,1,0
4700,2024-03-05 13:30:02,Classic Burger,1,45,1,0
4700,2024-03-05 13:30:02,Onion Rings,1,22,1,0
4700,2024-03-05 13:30:02,Chicken Burger,3,55,1,0
4700,2024-03-05 13:30:02,Chicken Nuggets,1,30,1,0
4701,2024-03-05 15:40:54,Onion Rings,3,22,1,0
4701,2024-03-05 15:40:54,Chicken Nuggets,1,30,1,0
4701,2024-03-05 15:40:54,Ice Cream,3,18,1,0
4702,2024-03-05 21:49:04,Soft Drink,1,15,1,0
4702,2024-03-05 21:49:04,Milkshake,2,28,1,0
4702,2024-03-05 21:49:04,Cheese Burger,2,50,1,0
4702,2024-03-05 21:49:04,Double Burger,2,65,1,0
4702,2024-03-05 21:49:04,Chicken Nuggets,2,30,1,0
4703,2024-03-05 20:07:57,Onion Rings,1,22,1,0
4703,2024-03-05 20:07:57,Cheese Burger,1,50,1,0
4704,2024-03-05 18:02:27,Cheese Burger,2,50,1,0
4704,2024-03-05 18:02:27,Classic Burger,1,45,1,0
4704,2024-03-05 18:02:27,Chicken Burger,1,55,1,0
4704,2024-03-05 18:02:27,Onion Rings,1,22,1,0
4704,2024-03-05 18:02:27,Chicken Nuggets,2,30,1,0
4705,2024-03-05 13:15:08,Double Burger,2,65,1,0
4705,2024-03-05 13:15:08,Cheese Burger,2,50,1,0
4705,2024-03-05 13:15:08,Onion Rings,2,22,1,0
4706,2024-03-05 17:41:23,Cheese Burger,3,50,1,0
4706,2024-03-05 17:41:23,Classic Burger,3,45,1,0
4706,2024-03-05 17:41:23,Fries,1,20,1,0
4706,2024-03-05 17:41:23,Double Burger,2,65,1,0
4707,2024-03-05 18:01:15,Soft Drink,2,15,1,0
4707,2024-03-05 18:01:15,Fries,3,20,1,0
4707,2024-03-05 18:01:15,Onion Rings,3,22,1,0
4707,2024-03-05 18:01:15,Chicken Burger,2,55,1,0
4708,2024-03-05 18:46:41,Cheese Burger,1,50,1,0
4708,2024-03-05 18:46:41,Milkshake,1,28,1,0
4709,2024-03-05 12:50:57,Classic Burger,2,45,1,0
4709,2024-03-05 12:50:57,Ice Cream,3,18,1,0
4710,2024-03-05 15:40:31,Chicken Burger,3,55,1,0
4710,2024-03-05 15:40:31,Double Burger,2,65,1,0
4711,2024-03-05 17:32:29,Soft Drink,1,15,1,0
4711,2024-03-05 17:32:29,Fries,1,20,1,0
4712,2024-03-06 18:39:30,Ice Cream,3,18,1,0
4712,2024-03-06 18:39:30,Chicken Nuggets,1,30,1,0
4712,2024-03-06 18:39:30,Classic Burger,2,45,1,0
4713,2024-03-06 20:56:27,Cheese Burger,2,50,1,0
4713,2024-03-06 20:56:27,Ice Cream,2,18,1,0
4714,2024-03-06 20:47:51,Classic Burger,3,45,1,0
4714,2024-03-06 20:47:51,Cheese Burger,2,50,1,0
4714,2024-03-06 20:47:51,Chicken Burger,2,55,1,0
4714,2024-03-06 20:47:51,Fries,2,20,1,0
4714,2024-03-06 20:47:51,Onion Rings,2,22,1,0
4715,2024-03-06 19:47:38,Ice Cream,2,18,1,0
4715,2024-03-06 19:47:38,Cheese Burger,3,50,1,0
4715,2024-03-06 19:47:38,Soft Drink,2,15,1,0
4715,2024-03-06 19:47:38,Chicken Burger,2,55,1,0
4716,2024-03-06 15:24:52,Chicken Burger,2,55,1,0
4716,2024-03-06 15:24:52,Milkshake,2,28,1,0
4716,2024-03-06 15:24:52,Soft Drink,1,15,1,0
4716,2024-03-06 15:24:52,Cheese Burger,2,50,1,0
4717,2024-03-06 12:26:19,Onion Rings,3,22,1,0
4717,2024-03-06 12:26:19,Ice Cream,2,18,1,0
4718,2024-03-06 16:26:33,Cheese Burger,3,50,1,0
4718,2024-03-06 16:26:33,Ice Cream,2,18,1,0
4719,2024-03-06 21:34:48,Chicken Nuggets,2,30,1,0
4719,2024-03-06 21:34:48,Fries,1,20,1,0
4720,2024-03-06 22:35:34,Chicken Burger,1,55,1,0
4721,2024-03-06 20:42:30,Soft Drink,1,15,1,0
4721,2024-03-06 20:42:30,Onion Rings,3,22,1,0
4721,2024-03-06 20:42:30,Milkshake,1,28,1,0
4722,2024-03-06 19:02:30,Chicken Burger,3,55,1,0
4722,2024-03-06 19:02:30,Fries,2,20,1,0
4722,2024-03-06 19:02:30,Onion Rings,1,22,1,0
4723,2024-03-06 19:14:37,Chicken Nuggets,2,30,1,0
4723,2024-03-06 19:14:37,Soft Drink,3,15,1,0
4723,2024-03-06 19:14:37,Fries,1,20,1,0
4724,2024-03-06 16:49:49,Chicken Nuggets,1,30,1,0
4724,2024-03-06 16:49:49,Fries,1,20,1,0
4724,2024-03-06 16:49:49,Soft Drink,2,15,1,0
4724,2024-03-06 16:49:49,Ice Cream,3,18,1,0
4725,2024-03-06 17:05:49,Cheese Burger,2,50,1,0
4725,2024-03-06 17:05:49,Ice Cream,3,18,1,0
4726,2024-03-06 23:05:13,Classic Burger,3,45,1,0
4726,2024-03-06 23:05:13,Double Burger,1,65,1,0
4726,2024-03-06 23:05:13,Soft Drink,1,15,1,0
4726,2024-03-06 23:05:13,Ice Cream,1,18,1,0
4726,2024-03-06 23:05:13,Fries,1,20,1,0
4727,2024-03-06 15:48:03,Double Burger,1,65,1,0
4727,2024-03-06 15:48:03,Milkshake,3,28,1,0
4728,2024-03-06 22:25:36,Fries,1,20,1,0
4728,2024-03-06 22:25:36,Soft Drink,1,15,1,0
4728,2024-03-06 22:25:36,Cheese Burger,2,50,1,0
4729,2024-03-06 17:23:51,Milkshake,1,28,1,0
4729,2024-03-06 17:23:51,Fries,3,20,1,0
4729,2024-03-06 17:23:51,Chicken Nuggets,3,30,1,0
4729,2024-03-06 17:23:51,Soft Drink,2,15,1,0
4730,2024-03-06 21:21:38,Ice Cream,1,18,1,0
4730,2024-03-06 21:21:38,Milkshake,1,28,1,0
4731,2024-03-06 13:01:11,Chicken Burger,3,55,1,0
4731,2024-03-06 13:01:11,Classic Burger,3,45,1,0
4731,2024-03-06 13:01:11,Double Burger,2,65,1,0
4731,2024-03-06 13:01:11,Onion Rings,1,22,1,0
4731,2024-03-06 13:01:11,Ice Cream,2,18,1,0
4732,2024-03-06 19:09:37,Milkshake,2,28,1,0
4732,2024-03-06 19:09:37,Double Burger,3,65,1,0
4732,2024-03-06 19:09:37,Onion Rings,1,22,1,0
4733,2024-03-06 15:08:10,Soft Drink,3,15,1,0
4733,2024-03-06 15:08:10,Chicken Nuggets,2,30,1,0
4733,2024-03-06 15:08:10,Double Burger,3,65,1,0
4734,2024-03-06 13:33:52,Milkshake,1,28,1,0
4734,2024-03-06 13:33:52,Classic Burger,2,45,1,0
4734,2024-03-06 13:33:52,Ice Cream,3,18,1,0
4735,2024-03-06 18:58:10,Classic Burger,1,45,1,0
4735,2024-03-06 18:58:10,Fries,2,20,1,0
4735,2024-03-06 18:58:10,Ice Cream,3,18,1,0
4735,2024-03-06 18:58:10,Double Burger,3,65,1,0
4735,2024-03-06 18:58:10,Chicken Burger,1,55,1,0
4736,2024-03-06 21:54:02,Soft Drink,3,15,1,0
4736,2024-03-06 21:54:02,Chicken Nuggets,2,30,1,0
4736,2024-03-06 21:54:02,Milkshake,3,28,1,0
4736,2024-03-06 21:54:02,Classic Burger,1,45,1,0
4736,2024-03-06 21:54:02,Fries,3,20,1,0
4737,2024-03-06 15:00:17,Fries,2,20,1,0
4738,2024-03-06 13:26:49,Chicken Nuggets,2,30,1,0
4739,2024-03-06 17:18:51,Cheese Burger,3,50,1,0
4739,2024-03-06 17:18:51,Ice Cream,2,18,1,0
4740,2024-03-06 17:43:07,Milkshake,2,28,1,0
4741,2024-03-06 19:13:38,Double Burger,2,65,1,0
4741,2024-03-06 19:13:38,Ice Cream,1,18,1,0
4741,2024-03-06 19:13:38,Cheese Burger,3,50,1,0
4741,2024-03-06 19:13:38,Classic Burger,1,45,1,0
4742,2024-03-06 20:06:29,Chicken Nuggets,3,30,1,0
4742,2024-03-06 20:06:29,Milkshake,2,28,1,0
4742,2024-03-06 20:06:29,Onion Rings,1,22,1,0
4742,2024-03-06 20:06:29,Cheese Burger,3,50,1,0
4743,2024-03-06 17:13:05,Chicken Burger,1,55,1,0
4743,2024-03-06 17:13:05,Chicken Nuggets,1,30,1,0
4743,2024-03-06 17:13:05,Classic Burger,3,45,1,0
4743,2024-03-06 17:13:05,Soft Drink,2,15,1,0
4743,2024-03-06 17:13:05,Cheese Burger,2,50,1,0
4744,2024-03-06 23:02:59,Milkshake,2,28,1,0
4745,2024-03-06 18:10:49,Cheese Burger,3,50,1,0
4745,2024-03-06 18:10:49,Chicken Burger,3,55,1,0
4745,2024-03-06 18:10:49,Double Burger,1,65,1,0
4746,2024-03-06 16:26:21,Soft Drink,1,15,1,0
4746,2024-03-06 16:26:21,Milkshake,2,28,1,0
4746,2024-03-06 16:26:21,Double Burger,3,65,1,0
4746,2024-03-06 16:26:21,Fries,2,20,1,0
4746,2024-03-06 16:26:21,Ice Cream,3,18,1,0
4747,2024-03-06 13:32:38,Onion Rings,3,22,1,0
4747,2024-03-06 13:32:38,Fries,1,20,1,0
4747,2024-03-06 13:32:38,Classic Burger,1,45,1,0
4747,2024-03-06 13:32:38,Milkshake,1,28,1,0
4748,2024-03-06 17:45:46,Milkshake,1,28,1,0
4748,2024-03-06 17:45:46,Double Burger,3,65,1,0
4748,2024-03-06 17:45:46,Classic Burger,3,45,1,0
4748,2024-03-06 17:45:46,Ice Cream,2,18,1,0
4748,2024-03-06 17:45:46,Chicken Nuggets,3,30,1,0
4749,2024-03-06 16:55:21,Onion Rings,2,22,1,0
4749,2024-03-06 16:55:21,Fries,1,20,1,0
4749,2024-03-06 16:55:21,Classic Burger,1,45,1,0
4749,2024-03-06 16:55:21,Chicken Burger,1,55,1,0
4750,2024-03-06 20:02:31,Fries,3,20,1,0
4750,2024-03-06 20:02:31,Ice Cream,2,18,1,0
4750,2024-03-06 20:02:31,Onion Rings,3,22,1,0
4751,2024-03-06 19:50:05,Ice Cream,3,18,1,0
4751,2024-03-06 19:50:05,Onion Rings,1,22,1,0
4751,2024-03-06 19:50:05,Chicken Burger,2,55,1,0
4752,2024-03-06 14:51:20,Milkshake,1,28,1,0
4752,2024-03-06 14:51:20,Fries,3,20,1,0
4753,2024-03-06 18:40:57,Fries,1,20,1,0
4753,2024-03-06 18:40:57,Chicken Burger,1,55,1,0
4753,2024-03-06 18:40:57,Cheese Burger,3,50,1,0
4753,2024-03-06 18:40:57,Classic Burger,1,45,1,0
4754,2024-03-06 20:18:57,Chicken Burger,3,55,1,0
4755,2024-03-06 22:29:02,Chicken Burger,2,55,1,0
4755,2024-03-06 22:29:02,Onion Rings,2,22,1,0
4755,2024-03-06 22:29:02,Ice Cream,1,18,1,0
4755,2024-03-06 22:29:02,Cheese Burger,2,50,1,0
4755,2024-03-06 22:29:02,Soft Drink,1,15,1,0
4756,2024-03-06 20:22:52,Classic Burger,3,45,1,0
4756,2024-03-06 20:22:52,Onion Rings,1,22,1,0
4756,2024-03-06 20:22:52,Fries,3,20,1,0
4756,2024-03-06 20:22:52,Chicken Burger,1,55,1,0
4757,2024-03-06 20:57:53,Chicken Nuggets,2,30,1,0
4757,2024-03-06 20:57:53,Ice Cream,2,18,1,0
4757,2024-03-06 20:57:53,Cheese Burger,3,50,1,0
4758,2024-03-06 18:42:23,Onion Rings,2,22,1,0
4758,2024-03-06 18:42:23,Ice Cream,2,18,1,0
4758,2024-03-06 18:42:23,Milkshake,1,28,1,0
4758,2024-03-06 18:42:23,Cheese Burger,1,50,1,0
4758,2024-03-06 18:42:23,Soft Drink,1,15,1,0
4759,2024-03-06 19:39:50,Onion Rings,3,22,1,0
4759,2024-03-06 19:39:50,Soft Drink,2,15,1,0
4760,2024-03-06 21:16:31,Soft Drink,1,15,1,0
4760,2024-03-06 21:16:31,Fries,3,20,1,0
4760,2024-03-06 21:16:31,Classic Burger,1,45,1,0
4760,2024-03-06 21:16:31,Milkshake,2,28,1,0
4761,2024-03-06 14:41:25,Double Burger,1,65,1,0
4761,2024-03-06 14:41:25,Milkshake,3,28,1,0
4761,2024-03-06 14:41:25,Onion Rings,2,22,1,0
4761,2024-03-06 14:41:25,Ice Cream,2,18,1,0
4761,2024-03-06 14:41:25,Cheese Burger,1,50,1,0
4762,2024-03-06 16:16:21,Cheese Burger,1,50,1,0
4763,2024-03-06 15:40:57,Classic Burger,3,45,1,0
4763,2024-03-06 15:40:57,Cheese Burger,3,50,1,0
4763,2024-03-06 15:40:57,Onion Rings,1,22,1,0
4764,2024-03-06 19:08:11,Classic Burger,3,45,1,0
4764,2024-03-06 19:08:11,Double Burger,3,65,1,0
4765,2024-03-07 16:52:01,Classic Burger,3,45,1,0
4765,2024-03-07 16:52:01,Ice Cream,1,18,1,0
4765,2024-03-07 16:52:01,Fries,2,20,1,0
4765,2024-03-07 16:52:01,Onion Rings,3,22,1,0
4765,2024-03-07 16:52:01,Cheese Burger,2,50,1,0
4766,2024-03-07 20:10:54,Chicken Nuggets,1,30,1,0
4766,2024-03-07 20:10:54,Chicken Burger,3,55,1,0
4766,2024-03-07 20:10:54,Cheese Burger,3,50,1,0
4766,2024-03-07 20:10:54,Onion Rings,2,22,1,0
4767,2024-03-07 19:24:26,Soft Drink,3,15,1,0
4767,2024-03-07 19:24:26,Chicken Burger,2,55,1,0
4767,2024-03-07 19:24:26,Onion Rings,1,22,1,0
4768,2024-03-07 19:46:48,Milkshake,1,28,1,0
4768,2024-03-07 19:46:48,Classic Burger,2,45,1,0
4768,2024-03-07 19:46:48,Fries,3,20,1,0
4769,2024-03-07 17:54:58,Classic Burger,1,45,1,0
4769,2024-03-07 17:54:58,Milkshake,1,28,1,0
4769,2024-03-07 17:54:58,Double Burger,1,65,1,0
4769,2024-03-07 17:54:58,Cheese Burger,1,50,1,0
4770,2024-03-07 14:50:13,Chicken Burger,2,55,1,0
4770,2024-03-07 14:50:13,Classic Burger,1,45,1,0
4770,2024-03-07 14:50:13,Chicken Nuggets,2,30,1,0
4770,2024-03-07 14:50:13,Fries,2,20,1,0
4770,2024-03-07 14:50:13,Ice Cream,1,18,1,0
4771,2024-03-07 19:16:32,Chicken Nuggets,2,30,1,0
4772,2024-03-07 15:37:56,Chicken Burger,1,55,1,0
4772,2024-03-07 15:37:56,Ice Cream,1,18,1,0
4772,2024-03-07 15:37:56,Soft Drink,1,15,1,0
4772,2024-03-07 15:37:56,Onion Rings,1,22,1,0
4773,2024-03-07 23:05:17,Milkshake,1,28,1,0
4773,2024-03-07 23:05:17,Double Burger,3,65,1,0
4773,2024-03-07 23:05:17,Classic Burger,1,45,1,0
4773,2024-03-07 23:05:17,Fries,1,20,1,0
4773,2024-03-07 23:05:17,Soft Drink,2,15,1,0
4774,2024-03-07 19:01:14,Double Burger,1,65,1,0
4774,2024-03-07 19:01:14,Onion Rings,2,22,1,0
4774,2024-03-07 19:01:14,Soft Drink,1,15,1,0
4774,2024-03-07 19:01:14,Milkshake,3,28,1,0
4774,2024-03-07 19:01:14,Chicken Nuggets,1,30,1,0
4775,2024-03-07 16:01:58,Fries,2,20,1,0
4775,2024-03-07 16:01:58,Cheese Burger,3,50,1,0
4775,2024-03-07 16:01:58,Classic Burger,1,45,1,0
4775,2024-03-07 16:01:58,Double Burger,1,65,1,0
4775,2024-03-07 16:01:58,Ice Cream,1,18,1,0
4776,2024-03-07 16:37:43,Milkshake,3,28,1,0
4777,2024-03-07 17:44:53,Milkshake,3,28,1,0
4777,2024-03-07 17:44:53,Ice Cream,3,18,1,0
4777,2024-03-07 17:44:53,Soft Drink,3,15,1,0
4777,2024-03-07 17:44:53,Classic Burger,1,45,1,0
4777,2024-03-07 17:44:53,Double Burger,2,65,1,0
4778,2024-03-07 17:24:26,Fries,3,20,1,0
4779,2024-03-07 21:53:57,Chicken Burger,1,55,1,0
4779,2024-03-07 21:53:57,Chicken Nuggets,2,30,1,0
4779,2024-03-07 21:53:57,Onion Rings,1,22,1,0
4780,2024-03-07 18:29:10,Ice Cream,2,18,1,0
4781,2024-03-07 15:14:39,Onion Rings,3,22,1,0
4781,2024-03-07 15:14:39,Classic Burger,3,45,1,0
4781,2024-03-07 15:14:39,Milkshake,1,28,1,0
4781,2024-03-07 15:14:39,Chicken Burger,3,55,1,0
4782,2024-03-07 23:35:44,Soft Drink,1,15,1,0
4783,2024-03-07 18:21:52,Onion Rings,3,22,1,0
4783,2024-03-07 18:21:52,Classic Burger,3,45,1,0
4783,2024-03-07 18:21:52,Milkshake,2,28,1,0
4783,2024-03-07 18:21:52,Fries,3,20,1,0
4784,2024-03-07 20:04:34,Onion Rings,3,22,1,0
4785,2024-03-07 16:57:12,Onion Rings,1,22,1,0
4785,2024-03-07 16:57:12,Ice Cream,2,18,1,0
4786,2024-03-07 19:29:33,Chicken Burger,3,55,1,0
4786,2024-03-07 19:29:33,Fries,2,20,1,0
4786,2024-03-07 19:29:33,Onion Rings,2,22,1,0
4787,2024-03-07 18:06:27,Classic Burger,1,45,1,0
4787,2024-03-07 18:06:27,Chicken Burger,3,55,1,0
4787,2024-03-07 18:06:27,Onion Rings,2,22,1,0
4788,2024-03-07 12:41:52,Soft Drink,3,15,1,0
4788,2024-03-07 12:41:52,Chicken Burger,3,55,1,0
4788,2024-03-07 12:41:52,Chicken Nuggets,3,30,1,0
4788,2024-03-07 12:41:52,Ice Cream,3,18,1,0
4789,2024-03-07 23:03:21,Fries,3,20,1,0
4790,2024-03-07 21:26:46,Double Burger,3,65,1,0
4790,2024-03-07 21:26:46,Chicken Burger,3,55,1,0
4790,2024-03-07 21:26:46,Milkshake,2,28,1,0
4791,2024-03-07 16:40:02,Onion Rings,3,22,1,0
4791,2024-03-07 16:40:02,Soft Drink,1,15,1,0
4791,2024-03-07 16:40:02,Chicken Burger,1,55,1,0
4792,2024-03-07 14:20:08,Milkshake,1,28,1,0
4792,2024-03-07 14:20:08,Chicken Nuggets,3,30,1,0
4792,2024-03-07 14:20:08,Classic Burger,1,45,1,0
4792,2024-03-07 14:20:08,Fries,1,20,1,0
4793,2024-03-07 19:05:53,Cheese Burger,2,50,1,0
4794,2024-03-07 18:51:13,Fries,2,20,1,0
4794,2024-03-07 18:51:13,Ice Cream,2,18,1,0
4794,2024-03-07 18:51:13,Chicken Burger,3,55,1,0
4794,2024-03-07 18:51:13,Chicken Nuggets,3,30,1,0
4795,2024-03-07 19:00:03,Cheese Burger,1,50,1,0
4795,2024-03-07 19:00:03,Double Burger,2,65,1,0
4795,2024-03-07 19:00:03,Soft Drink,2,15,1,0
4795,2024-03-07 19:00:03,Ice Cream,2,18,1,0
4795,2024-03-07 19:00:03,Milkshake,3,28,1,0
4796,2024-03-07 18:23:02,Chicken Burger,1,55,1,0
4797,2024-03-07 19:21:31,Chicken Burger,2,55,1,0
4797,2024-03-07 19:21:31,Ice Cream,3,18,1,0
4797,2024-03-07 19:21:31,Cheese Burger,1,50,1,0
4797,2024-03-07 19:21:31,Double Burger,3,65,1,0
4798,2024-03-07 22:10:43,Onion Rings,2,22,1,0
4799,2024-03-07 19:26:28,Double Burger,1,65,1,0
4800,2024-03-07 14:46:33,Soft Drink,1,15,1,0
4800,2024-03-07 14:46:33,Cheese Burger,1,50,1,0
4800,2024-03-07 14:46:33,Ice Cream,3,18,1,0
4800,2024-03-07 14:46:33,Chicken Burger,1,55,1,0
4800,2024-03-07 14:46:33,Classic Burger,3,45,1,0
4801,2024-03-07 22:57:04,Cheese Burger,3,50,1,0
4801,2024-03-07 22:57:04,Classic Burger,1,45,1,0
4801,2024-03-07 22:57:04,Double Burger,2,65,1,0
4802,2024-03-07 22:32:01,Fries,2,20,1,0
4802,2024-03-07 22:32:01,Cheese Burger,2,50,1,0
4802,2024-03-07 22:32:01,Chicken Nuggets,2,30,1,0
4802,2024-03-07 22:32:01,Milkshake,3,28,1,0
4802,2024-03-07 22:32:01,Ice Cream,3,18,1,0
4803,2024-03-07 23:41:40,Fries,3,20,1,0
4803,2024-03-07 23:41:40,Double Burger,1,65,1,0
4803,2024-03-07 23:41:40,Soft Drink,1,15,1,0
4803,2024-03-07 23:41:40,Onion Rings,2,22,1,0
4804,2024-03-07 14:51:11,Onion Rings,2,22,1,0
4805,2024-03-07 18:52:21,Ice Cream,3,18,1,0
4805,2024-03-07 18:52:21,Milkshake,1,28,1,0
4805,2024-03-07 18:52:21,Cheese Burger,3,50,1,0
4806,2024-03-07 11:29:22,Fries,1,20,1,0
4806,2024-03-07 11:29:22,Milkshake,2,28,1,0
4806,2024-03-07 11:29:22,Chicken Nuggets,2,30,1,0
4806,2024-03-07 11:29:22,Chicken Burger,1,55,1,0
4807,2024-03-07 19:25:31,Fries,2,20,1,0
4808,2024-03-07 16:30:40,Classic Burger,3,45,1,0
4809,2024-03-07 23:28:35,Chicken Nuggets,2,30,1,0
4809,2024-03-07 23:28:35,Ice Cream,2,18,1,0
4810,2024-03-07 15:34:23,Onion Rings,3,22,1,0
4810,2024-03-07 15:34:23,Milkshake,1,28,1,0
4810,2024-03-07 15:34:23,Fries,3,20,1,0
4811,2024-03-07 12:47:52,Ice Cream,1,18,1,0
4811,2024-03-07 12:47:52,Chicken Nuggets,1,30,1,0
4811,2024-03-07 12:47:52,Chicken Burger,3,55,1,0
4812,2024-03-07 16:39:00,Classic Burger,1,45,1,0
4813,2024-03-07 12:15:21,Ice Cream,2,18,1,0
4813,2024-03-07 12:15:21,Fries,1,20,1,0
4814,2024-03-07 20:07:01,Chicken Nuggets,1,30,1,0
4814,2024-03-07 20:07:01,Milkshake,3,28,1,0
4814,2024-03-07 20:07:01,Cheese Burger,2,50,1,0
4815,2024-03-07 11:21:15,Fries,3,20,1,0
4815,2024-03-07 11:21:15,Double Burger,2,65,1,0
4816,2024-03-07 18:50:26,Cheese Burger,1,50,1,0
4816,2024-03-07 18:50:26,Fries,1,20,1,0
4816,2024-03-07 18:50:26,Double Burger,1,65,1,0
4816,2024-03-07 18:50:26,Classic Burger,3,45,1,0
4817,2024-03-07 11:35:04,Cheese Burger,1,50,1,0
4817,2024-03-07 11:35:04,Onion Rings,2,22,1,0
4817,2024-03-07 11:35:04,Classic Burger,3,45,1,0
4817,2024-03-07 11:35:04,Ice Cream,1,18,1,0
4818,2024-03-07 17:40:03,Soft Drink,3,15,1,0
4818,2024-03-07 17:40:03,Double Burger,2,65,1,0
4819,2024-03-07 22:57:58,Fries,3,20,1,0
4820,2024-03-07 19:31:06,Chicken Nuggets,3,30,1,0
4820,2024-03-07 19:31:06,Milkshake,3,28,1,0
4820,2024-03-07 19:31:06,Double Burger,2,65,1,0
4820,2024-03-07 19:31:06,Classic Burger,2,45,1,0
4820,2024-03-07 19:31:06,Chicken Burger,1,55,1,0
4821,2024-03-07 15:50:02,Classic Burger,1,45,1,0
4822,2024-03-07 17:25:21,Soft Drink,3,15,1,0
4822,2024-03-07 17:25:21,Onion Rings,1,22,1,0
4823,2024-03-08 19:21:46,Classic Burger,2,45,1,0
4824,2024-03-08 10:51:16,Milkshake,1,28,1,0
4824,2024-03-08 10:51:16,Fries,1,20,1,0
4824,2024-03-08 10:51:16,Classic Burger,3,45,1,0
4825,2024-03-08 16:07:25,Soft Drink,2,15,1,0
4825,2024-03-08 16:07:25,Chicken Nuggets,2,30,1,0
4825,2024-03-08 16:07:25,Milkshake,1,28,1,0
4825,2024-03-08 16:07:25,Double Burger,3,65,1,0
4825,2024-03-08 16:07:25,Classic Burger,1,45,1,0
4826,2024-03-08 16:19:51,Ice Cream,1,18,1,0
4827,2024-03-08 19:01:15,Milkshake,3,28,1,0
4828,2024-03-08 18:09:07,Milkshake,1,28,1,0
4828,2024-03-08 18:09:07,Chicken Nuggets,2,30,1,0
4828,2024-03-08 18:09:07,Soft Drink,1,15,1,0
4828,2024-03-08 18:09:07,Fries,2,20,1,0
4829,2024-03-08 13:32:16,Chicken Burger,1,55,1,0
4830,2024-03-08 15:37:37,Fries,2,20,1,0
4830,2024-03-08 15:37:37,Chicken Nuggets,2,30,1,0
4830,2024-03-08 15:37:37,Milkshake,2,28,1,0
4831,2024-03-08 18:00:15,Chicken Burger,2,55,1,0
4832,2024-03-08 17:56:22,Onion Rings,2,22,1,0
4832,2024-03-08 17:56:22,Chicken Nuggets,2,30,1,0
4832,2024-03-08 17:56:22,Double Burger,3,65,1,0
4832,2024-03-08 17:56:22,Soft Drink,3,15,1,0
4833,2024-03-08 16:58:53,Ice Cream,1,18,1,0
4833,2024-03-08 16:58:53,Soft Drink,2,15,1,0
4834,2024-03-08 16:11:30,Double Burger,3,65,1,0
4834,2024-03-08 16:11:30,Cheese Burger,1,50,1,0
4835,2024-03-08 20:08:04,Ice Cream,1,18,1,0
4836,2024-03-08 16:07:31,Cheese Burger,3,50,1,0
4836,2024-03-08 16:07:31,Chicken Nuggets,3,30,1,0
4837,2024-03-08 17:43:37,Cheese Burger,3,50,1,0
4837,2024-03-08 17:43:37,Fries,3,20,1,0
4837,2024-03-08 17:43:37,Milkshake,3,28,1,0
4837,2024-03-08 17:43:37,Soft Drink,1,15,1,0
4837,2024-03-08 17:43:37,Classic Burger,2,45,1,0
4838,2024-03-08 23:14:01,Chicken Nuggets,3,30,1,0
4838,2024-03-08 23:14:01,Onion Rings,3,22,1,0
4838,2024-03-08 23:14:01,Ice Cream,2,18,1,0
4838,2024-03-08 23:14:01,Soft Drink,1,15,1,0
4838,2024-03-08 23:14:01,Chicken Burger,1,55,1,0
4839,2024-03-08 13:47:14,Onion Rings,1,22,1,0
4839,2024-03-08 13:47:14,Milkshake,3,28,1,0
4840,2024-03-08 12:33:51,Soft Drink,1,15,1,0
4840,2024-03-08 12:33:51,Milkshake,3,28,1,0
4840,2024-03-08 12:33:51,Cheese Burger,2,50,1,0
4841,2024-03-08 20:47:04,Cheese Burger,1,50,1,0
4841,2024-03-08 20:47:04,Soft Drink,1,15,1,0
4841,2024-03-08 20:47:04,Fries,2,20,1,0
4842,2024-03-08 15:50:06,Cheese Burger,1,50,1,0
4842,2024-03-08 15:50:06,Chicken Burger,1,55,1,0
4842,2024-03-08 15:50:06,Milkshake,2,28,1,0
4842,2024-03-08 15:50:06,Fries,2,20,1,0
4843,2024-03-08 17:05:33,Double Burger,3,65,1,0
4843,2024-03-08 17:05:33,Ice Cream,2,18,1,0
4843,2024-03-08 17:05:33,Fries,2,20,1,0
4843,2024-03-08 17:05:33,Chicken Nuggets,2,30,1,0
4843,2024-03-08 17:05:33,Cheese Burger,1,50,1,0
4844,2024-03-08 15:51:01,Double Burger,2,65,1,0
4844,2024-03-08 15:51:01,Ice Cream,2,18,1,0
4844,2024-03-08 15:51:01,Fries,3,20,1,0
4844,2024-03-08 15:51:01,Soft Drink,1,15,1,0
4845,2024-03-08 17:44:19,Chicken Burger,3,55,1,0
4846,2024-03-08 22:53:37,Classic Burger,3,45,1,0
4846,2024-03-08 22:53:37,Ice Cream,2,18,1,0
4846,2024-03-08 22:53:37,Fries,3,20,1,0
4847,2024-03-08 20:37:05,Soft Drink,1,15,1,0
4847,2024-03-08 20:37:05,Milkshake,1,28,1,0
4847,2024-03-08 20:37:05,Cheese Burger,3,50,1,0
4847,2024-03-08 20:37:05,Classic Burger,1,45,1,0
4847,2024-03-08 20:37:05,Chicken Nuggets,1,30,1,0
4848,2024-03-08 20:40:10,Ice Cream,3,18,1,0
4849,2024-03-08 13:11:42,Classic Burger,1,45,1,0
4850,2024-03-08 14:32:23,Chicken Nuggets,2,30,1,0
4851,2024-03-08 10:14:28,Ice Cream,3,18,1,0
4851,2024-03-08 10:14:28,Milkshake,2,28,1,0
4852,2024-03-08 15:52:58,Chicken Burger,3,55,1,0
4852,2024-03-08 15:52:58,Double Burger,3,65,1,0
4852,2024-03-08 15:52:58,Classic Burger,2,45,1,0
4853,2024-03-08 20:06:08,Cheese Burger,2,50,1,0
4853,2024-03-08 20:06:08,Chicken Nuggets,3,30,1,0
4853,2024-03-08 20:06:08,Milkshake,1,28,1,0
4854,2024-03-08 19:17:36,Milkshake,3,28,1,0
4854,2024-03-08 19:17:36,Double Burger,2,65,1,0
4854,2024-03-08 19:17:36,Cheese Burger,2,50,1,0
4854,2024-03-08 19:17:36,Fries,2,20,1,0
4855,2024-03-08 17:08:38,Cheese Burger,1,50,1,0
4855,2024-03-08 17:08:38,Classic Burger,2,45,1,0
4855,2024-03-08 17:08:38,Milkshake,3,28,1,0
4855,2024-03-08 17:08:38,Soft Drink,2,15,1,0
4855,2024-03-08 17:08:38,Fries,2,20,1,0
4856,2024-03-08 17:35:22,Ice Cream,3,18,1,0
4856,2024-03-08 17:35:22,Milkshake,3,28,1,0
4856,2024-03-08 17:35:22,Double Burger,3,65,1,0
4857,2024-03-08 15:04:20,Onion Rings,3,22,1,0
4857,2024-03-08 15:04:20,Classic Burger,3,45,1,0
4858,2024-03-08 18:19:31,Double Burger,3,65,1,0
4858,2024-03-08 18:19:31,Cheese Burger,1,50,1,0
4858,2024-03-08 18:19:31,Fries,1,20,1,0
4858,2024-03-08 18:19:31,Ice Cream,1,18,1,0
4858,2024-03-08 18:19:31,Classic Burger,2,45,1,0
4859,2024-03-08 20:31:47,Ice Cream,3,18,1,0
4859,2024-03-08 20:31:47,Fries,2,20,1,0
4859,2024-03-08 20:31:47,Chicken Burger,3,55,1,0
4859,2024-03-08 20:31:47,Onion Rings,1,22,1,0
4859,2024-03-08 20:31:47,Cheese Burger,3,50,1,0
4860,2024-03-08 13:56:20,Cheese Burger,1,50,1,0
4860,2024-03-08 13:56:20,Chicken Nuggets,2,30,1,0
4860,2024-03-08 13:56:20,Ice Cream,1,18,1,0
4860,2024-03-08 13:56:20,Milkshake,2,28,1,0
4860,2024-03-08 13:56:20,Classic Burger,3,45,1,0
4861,2024-03-08 18:43:16,Fries,1,20,1,0
4861,2024-03-08 18:43:16,Soft Drink,2,15,1,0
4861,2024-03-08 18:43:16,Chicken Nuggets,3,30,1,0
4861,2024-03-08 18:43:16,Chicken Burger,1,55,1,0
4861,2024-03-08 18:43:16,Ice Cream,1,18,1,0
4862,2024-03-08 20:55:50,Double Burger,1,65,1,0
4862,2024-03-08 20:55:50,Milkshake,1,28,1,0
4863,2024-03-09 17:25:08,Fries,3,20,1,0
4864,2024-03-09 19:58:15,Chicken Nuggets,2,30,1,0
4864,2024-03-09 19:58:15,Cheese Burger,2,50,1,0
4864,2024-03-09 19:58:15,Soft Drink,3,15,1,0
4865,2024-03-09 15:27:34,Chicken Nuggets,3,30,1,0
4865,2024-03-09 15:27:34,Soft Drink,1,15,1,0
4865,2024-03-09 15:27:34,Classic Burger,3,45,1,0
4865,2024-03-09 15:27:34,Chicken Burger,1,55,1,0
4866,2024-03-09 18:07:22,Ice Cream,1,18,1,0
4866,2024-03-09 18:07:22,Double Burger,2,65,1,0
4866,2024-03-09 18:07:22,Onion Rings,2,22,1,0
4866,2024-03-09 18:07:22,Fries,1,20,1,0
4867,2024-03-09 19:43:46,Chicken Nuggets,2,30,1,0
4867,2024-03-09 19:43:46,Chicken Burger,1,55,1,0
4868,2024-03-09 18:34:41,Ice Cream,2,18,1,0
4868,2024-03-09 18:34:41,Chicken Nuggets,3,30,1,0
4868,2024-03-09 18:34:41,Cheese Burger,3,50,1,0
4868,2024-03-09 18:34:41,Onion Rings,2,22,1,0
4869,2024-03-09 14:36:14,Chicken Burger,1,55,1,0
4869,2024-03-09 14:36:14,Onion Rings,2,22,1,0
4869,2024-03-09 14:36:14,Soft Drink,1,15,1,0
4869,2024-03-09 14:36:14,Milkshake,2,28,1,0
4870,2024-03-09 18:05:23,Classic Burger,3,45,1,0
4870,2024-03-09 18:05:23,Fries,1,20,1,0
4870,2024-03-09 18:05:23,Chicken Burger,3,55,1,0
4870,2024-03-09 18:05:23,Double Burger,1,65,1,0
4871,2024-03-09 22:27:09,Milkshake,3,28,1,0
4871,2024-03-09 22:27:09,Fries,1,20,1,0
4871,2024-03-09 22:27:09,Chicken Burger,2,55,1,0
4871,2024-03-09 22:27:09,Chicken Nuggets,3,30,1,0
4871,2024-03-09 22:27:09,Ice Cream,2,18,1,0
4872,2024-03-09 19:41:46,Ice Cream,2,18,1,0
4872,2024-03-09 19:41:46,Chicken Burger,2,55,1,0
4872,2024-03-09 19:41:46,Chicken Nuggets,2,30,1,0
4873,2024-03-09 20:59:00,Classic Burger,1,45,1,0
4873,2024-03-09 20:59:00,Double Burger,3,65,1,0
4874,2024-03-09 17:32:36,Onion Rings,1,22,1,0
4875,2024-03-09 20:37:41,Ice Cream,1,18,1,0
4875,2024-03-09 20:37:41,Double Burger,2,65,1,0
4875,2024-03-09 20:37:41,Chicken Nuggets,1,30,1,0
4875,2024-03-09 20:37:41,Fries,2,20,1,0
4875,2024-03-09 20:37:41,Cheese Burger,2,50,1,0
4876,2024-03-09 18:14:15,Onion Rings,3,22,1,0
4876,2024-03-09 18:14:15,Chicken Burger,3,55,1,0
4876,2024-03-09 18:14:15,Soft Drink,3,15,1,0
4876,2024-03-09 18:14:15,Classic Burger,3,45,1,0
4877,2024-03-09 15:36:18,Cheese Burger,1,50,1,0
4877,2024-03-09 15:36:18,Onion Rings,3,22,1,0
4877,2024-03-09 15:36:18,Chicken Burger,2,55,1,0
4878,2024-03-09 18:59:18,Chicken Nuggets,3,30,1,0
4878,2024-03-09 18:59:18,Fries,1,20,1,0
4878,2024-03-09 18:59:18,Milkshake,1,28,1,0
4879,2024-03-09 15:31:37,Onion Rings,1,22,1,0
4879,2024-03-09 15:31:37,Chicken Nuggets,1,30,1,0
4880,2024-03-09 16:26:26,Soft Drink,3,15,1,0
4880,2024-03-09 16:26:26,Chicken Burger,1,55,1,0
4880,2024-03-09 16:26:26,Double Burger,2,65,1,0
4880,2024-03-09 16:26:26,Ice Cream,3,18,1,0
4880,2024-03-09 16:26:26,Classic Burger,3,45,1,0
4881,2024-03-09 18:56:24,Cheese Burger,3,50,1,0
4881,2024-03-09 18:56:24,Double Burger,3,65,1,0
4881,2024-03-09 18:56:24,Milkshake,1,28,1,0
4881,2024-03-09 18:56:24,Fries,2,20,1,0
4881,2024-03-09 18:56:24,Onion Rings,2,22,1,0
4882,2024-03-09 18:29:16,Soft Drink,1,15,1,0
4882,2024-03-09 18:29:16,Chicken Burger,3,55,1,0
4882,2024-03-09 18:29:16,Classic Burger,3,45,1,0
4883,2024-03-09 14:32:01,Classic Burger,3,45,1,0
4883,2024-03-09 14:32:01,Ice Cream,3,18,1,0
4883,2024-03-09 14:32:01,Onion Rings,2,22,1,0
4883,2024-03-09 14:32:01,Cheese Burger,1,50,1,0
4884,2024-03-09 21:15:41,Chicken Nuggets,3,30,1,0
4885,2024-03-09 19:27:34,Chicken Nuggets,3,30,1,0
4885,2024-03-09 19:27:34,Onion Rings,1,22,1,0
4885,2024-03-09 19:27:34,Double Burger,3,65,1,0
4885,2024-03-09 19:27:34,Classic Burger,1,45,1,0
4885,2024-03-09 19:27:34,Soft Drink,1,15,1,0
4886,2024-03-09 15:22:35,Ice Cream,2,18,1,0
4886,2024-03-09 15:22:35,Chicken Burger,2,55,1,0
4886,2024-03-09 15:22:35,Milkshake,1,28,1,0
4886,2024-03-09 15:22:35,Double Burger,2,65,1,0
4887,2024-03-09 13:15:34,Chicken Nuggets,2,30,1,0
4888,2024-03-09 17:37:55,Double Burger,1,65,1,0
4888,2024-03-09 17:37:55,Milkshake,3,28,1,0
4888,2024-03-09 17:37:55,Ice Cream,3,18,1,0
4888,2024-03-09 17:37:55,Fries,1,20,1,0
4889,2024-03-09 16:02:38,Ice Cream,3,18,1,0
4890,2024-03-09 18:35:49,Ice Cream,3,18,1,0
4890,2024-03-09 18:35:49,Double Burger,3,65,1,0
4890,2024-03-09 18:35:49,Chicken Burger,3,55,1,0
4890,2024-03-09 18:35:49,Milkshake,3,28,1,0
4891,2024-03-09 16:22:59,Chicken Burger,2,55,1,0
4891,2024-03-09 16:22:59,Ice Cream,1,18,1,0
4892,2024-03-09 11:48:13,Onion Rings,2,22,1,0
4892,2024-03-09 11:48:13,Soft Drink,3,15,1,0
4892,2024-03-09 11:48:13,Cheese Burger,1,50,1,0
4892,2024-03-09 11:48:13,Ice Cream,3,18,1,0
4892,2024-03-09 11:48:13,Classic Burger,3,45,1,0
4893,2024-03-09 16:06:59,Double Burger,1,65,1,0
4893,2024-03-09 16:06:59,Soft Drink,1,15,1,0
4893,2024-03-09 16:06:59,Cheese Burger,2,50,1,0
4893,2024-03-09 16:06:59,Fries,2,20,1,0
4893,2024-03-09 16:06:59,Ice Cream,2,18,1,0
4894,2024-03-09 17:15:12,Ice Cream,2,18,1,0
4894,2024-03-09 17:15:12,Cheese Burger,2,50,1,0
4894,2024-03-09 17:15:12,Fries,3,20,1,0
4894,2024-03-09 17:15:12,Chicken Burger,2,55,1,0
4895,2024-03-09 19:04:58,Ice Cream,2,18,1,0
4895,2024-03-09 19:04:58,Classic Burger,2,45,1,0
4896,2024-03-09 15:29:35,Double Burger,3,65,1,0
4896,2024-03-09 15:29:35,Chicken Nuggets,2,30,1,0
4896,2024-03-09 15:29:35,Onion Rings,2,22,1,0
4896,2024-03-09 15:29:35,Chicken Burger,3,55,1,0
4896,2024-03-09 15:29:35,Ice Cream,1,18,1,0
4897,2024-03-09 23:48:14,Classic Burger,1,45,1,0
4897,2024-03-09 23:48:14,Ice Cream,3,18,1,0
4898,2024-03-09 12:22:44,Fries,3,20,1,0
4898,2024-03-09 12:22:44,Chicken Nuggets,3,30,1,0
4898,2024-03-09 12:22:44,Soft Drink,3,15,1,0
4898,2024-03-09 12:22:44,Chicken Burger,3,55,1,0
4898,2024-03-09 12:22:44,Cheese Burger,1,50,1,0
4899,2024-03-09 21:17:08,Chicken Burger,2,55,1,0
4899,2024-03-09 21:17:08,Chicken Nuggets,2,30,1,0
4900,2024-03-09 17:28:03,Chicken Burger,2,55,1,0
4900,2024-03-09 17:28:03,Onion Rings,1,22,1,0
4900,2024-03-09 17:28:03,Soft Drink,3,15,1,0
4900,2024-03-09 17:28:03,Fries,3,20,1,0
4900,2024-03-09 17:28:03,Chicken Nuggets,2,30,1,0
4901,2024-03-09 20:52:24,Classic Burger,2,45,1,0
4901,2024-03-09 20:52:24,Cheese Burger,3,50,1,0
4901,2024-03-09 20:52:24,Milkshake,1,28,1,0
4901,2024-03-09 20:52:24,Fries,2,20,1,0
4901,2024-03-09 20:52:24,Onion Rings,1,22,1,0
4902,2024-03-09 18:32:28,Classic Burger,2,45,1,0
4902,2024-03-09 18:32:28,Milkshake,1,28,1,0
4902,2024-03-09 18:32:28,Double Burger,3,65,1,0
4902,2024-03-09 18:32:28,Fries,1,20,1,0
4903,2024-03-09 21:21:52,Fries,3,20,1,0
4903,2024-03-09 21:21:52,Chicken Nuggets,3,30,1,0
4903,2024-03-09 21:21:52,Cheese Burger,2,50,1,0
4903,2024-03-09 21:21:52,Classic Burger,2,45,1,0
4904,2024-03-09 16:14:54,Milkshake,2,28,1,0
4904,2024-03-09 16:14:54,Ice Cream,3,18,1,0
4904,2024-03-09 16:14:54,Chicken Burger,2,55,1,0
4904,2024-03-09 16:14:54,Onion Rings,2,22,1,0
4905,2024-03-09 14:27:08,Ice Cream,3,18,1,0
4905,2024-03-09 14:27:08,Chicken Nuggets,1,30,1,0
4905,2024-03-09 14:27:08,Soft Drink,1,15,1,0
4905,2024-03-09 14:27:08,Double Burger,2,65,1,0
4906,2024-03-09 22:44:45,Chicken Nuggets,3,30,1,0
4906,2024-03-09 22:44:45,Onion Rings,2,22,1,0
4906,2024-03-09 22:44:45,Soft Drink,1,15,1,0
4907,2024-03-09 17:14:54,Fries,3,20,1,0
4907,2024-03-09 17:14:54,Cheese Burger,2,50,1,0
4907,2024-03-09 17:14:54,Chicken Burger,1,55,1,0
4908,2024-03-09 18:10:02,Milkshake,3,28,1,0
4908,2024-03-09 18:10:02,Chicken Nuggets,1,30,1,0
4908,2024-03-09 18:10:02,Double Burger,1,65,1,0
4908,2024-03-09 18:10:02,Classic Burger,1,45,1,0
4908,2024-03-09 18:10:02,Fries,3,20,1,0
4909,2024-03-09 21:53:44,Soft Drink,1,15,1,0
4909,2024-03-09 21:53:44,Onion Rings,2,22,1,0
4909,2024-03-09 21:53:44,Ice Cream,1,18,1,0
4910,2024-03-09 14:34:47,Milkshake,3,28,1,0
4910,2024-03-09 14:34:47,Chicken Burger,3,55,1,0
4911,2024-03-09 19:12:16,Cheese Burger,3,50,1,0
4911,2024-03-09 19:12:16,Double Burger,1,65,1,0
4911,2024-03-09 19:12:16,Classic Burger,1,45,1,0
4911,2024-03-09 19:12:16,Onion Rings,2,22,1,0
4911,2024-03-09 19:12:16,Soft Drink,2,15,1,0
4912,2024-03-09 16:57:34,Chicken Nuggets,1,30,1,0
4912,2024-03-09 16:57:34,Classic Burger,1,45,1,0
4913,2024-03-09 17:03:36,Fries,1,20,1,0
4913,2024-03-09 17:03:36,Chicken Nuggets,3,30,1,0
4913,2024-03-09 17:03:36,Cheese Burger,1,50,1,0
4913,2024-03-09 17:03:36,Double Burger,2,65,1,0
4913,2024-03-09 17:03:36,Classic Burger,3,45,1,0
4914,2024-03-09 18:47:44,Milkshake,1,28,1,0
4914,2024-03-09 18:47:44,Double Burger,2,65,1,0
4914,2024-03-09 18:47:44,Fries,1,20,1,0
4915,2024-03-09 13:43:21,Double Burger,3,65,1,0
4915,2024-03-09 13:43:21,Cheese Burger,2,50,1,0
4915,2024-03-09 13:43:21,Classic Burger,1,45,1,0
4915,2024-03-09 13:43:21,Chicken Burger,2,55,1,0
4915,2024-03-09 13:43:21,Soft Drink,3,15,1,0
4916,2024-03-09 15:54:29,Chicken Burger,1,55,1,0
4916,2024-03-09 15:54:29,Milkshake,1,28,1,0
4916,2024-03-09 15:54:29,Cheese Burger,2,50,1,0
4916,2024-03-09 15:54:29,Onion Rings,1,22,1,0
4916,2024-03-09 15:54:29,Chicken Nuggets,3,30,1,0
4917,2024-03-09 22:38:08,Classic Burger,3,45,1,0
4917,2024-03-09 22:38:08,Double Burger,3,65,1,0
4917,2024-03-09 22:38:08,Cheese Burger,1,50,1,0
4918,2024-03-09 20:08:15,Chicken Nuggets,1,30,1,0
4918,2024-03-09 20:08:15,Chicken Burger,2,55,1,0
4918,2024-03-09 20:08:15,Classic Burger,2,45,1,0
4919,2024-03-09 17:18:13,Milkshake,2,28,1,0
4919,2024-03-09 17:18:13,Cheese Burger,1,50,1,0
4920,2024-03-09 18:08:59,Ice Cream,2,18,1,0
4920,2024-03-09 18:08:59,Onion Rings,3,22,1,0
4920,2024-03-09 18:08:59,Chicken Nuggets,1,30,1,0
4920,2024-03-09 18:08:59,Soft Drink,1,15,1,0
4920,2024-03-09 18:08:59,Fries,1,20,1,0
4921,2024-03-09 17:49:37,Ice Cream,3,18,1,0
4921,2024-03-09 17:49:37,Milkshake,1,28,1,0
4921,2024-03-09 17:49:37,Fries,1,20,1,0
4921,2024-03-09 17:49:37,Cheese Burger,3,50,1,0
4921,2024-03-09 17:49:37,Classic Burger,1,45,1,0
4922,2024-03-09 22:15:15,Chicken Burger,2,55,1,0
4923,2024-03-09 17:31:16,Classic Burger,2,45,1,0
4923,2024-03-09 17:31:16,Cheese Burger,1,50,1,0
4923,2024-03-09 17:31:16,Milkshake,2,28,1,0
4923,2024-03-09 17:31:16,Chicken Burger,2,55,1,0
4924,2024-03-09 18:00:09,Milkshake,1,28,1,0
4924,2024-03-09 18:00:09,Cheese Burger,3,50,1,0
4925,2024-03-09 21:41:09,Fries,3,20,1,0
4925,2024-03-09 21:41:09,Onion Rings,3,22,1,0
4925,2024-03-09 21:41:09,Chicken Burger,3,55,1,0
4926,2024-03-09 15:25:30,Classic Burger,2,45,1,0
4926,2024-03-09 15:25:30,Chicken Nuggets,1,30,1,0
4927,2024-03-09 22:48:42,Ice Cream,3,18,1,0
4927,2024-03-09 22:48:42,Soft Drink,3,15,1,0
4927,2024-03-09 22:48:42,Milkshake,2,28,1,0
4927,2024-03-09 22:48:42,Classic Burger,1,45,1,0
4928,2024-03-09 13:59:38,Milkshake,1,28,1,0
4928,2024-03-09 13:59:38,Cheese Burger,1,50,1,0
4929,2024-03-09 22:19:36,Soft Drink,1,15,1,0
4929,2024-03-09 22:19:36,Ice Cream,3,18,1,0
4929,2024-03-09 22:19:36,Onion Rings,1,22,1,0
4930,2024-03-09 16:49:14,Cheese Burger,2,50,1,0
4930,2024-03-09 16:49:14,Milkshake,2,28,1,0
4930,2024-03-09 16:49:14,Ice Cream,2,18,1,0
4930,2024-03-09 16:49:14,Double Burger,1,65,1,0
4931,2024-03-09 17:11:36,Milkshake,1,28,1,0
4932,2024-03-09 12:45:06,Cheese Burger,2,50,1,0
4932,2024-03-09 12:45:06,Ice Cream,1,18,1,0
4932,2024-03-09 12:45:06,Milkshake,1,28,1,0
4933,2024-03-09 16:14:10,Cheese Burger,3,50,1,0
4933,2024-03-09 16:14:10,Chicken Nuggets,1,30,1,0
4934,2024-03-09 14:26:44,Fries,1,20,1,0
4935,2024-03-09 16:07:38,Classic Burger,1,45,1,0
4935,2024-03-09 16:07:38,Double Burger,1,65,1,0
4935,2024-03-09 16:07:38,Soft Drink,2,15,1,0
4935,2024-03-09 16:07:38,Cheese Burger,3,50,1,0
4936,2024-03-09 17:25:00,Chicken Burger,2,55,1,0
4937,2024-03-09 20:24:19,Chicken Nuggets,1,30,1,0
4937,2024-03-09 20:24:19,Double Burger,2,65,1,0
4938,2024-03-09 18:32:22,Ice Cream,3,18,1,0
4938,2024-03-09 18:32:22,Chicken Burger,3,55,1,0
4938,2024-03-09 18:32:22,Fries,3,20,1,0
4939,2024-03-09 18:42:18,Onion Rings,3,22,1,0
4939,2024-03-09 18:42:18,Soft Drink,1,15,1,0
4939,2024-03-09 18:42:18,Double Burger,1,65,1,0
4939,2024-03-09 18:42:18,Milkshake,2,28,1,0
4939,2024-03-09 18:42:18,Chicken Burger,2,55,1,0
4940,2024-03-10 15:58:44,Classic Burger,2,45,1,0
4940,2024-03-10 15:58:44,Chicken Nuggets,2,30,1,0
4940,2024-03-10 15:58:44,Onion Rings,1,22,1,0
4940,2024-03-10 15:58:44,Milkshake,3,28,1,0
4940,2024-03-10 15:58:44,Chicken Burger,1,55,1,0
4941,2024-03-10 22:31:45,Ice Cream,3,18,1,0
4942,2024-03-10 17:31:06,Chicken Burger,2,55,1,0
4942,2024-03-10 17:31:06,Classic Burger,2,45,1,0
4942,2024-03-10 17:31:06,Chicken Nuggets,1,30,1,0
4942,2024-03-10 17:31:06,Cheese Burger,3,50,1,0
4942,2024-03-10 17:31:06,Soft Drink,3,15,1,0
4943,2024-03-10 18:02:55,Classic Burger,2,45,1,0
4943,2024-03-10 18:02:55,Onion Rings,3,22,1,0
4943,2024-03-10 18:02:55,Cheese Burger,1,50,1,0
4943,2024-03-10 18:02:55,Chicken Burger,3,55,1,0
4943,2024-03-10 18:02:55,Chicken Nuggets,3,30,1,0
4944,2024-03-10 21:44:36,Ice Cream,3,18,1,0
4945,2024-03-10 21:47:31,Fries,1,20,1,0
4945,2024-03-10 21:47:31,Onion Rings,3,22,1,0
4945,2024-03-10 21:47:31,Ice Cream,2,18,1,0
4945,2024-03-10 21:47:31,Double Burger,3,65,1,0
4945,2024-03-10 21:47:31,Classic Burger,2,45,1,0
4946,2024-03-10 17:02:48,Ice Cream,1,18,1,0
4947,2024-03-10 16:21:04,Onion Rings,1,22,1,0
4947,2024-03-10 16:21:04,Soft Drink,1,15,1,0
4947,2024-03-10 16:21:04,Ice Cream,1,18,1,0
4948,2024-03-10 17:29:50,Soft Drink,2,15,1,0
4948,2024-03-10 17:29:50,Double Burger,1,65,1,0
4948,2024-03-10 17:29:50,Ice Cream,2,18,1,0
4949,2024-03-10 19:26:03,Onion Rings,2,22,1,0
4949,2024-03-10 19:26:03,Classic Burger,2,45,1,0
4949,2024-03-10 19:26:03,Chicken Nuggets,2,30,1,0
4949,2024-03-10 19:26:03,Cheese Burger,2,50,1,0
4949,2024-03-10 19:26:03,Double Burger,1,65,1,0
4950,2024-03-10 20:01:07,Ice Cream,1,18,1,0
4950,2024-03-10 20:01:07,Fries,3,20,1,0
4950,2024-03-10 20:01:07,Double Burger,3,65,1,0
4951,2024-03-10 18:44:24,Chicken Burger,3,55,1,0
4951,2024-03-10 18:44:24,Classic Burger,3,45,1,0
4951,2024-03-10 18:44:24,Cheese Burger,3,50,1,0
4951,2024-03-10 18:44:24,Chicken Nuggets,1,30,1,0
4952,2024-03-10 19:53:01,Double Burger,2,65,1,0
4952,2024-03-10 19:53:01,Onion Rings,2,22,1,0
4952,2024-03-10 19:53:01,Soft Drink,3,15,1,0
4952,2024-03-10 19:53:01,Milkshake,1,28,1,0
4953,2024-03-10 22:57:26,Soft Drink,1,15,1,0
4953,2024-03-10 22:57:26,Onion Rings,2,22,1,0
4953,2024-03-10 22:57:26,Fries,1,20,1,0
4954,2024-03-10 19:45:02,Chicken Nuggets,1,30,1,0
4955,2024-03-10 18:33:05,Ice Cream,2,18,1,0
4955,2024-03-10 18:33:05,Chicken Burger,3,55,1,0
4956,2024-03-10 13:09:55,Fries,1,20,1,0
4956,2024-03-10 13:09:55,Milkshake,2,28,1,0
4957,2024-03-10 10:10:02,Fries,3,20,1,0
4957,2024-03-10 10:10:02,Chicken Nuggets,1,30,1,0
4958,2024-03-10 19:16:07,Onion Rings,2,22,1,0
4958,2024-03-10 19:16:07,Double Burger,1,65,1,0
4958,2024-03-10 19:16:07,Classic Burger,2,45,1,0
4959,2024-03-10 17:20:20,Chicken Nuggets,2,30,1,0
4960,2024-03-10 16:53:38,Soft Drink,3,15,1,0
4960,2024-03-10 16:53:38,Chicken Nuggets,2,30,1,0
4961,2024-03-10 18:10:33,Cheese Burger,3,50,1,0
4961,2024-03-10 18:10:33,Ice Cream,1,18,1,0
4962,2024-03-10 17:47:50,Classic Burger,2,45,1,0
4962,2024-03-10 17:47:50,Fries,2,20,1,0
4962,2024-03-10 17:47:50,Cheese Burger,2,50,1,0
4962,2024-03-10 17:47:50,Soft Drink,2,15,1,0
4963,2024-03-10 21:17:14,Chicken Nuggets,1,30,1,0
4963,2024-03-10 21:17:14,Classic Burger,3,45,1,0
4963,2024-03-10 21:17:14,Milkshake,2,28,1,0
4963,2024-03-10 21:17:14,Ice Cream,2,18,1,0
4964,2024-03-10 18:28:36,Cheese Burger,3,50,1,0
4965,2024-03-10 15:25:39,Chicken Burger,1,55,1,0
4966,2024-03-10 20:07:54,Double Burger,1,65,1,0
4966,2024-03-10 20:07:54,Onion Rings,2,22,1,0
4966,2024-03-10 20:07:54,Ice Cream,2,18,1,0
4966,2024-03-10 20:07:54,Cheese Burger,1,50,1,0
4967,2024-03-10 17:04:18,Cheese Burger,1,50,1,0
4967,2024-03-10 17:04:18,Onion Rings,3,22,1,0
4967,2024-03-10 17:04:18,Ice Cream,1,18,1,0
4967,2024-03-10 17:04:18,Chicken Nuggets,3,30,1,0
4968,2024-03-10 19:22:02,Cheese Burger,1,50,1,0
4968,2024-03-10 19:22:02,Fries,1,20,1,0
4968,2024-03-10 19:22:02,Soft Drink,3,15,1,0
4968,2024-03-10 19:22:02,Chicken Burger,2,55,1,0
4969,2024-03-10 16:06:38,Cheese Burger,3,50,1,0
4969,2024-03-10 16:06:38,Classic Burger,2,45,1,0
4969,2024-03-10 16:06:38,Chicken Burger,3,55,1,0
4970,2024-03-10 16:36:24,Onion Rings,2,22,1,0
4970,2024-03-10 16:36:24,Chicken Nuggets,3,30,1,0
4970,2024-03-10 16:36:24,Chicken Burger,1,55,1,0
4971,2024-03-10 18:59:30,Milkshake,2,28,1,0
4971,2024-03-10 18:59:30,Soft Drink,3,15,1,0
4972,2024-03-10 18:30:20,Milkshake,2,28,1,0
4973,2024-03-10 19:26:39,Cheese Burger,3,50,1,0
4974,2024-03-10 17:22:45,Soft Drink,3,15,1,0
4975,2024-03-10 12:18:17,Fries,2,20,1,0
4975,2024-03-10 12:18:17,Ice Cream,3,18,1,0
4976,2024-03-10 16:47:25,Fries,1,20,1,0
4977,2024-03-10 20:05:34,Ice Cream,3,18,1,0
4977,2024-03-10 20:05:34,Onion Rings,1,22,1,0
4977,2024-03-10 20:05:34,Classic Burger,3,45,1,0
4978,2024-03-10 17:29:06,Double Burger,3,65,1,0
4978,2024-03-10 17:29:06,Classic Burger,1,45,1,0
4978,2024-03-10 17:29:06,Soft Drink,2,15,1,0
4978,2024-03-10 17:29:06,Ice Cream,1,18,1,0
4979,2024-03-10 17:11:28,Milkshake,3,28,1,0
4980,2024-03-10 20:12:54,Double Burger,3,65,1,0
4980,2024-03-10 20:12:54,Fries,1,20,1,0
4980,2024-03-10 20:12:54,Classic Burger,3,45,1,0
4980,2024-03-10 20:12:54,Chicken Nuggets,2,30,1,0
4981,2024-03-10 15:58:00,Milkshake,3,28,1,0
4981,2024-03-10 15:58:00,Onion Rings,1,22,1,0
4981,2024-03-10 15:58:00,Ice Cream,3,18,1,0
4982,2024-03-10 13:02:33,Ice Cream,1,18,1,0
4982,2024-03-10 13:02:33,Cheese Burger,3,50,1,0
4982,2024-03-10 13:02:33,Milkshake,2,28,1,0
4982,2024-03-10 13:02:33,Chicken Burger,3,55,1,0
4983,2024-03-10 17:36:44,Double Burger,1,65,1,0
4984,2024-03-10 16:18:32,Cheese Burger,1,50,1,0
4984,2024-03-10 16:18:32,Onion Rings,2,22,1,0
4984,2024-03-10 16:18:32,Soft Drink,2,15,1,0
4985,2024-03-10 15:05:54,Onion Rings,1,22,1,0
4986,2024-03-10 17:59:38,Cheese Burger,3,50,1,0
4986,2024-03-10 17:59:38,Chicken Burger,3,55,1,0
4986,2024-03-10 17:59:38,Ice Cream,2,18,1,0
4986,2024-03-10 17:59:38,Fries,2,20,1,0
4986,2024-03-10 17:59:38,Chicken Nuggets,1,30,1,0
4987,2024-03-10 19:10:24,Cheese Burger,1,50,1,0
4987,2024-03-10 19:10:24,Ice Cream,3,18,1,0
4988,2024-03-10 17:52:30,Double Burger,3,65,1,0
4988,2024-03-10 17:52:30,Fries,3,20,1,0
4988,2024-03-10 17:52:30,Chicken Nuggets,2,30,1,0
4988,2024-03-10 17:52:30,Chicken Burger,3,55,1,0
4989,2024-03-10 18:20:29,Soft Drink,2,15,1,0
4989,2024-03-10 18:20:29,Onion Rings,3,22,1,0
4989,2024-03-10 18:20:29,Chicken Burger,1,55,1,0
4989,2024-03-10 18:20:29,Cheese Burger,3,50,1,0
4989,2024-03-10 18:20:29,Chicken Nuggets,3,30,1,0
4990,2024-03-10 23:33:01,Double Burger,1,65,1,0
4990,2024-03-10 23:33:01,Fries,3,20,1,0
4990,2024-03-10 23:33:01,Milkshake,1,28,1,0
4991,2024-03-10 16:12:56,Soft Drink,2,15,1,0
4991,2024-03-10 16:12:56,Chicken Nuggets,3,30,1,0
4991,2024-03-10 16:12:56,Double Burger,2,65,1,0
4991,2024-03-10 16:12:56,Ice Cream,1,18,1,0
4992,2024-03-10 18:30:11,Milkshake,3,28,1,0
4992,2024-03-10 18:30:11,Double Burger,2,65,1,0
4993,2024-03-10 16:46:55,Double Burger,3,65,1,0
4993,2024-03-10 16:46:55,Milkshake,2,28,1,0
4994,2024-03-10 15:43:44,Classic Burger,3,45,1,0
4995,2024-03-10 16:59:36,Double Burger,1,65,1,0
4995,2024-03-10 16:59:36,Onion Rings,2,22,1,0
4995,2024-03-10 16:59:36,Milkshake,3,28,1,0
4995,2024-03-10 16:59:36,Soft Drink,3,15,1,0
4996,2024-03-10 16:55:12,Cheese Burger,1,50,1,0
4997,2024-03-10 19:24:13,Fries,1,20,1,0
4997,2024-03-10 19:24:13,Chicken Nuggets,1,30,1,0
4997,2024-03-10 19:24:13,Soft Drink,3,15,1,0
4997,2024-03-10 19:24:13,Ice Cream,2,18,1,0
4997,2024-03-10 19:24:13,Cheese Burger,2,50,1,0
4998,2024-03-10 23:23:28,Onion Rings,3,22,1,0
4998,2024-03-10 23:23:28,Classic Burger,1,45,1,0
4998,2024-03-10 23:23:28,Double Burger,3,65,1,0
4998,2024-03-10 23:23:28,Soft Drink,3,15,1,0
4999,2024-03-10 15:11:18,Onion Rings,1,22,1,0
5000,2024-03-10 16:47:41,Soft Drink,3,15,1,0
5000,2024-03-10 16:47:41,Fries,1,20,1,0
5000,2024-03-10 16:47:41,Chicken Burger,3,55,1,0
5000,2024-03-10 16:47:41,Classic Burger,2,45,1,0
5000,2024-03-10 16:47:41,Onion Rings,3,22,1,0
5001,2024-03-10 17:03:43,Chicken Nuggets,1,30,1,0
5002,2024-03-10 19:35:44,Chicken Nuggets,1,30,1,0
5002,2024-03-10 19:35:44,Double Burger,2,65,1,0
5002,2024-03-10 19:35:44,Onion Rings,2,22,1,0
5002,2024-03-10 19:35:44,Soft Drink,1,15,1,0
5003,2024-03-10 18:56:56,Milkshake,3,28,1,0
5003,2024-03-10 18:56:56,Onion Rings,3,22,1,0
5003,2024-03-10 18:56:56,Soft Drink,3,15,1,0
5003,2024-03-10 18:56:56,Classic Burger,1,45,1,0
5004,2024-03-10 21:35:55,Cheese Burger,2,50,1,0
5004,2024-03-10 21:35:55,Double Burger,3,65,1,0
5005,2024-03-10 10:05:20,Onion Rings,3,22,1,0
5005,2024-03-10 10:05:20,Chicken Nuggets,1,30,1,0
5005,2024-03-10 10:05:20,Cheese Burger,3,50,1,0
5006,2024-03-10 10:26:08,Cheese Burger,3,50,1,0
5006,2024-03-10 10:26:08,Chicken Nuggets,3,30,1,0
5007,2024-03-10 16:27:57,Chicken Burger,3,55,1,0
5007,2024-03-10 16:27:57,Chicken Nuggets,2,30,1,0
5007,2024-03-10 16:27:57,Classic Burger,3,45,1,0
5007,2024-03-10 16:27:57,Onion Rings,3,22,1,0
5008,2024-03-10 21:34:52,Chicken Burger,1,55,1,0
5008,2024-03-10 21:34:52,Onion Rings,1,22,1,0
5008,2024-03-10 21:34:52,Milkshake,1,28,1,0
5008,2024-03-10 21:34:52,Cheese Burger,2,50,1,0
5009,2024-03-10 13:20:33,Fries,3,20,1,0
5009,2024-03-10 13:20:33,Milkshake,3,28,1,0
5010,2024-03-10 10:04:16,Chicken Burger,1,55,1,0
5010,2024-03-10 10:04:16,Fries,1,20,1,0
5010,2024-03-10 10:04:16,Onion Rings,2,22,1,0
5010,2024-03-10 10:04:16,Ice Cream,1,18,1,0
5010,2024-03-10 10:04:16,Soft Drink,2,15,1,0
5011,2024-03-10 19:38:21,Fries,3,20,1,0
5011,2024-03-10 19:38:21,Soft Drink,2,15,1,0
5011,2024-03-10 19:38:21,Ice Cream,1,18,1,0
5011,2024-03-10 19:38:21,Classic Burger,1,45,1,0
5011,2024-03-10 19:38:21,Onion Rings,2,22,1,0
5012,2024-03-11 14:45:40,Classic Burger,1,45,0,1
5012,2024-03-11 14:45:40,Chicken Burger,2,55,0,1
5013,2024-03-11 15:10:35,Classic Burger,2,45,0,1
5013,2024-03-11 15:10:35,Onion Rings,2,22,0,1
5013,2024-03-11 15:10:35,Ice Cream,2,18,0,1
5013,2024-03-11 15:10:35,Chicken Nuggets,1,30,0,1
5014,2024-03-11 15:22:47,Cheese Burger,1,50,0,1
5014,2024-03-11 15:22:47,Fries,1,20,0,1
5014,2024-03-11 15:22:47,Milkshake,1,28,0,1
5014,2024-03-11 15:22:47,Chicken Burger,1,55,0,1
5014,2024-03-11 15:22:47,Double Burger,3,65,0,1
5015,2024-03-11 18:35:56,Chicken Burger,2,55,0,1
5015,2024-03-11 18:35:56,Milkshake,1,28,0,1
5015,2024-03-11 18:35:56,Fries,1,20,0,1
5015,2024-03-11 18:35:56,Double Burger,3,65,0,1
5016,2024-03-11 16:26:39,Ice Cream,3,18,0,1
5017,2024-03-11 19:00:22,Onion Rings,2,22,0,1
5017,2024-03-11 19:00:22,Milkshake,1,28,0,1
5017,2024-03-11 19:00:22,Chicken Nuggets,1,30,0,1
5017,2024-03-11 19:00:22,Classic Burger,3,45,0,1
5017,2024-03-11 19:00:22,Fries,2,20,0,1
5018,2024-03-11 10:13:29,Double Burger,1,65,0,1
5019,2024-03-11 15:13:05,Milkshake,3,28,0,1
5019,2024-03-11 15:13:05,Cheese Burger,3,50,0,1
5020,2024-03-11 14:31:12,Fries,2,20,0,1
5020,2024-03-11 14:31:12,Soft Drink,3,15,0,1
5020,2024-03-11 14:31:12,Ice Cream,3,18,0,1
5020,2024-03-11 14:31:12,Classic Burger,3,45,0,1
5021,2024-03-11 17:10:23,Soft Drink,3,15,0,1
5022,2024-03-11 16:15:26,Milkshake,1,28,0,1
5022,2024-03-11 16:15:26,Fries,3,20,0,1
5022,2024-03-11 16:15:26,Ice Cream,3,18,0,1
5022,2024-03-11 16:15:26,Chicken Nuggets,3,30,0,1
5023,2024-03-11 20:39:15,Classic Burger,3,45,0,1
5023,2024-03-11 20:39:15,Ice Cream,2,18,0,1
5023,2024-03-11 20:39:15,Soft Drink,3,15,0,1
5024,2024-03-11 12:51:43,Fries,1,20,0,1
5025,2024-03-11 18:04:27,Fries,1,20,0,1
5025,2024-03-11 18:04:27,Chicken Nuggets,2,30,0,1
5026,2024-03-11 19:22:34,Chicken Nuggets,2,30,0,1
5026,2024-03-11 19:22:34,Milkshake,2,28,0,1
5026,2024-03-11 19:22:34,Double Burger,2,65,0,1
5026,2024-03-11 19:22:34,Fries,1,20,0,1
5027,2024-03-11 23:05:15,Classic Burger,2,45,0,1
5027,2024-03-11 23:05:15,Chicken Burger,2,55,0,1
5028,2024-03-11 16:31:46,Chicken Burger,1,55,0,1
5028,2024-03-11 16:31:46,Fries,1,20,0,1
5028,2024-03-11 16:31:46,Milkshake,3,28,0,1
5029,2024-03-11 18:30:56,Cheese Burger,2,50,0,1
5029,2024-03-11 18:30:56,Double Burger,3,65,0,1
5030,2024-03-11 12:11:06,Soft Drink,2,15,0,1
5030,2024-03-11 12:11:06,Onion Rings,2,22,0,1
5030,2024-03-11 12:11:06,Classic Burger,3,45,0,1
5031,2024-03-11 10:21:09,Double Burger,3,65,0,1
5031,2024-03-11 10:21:09,Cheese Burger,3,50,0,1
5031,2024-03-11 10:21:09,Chicken Nuggets,2,30,0,1
5032,2024-03-11 20:06:32,Onion Rings,3,22,0,1
5033,2024-03-11 17:33:22,Ice Cream,2,18,0,1
5033,2024-03-11 17:33:22,Double Burger,2,65,0,1
5034,2024-03-11 21:18:10,Ice Cream,1,18,0,1
5034,2024-03-11 21:18:10,Classic Burger,1,45,0,1
5034,2024-03-11 21:18:10,Soft Drink,3,15,0,1
5035,2024-03-11 13:58:24,Chicken Burger,1,55,0,1
5035,2024-03-11 13:58:24,Classic Burger,2,45,0,1
5035,2024-03-11 13:58:24,Onion Rings,2,22,0,1
5036,2024-03-11 19:30:58,Classic Burger,3,45,0,1
5036,2024-03-11 19:30:58,Soft Drink,1,15,0,1
5036,2024-03-11 19:30:58,Onion Rings,1,22,0,1
5036,2024-03-11 19:30:58,Fries,1,20,0,1
5036,2024-03-11 19:30:58,Chicken Burger,2,55,0,1
5037,2024-03-11 23:51:29,Ice Cream,1,18,0,1
5037,2024-03-11 23:51:29,Double Burger,3,65,0,1
5037,2024-03-11 23:51:29,Fries,2,20,0,1
5037,2024-03-11 23:51:29,Chicken Nuggets,2,30,0,1
5038,2024-03-11 19:25:49,Classic Burger,3,45,0,1
5038,2024-03-11 19:25:49,Chicken Burger,2,55,0,1
5038,2024-03-11 19:25:49,Milkshake,3,28,0,1
5039,2024-03-11 18:23:02,Ice Cream,2,18,0,1
5039,2024-03-11 18:23:02,Chicken Nuggets,1,30,0,1
5039,2024-03-11 18:23:02,Chicken Burger,3,55,0,1
5040,2024-03-11 18:42:07,Soft Drink,2,15,0,1
5041,2024-03-11 13:12:21,Onion Rings,2,22,0,1
5041,2024-03-11 13:12:21,Chicken Nuggets,2,30,0,1
5041,2024-03-11 13:12:21,Milkshake,3,28,0,1
5041,2024-03-11 13:12:21,Classic Burger,3,45,0,1
5041,2024-03-11 13:12:21,Fries,3,20,0,1
5042,2024-03-11 22:52:35,Onion Rings,3,22,0,1
5042,2024-03-11 22:52:35,Fries,1,20,0,1
5043,2024-03-11 16:43:37,Ice Cream,2,18,0,1
5043,2024-03-11 16:43:37,Milkshake,2,28,0,1
5043,2024-03-11 16:43:37,Double Burger,3,65,0,1
5044,2024-03-11 19:05:35,Cheese Burger,1,50,0,1
5044,2024-03-11 19:05:35,Chicken Nuggets,3,30,0,1
5044,2024-03-11 19:05:35,Onion Rings,2,22,0,1
5044,2024-03-11 19:05:35,Soft Drink,3,15,0,1
5045,2024-03-11 13:43:20,Milkshake,3,28,0,1
5046,2024-03-11 14:13:27,Double Burger,1,65,0,1
5046,2024-03-11 14:13:27,Soft Drink,3,15,0,1
5046,2024-03-11 14:13:27,Chicken Burger,2,55,0,1
5047,2024-03-11 22:15:23,Onion Rings,1,22,0,1
5047,2024-03-11 22:15:23,Double Burger,2,65,0,1
5047,2024-03-11 22:15:23,Milkshake,1,28,0,1
5047,2024-03-11 22:15:23,Cheese Burger,1,50,0,1
5048,2024-03-11 16:26:36,Ice Cream,2,18,0,1
5048,2024-03-11 16:26:36,Fries,2,20,0,1
5048,2024-03-11 16:26:36,Cheese Burger,3,50,0,1
5049,2024-03-11 22:40:56,Soft Drink,1,15,0,1
5049,2024-03-11 22:40:56,Milkshake,1,28,0,1
5049,2024-03-11 22:40:56,Chicken Nuggets,2,30,0,1
5050,2024-03-11 17:42:19,Milkshake,3,28,0,1
5050,2024-03-11 17:42:19,Fries,3,20,0,1
5051,2024-03-11 12:58:50,Cheese Burger,1,50,0,1
5052,2024-03-11 20:13:58,Ice Cream,2,18,0,1
5052,2024-03-11 20:13:58,Double Burger,3,65,0,1
5052,2024-03-11 20:13:58,Fries,2,20,0,1
5052,2024-03-11 20:13:58,Onion Rings,2,22,0,1
5052,2024-03-11 20:13:58,Cheese Burger,2,50,0,1
5053,2024-03-11 16:12:11,Classic Burger,2,45,0,1
5054,2024-03-11 20:06:26,Soft Drink,3,15,0,1
5054,2024-03-11 20:06:26,Milkshake,1,28,0,1
5054,2024-03-11 20:06:26,Fries,3,20,0,1
5054,2024-03-11 20:06:26,Ice Cream,3,18,0,1
5054,2024-03-11 20:06:26,Chicken Nuggets,1,30,0,1
5055,2024-03-11 18:42:12,Cheese Burger,2,50,0,1
5056,2024-03-11 13:41:58,Onion Rings,3,22,0,1
5056,2024-03-11 13:41:58,Chicken Burger,2,55,0,1
5056,2024-03-11 13:41:58,Ice Cream,3,18,0,1
5056,2024-03-11 13:41:58,Classic Burger,1,45,0,1
5057,2024-03-11 18:35:44,Milkshake,1,28,0,1
5057,2024-03-11 18:35:44,Chicken Nuggets,1,30,0,1
5057,2024-03-11 18:35:44,Fries,2,20,0,1
5057,2024-03-11 18:35:44,Ice Cream,1,18,0,1
5057,2024-03-11 18:35:44,Classic Burger,3,45,0,1
5058,2024-03-11 23:26:27,Milkshake,2,28,0,1
5058,2024-03-11 23:26:27,Chicken Burger,2,55,0,1
5058,2024-03-11 23:26:27,Double Burger,1,65,0,1
5058,2024-03-11 23:26:27,Soft Drink,1,15,0,1
5058,2024-03-11 23:26:27,Chicken Nuggets,3,30,0,1
5059,2024-03-11 19:27:49,Double Burger,1,65,0,1
5060,2024-03-11 17:43:06,Fries,1,20,0,1
5061,2024-03-11 21:04:06,Milkshake,1,28,0,1
5061,2024-03-11 21:04:06,Double Burger,2,65,0,1
5062,2024-03-11 18:04:22,Ice Cream,3,18,0,1
5062,2024-03-11 18:04:22,Fries,3,20,0,1
5062,2024-03-11 18:04:22,Soft Drink,1,15,0,1
5063,2024-03-11 18:53:37,Onion Rings,3,22,0,1
5064,2024-03-11 14:52:10,Soft Drink,2,15,0,1
5065,2024-03-11 18:57:56,Cheese Burger,1,50,0,1
5065,2024-03-11 18:57:56,Onion Rings,3,22,0,1
5065,2024-03-11 18:57:56,Fries,1,20,0,1
5066,2024-03-11 21:38:50,Chicken Nuggets,2,30,0,1
5066,2024-03-11 21:38:50,Ice Cream,1,18,0,1
5066,2024-03-11 21:38:50,Milkshake,3,28,0,1
5066,2024-03-11 21:38:50,Onion Rings,3,22,0,1
5067,2024-03-11 15:04:32,Milkshake,2,28,0,1
5067,2024-03-11 15:04:32,Soft Drink,1,15,0,1
5067,2024-03-11 15:04:32,Double Burger,3,65,0,1
5067,2024-03-11 15:04:32,Chicken Nuggets,1,30,0,1
5067,2024-03-11 15:04:32,Classic Burger,1,45,0,1
5068,2024-03-11 22:46:13,Soft Drink,3,15,0,1
5068,2024-03-11 22:46:13,Cheese Burger,1,50,0,1
5069,2024-03-11 17:27:42,Onion Rings,2,22,0,1
5069,2024-03-11 17:27:42,Chicken Burger,3,55,0,1
5070,2024-03-11 15:29:11,Chicken Burger,3,55,0,1
5070,2024-03-11 15:29:11,Milkshake,1,28,0,1
5070,2024-03-11 15:29:11,Double Burger,3,65,0,1
5071,2024-03-11 20:35:34,Chicken Nuggets,1,30,0,1
5071,2024-03-11 20:35:34,Chicken Burger,3,55,0,1
5072,2024-03-11 17:44:20,Onion Rings,2,22,0,1
5072,2024-03-11 17:44:20,Classic Burger,3,45,0,1
5072,2024-03-11 17:44:20,Chicken Nuggets,3,30,0,1
5072,2024-03-11 17:44:20,Cheese Burger,2,50,0,1
5072,2024-03-11 17:44:20,Soft Drink,2,15,0,1
5073,2024-03-12 17:54:54,Classic Burger,2,45,0,1
5073,2024-03-12 17:54:54,Milkshake,3,28,0,1
5073,2024-03-12 17:54:54,Double Burger,2,65,0,1
5074,2024-03-12 17:17:54,Chicken Burger,2,55,0,1
5074,2024-03-12 17:17:54,Soft Drink,3,15,0,1
5075,2024-03-12 19:04:39,Cheese Burger,1,50,0,1
5075,2024-03-12 19:04:39,Double Burger,2,65,0,1
5075,2024-03-12 19:04:39,Milkshake,2,28,0,1
5075,2024-03-12 19:04:39,Soft Drink,2,15,0,1
5076,2024-03-12 18:30:20,Classic Burger,1,45,0,1
5076,2024-03-12 18:30:20,Milkshake,3,28,0,1
5076,2024-03-12 18:30:20,Fries,1,20,0,1
5076,2024-03-12 18:30:20,Chicken Nuggets,3,30,0,1
5077,2024-03-12 12:00:28,Milkshake,2,28,0,1
5077,2024-03-12 12:00:28,Double Burger,1,65,0,1
5077,2024-03-12 12:00:28,Ice Cream,3,18,0,1
5077,2024-03-12 12:00:28,Onion Rings,2,22,0,1
5077,2024-03-12 12:00:28,Soft Drink,3,15,0,1
5078,2024-03-12 14:36:10,Milkshake,3,28,0,1
5078,2024-03-12 14:36:10,Classic Burger,2,45,0,1
5079,2024-03-12 20:25:10,Chicken Nuggets,2,30,0,1
5079,2024-03-12 20:25:10,Milkshake,1,28,0,1
5080,2024-03-12 17:27:56,Classic Burger,1,45,0,1
5080,2024-03-12 17:27:56,Onion Rings,3,22,0,1
5081,2024-03-12 16:22:33,Chicken Burger,3,55,0,1
5081,2024-03-12 16:22:33,Onion Rings,3,22,0,1
5081,2024-03-12 16:22:33,Milkshake,3,28,0,1
5082,2024-03-12 13:40:06,Cheese Burger,1,50,0,1
5082,2024-03-12 13:40:06,Double Burger,3,65,0,1
5082,2024-03-12 13:40:06,Chicken Burger,2,55,0,1
5082,2024-03-12 13:40:06,Chicken Nuggets,3,30,0,1
5083,2024-03-12 14:14:04,Double Burger,1,65,0,1
5083,2024-03-12 14:14:04,Classic Burger,1,45,0,1
5083,2024-03-12 14:14:04,Fries,3,20,0,1
5083,2024-03-12 14:14:04,Ice Cream,3,18,0,1
5084,2024-03-12 11:29:18,Onion Rings,3,22,0,1
5084,2024-03-12 11:29:18,Chicken Burger,1,55,0,1
5084,2024-03-12 11:29:18,Milkshake,3,28,0,1
5084,2024-03-12 11:29:18,Fries,3,20,0,1
5085,2024-03-12 17:22:36,Soft Drink,3,15,0,1
5085,2024-03-12 17:22:36,Cheese Burger,2,50,0,1
5085,2024-03-12 17:22:36,Double Burger,3,65,0,1
5085,2024-03-12 17:22:36,Classic Burger,1,45,0,1
5086,2024-03-12 16:36:12,Chicken Burger,2,55,0,1
5086,2024-03-12 16:36:12,Cheese Burger,1,50,0,1
5086,2024-03-12 16:36:12,Onion Rings,2,22,0,1
5086,2024-03-12 16:36:12,Soft Drink,3,15,0,1
5087,2024-03-12 15:53:36,Cheese Burger,1,50,0,1
5087,2024-03-12 15:53:36,Chicken Burger,1,55,0,1
5087,2024-03-12 15:53:36,Fries,3,20,0,1
5087,2024-03-12 15:53:36,Soft Drink,3,15,0,1
5087,2024-03-12 15:53:36,Double Burger,1,65,0,1
5088,2024-03-12 17:37:33,Fries,1,20,0,1
5088,2024-03-12 17:37:33,Classic Burger,3,45,0,1
5088,2024-03-12 17:37:33,Ice Cream,2,18,0,1
5089,2024-03-12 19:02:47,Chicken Nuggets,2,30,0,1
5090,2024-03-12 23:25:04,Milkshake,3,28,0,1
5090,2024-03-12 23:25:04,Onion Rings,1,22,0,1
5090,2024-03-12 23:25:04,Soft Drink,2,15,0,1
5090,2024-03-12 23:25:04,Cheese Burger,2,50,0,1
5091,2024-03-12 13:00:34,Ice Cream,3,18,0,1
5091,2024-03-12 13:00:34,Cheese Burger,1,50,0,1
5091,2024-03-12 13:00:34,Onion Rings,1,22,0,1
5092,2024-03-12 21:36:39,Milkshake,2,28,0,1
5093,2024-03-12 20:43:01,Soft Drink,1,15,0,1
5093,2024-03-12 20:43:01,Double Burger,2,65,0,1
5094,2024-03-12 15:57:36,Soft Drink,1,15,0,1
5094,2024-03-12 15:57:36,Classic Burger,3,45,0,1
5094,2024-03-12 15:57:36,Chicken Burger,1,55,0,1
5094,2024-03-12 15:57:36,Chicken Nuggets,3,30,0,1
5095,2024-03-12 18:57:47,Soft Drink,2,15,0,1
5095,2024-03-12 18:57:47,Double Burger,2,65,0,1
5095,2024-03-12 18:57:47,Fries,1,20,0,1
5095,2024-03-12 18:57:47,Classic Burger,2,45,0,1
5096,2024-03-12 16:50:06,Chicken Nuggets,1,30,0,1
5096,2024-03-12 16:50:06,Milkshake,3,28,0,1
5096,2024-03-12 16:50:06,Cheese Burger,2,50,0,1
5096,2024-03-12 16:50:06,Double Burger,2,65,0,1
5097,2024-03-12 18:30:48,Milkshake,2,28,0,1
5097,2024-03-12 18:30:48,Double Burger,1,65,0,1
5097,2024-03-12 18:30:48,Classic Burger,2,45,0,1
5097,2024-03-12 18:30:48,Chicken Burger,2,55,0,1
5098,2024-03-12 22:04:28,Chicken Nuggets,3,30,0,1
5098,2024-03-12 22:04:28,Soft Drink,2,15,0,1
5098,2024-03-12 22:04:28,Double Burger,3,65,0,1
5098,2024-03-12 22:04:28,Cheese Burger,3,50,0,1
5099,2024-03-12 19:48:27,Fries,3,20,0,1
5099,2024-03-12 19:48:27,Classic Burger,3,45,0,1
5099,2024-03-12 19:48:27,Milkshake,2,28,0,1
5100,2024-03-12 19:23:04,Onion Rings,2,22,0,1
5100,2024-03-12 19:23:04,Classic Burger,1,45,0,1
5100,2024-03-12 19:23:04,Ice Cream,2,18,0,1
5101,2024-03-12 16:28:41,Onion Rings,3,22,0,1
5102,2024-03-12 13:08:28,Double Burger,3,65,0,1
5103,2024-03-12 17:51:37,Chicken Nuggets,2,30,0,1
5103,2024-03-12 17:51:37,Classic Burger,3,45,0,1
5104,2024-03-12 21:14:42,Onion Rings,3,22,0,1
5104,2024-03-12 21:14:42,Fries,3,20,0,1
5104,2024-03-12 21:14:42,Milkshake,2,28,0,1
5104,2024-03-12 21:14:42,Classic Burger,1,45,0,1
5104,2024-03-12 21:14:42,Soft Drink,3,15,0,1
5105,2024-03-12 13:56:06,Classic Burger,3,45,0,1
5106,2024-03-12 14:58:19,Onion Rings,3,22,0,1
5106,2024-03-12 14:58:19,Chicken Burger,1,55,0,1
5107,2024-03-12 18:58:53,Milkshake,3,28,0,1
5108,2024-03-12 15:10:57,Cheese Burger,1,50,0,1
5109,2024-03-12 15:53:11,Classic Burger,2,45,0,1
5109,2024-03-12 15:53:11,Ice Cream,1,18,0,1
5109,2024-03-12 15:53:11,Chicken Burger,2,55,0,1
5109,2024-03-12 15:53:11,Fries,2,20,0,1
5110,2024-03-12 16:40:46,Chicken Burger,2,55,0,1
5110,2024-03-12 16:40:46,Onion Rings,1,22,0,1
5111,2024-03-12 13:03:08,Ice Cream,1,18,0,1
5111,2024-03-12 13:03:08,Chicken Nuggets,3,30,0,1
5111,2024-03-12 13:03:08,Double Burger,2,65,0,1
5111,2024-03-12 13:03:08,Cheese Burger,3,50,0,1
5112,2024-03-12 15:02:45,Soft Drink,3,15,0,1
5112,2024-03-12 15:02:45,Chicken Burger,3,55,0,1
5112,2024-03-12 15:02:45,Double Burger,3,65,0,1
5113,2024-03-12 20:05:11,Cheese Burger,1,50,0,1
5113,2024-03-12 20:05:11,Milkshake,2,28,0,1
5113,2024-03-12 20:05:11,Chicken Nuggets,1,30,0,1
5113,2024-03-12 20:05:11,Soft Drink,1,15,0,1
5114,2024-03-12 14:33:57,Chicken Nuggets,1,30,0,1
5114,2024-03-12 14:33:57,Onion Rings,3,22,0,1
5114,2024-03-12 14:33:57,Chicken Burger,2,55,0,1
5114,2024-03-12 14:33:57,Ice Cream,2,18,0,1
5115,2024-03-12 13:46:45,Classic Burger,3,45,0,1
5116,2024-03-12 16:44:36,Soft Drink,3,15,0,1
5116,2024-03-12 16:44:36,Chicken Burger,1,55,0,1
5117,2024-03-12 20:57:32,Milkshake,3,28,0,1
5118,2024-03-12 17:07:48,Ice Cream,3,18,0,1
5118,2024-03-12 17:07:48,Soft Drink,3,15,0,1
5119,2024-03-12 16:18:49,Double Burger,1,65,0,1
5119,2024-03-12 16:18:49,Fries,3,20,0,1
5119,2024-03-12 16:18:49,Milkshake,3,28,0,1
5120,2024-03-12 18:46:51,Fries,3,20,0,1
5120,2024-03-12 18:46:51,Chicken Nuggets,1,30,0,1
5121,2024-03-12 12:14:28,Fries,3,20,0,1
5122,2024-03-12 19:48:14,Chicken Burger,2,55,0,1
5122,2024-03-12 19:48:14,Onion Rings,1,22,0,1
5122,2024-03-12 19:48:14,Chicken Nuggets,1,30,0,1
5122,2024-03-12 19:48:14,Cheese Burger,2,50,0,1
5123,2024-03-12 19:11:30,Chicken Burger,3,55,0,1
5123,2024-03-12 19:11:30,Milkshake,1,28,0,1
5123,2024-03-12 19:11:30,Classic Burger,3,45,0,1
5123,2024-03-12 19:11:30,Cheese Burger,3,50,0,1
5123,2024-03-12 19:11:30,Fries,1,20,0,1
5124,2024-03-12 16:07:01,Chicken Nuggets,3,30,0,1
5124,2024-03-12 16:07:01,Soft Drink,2,15,0,1
5124,2024-03-12 16:07:01,Chicken Burger,2,55,0,1
5124,2024-03-12 16:07:01,Classic Burger,1,45,0,1
5124,2024-03-12 16:07:01,Double Burger,3,65,0,1
5125,2024-03-12 21:33:08,Fries,1,20,0,1
5126,2024-03-12 14:55:31,Double Burger,3,65,0,1
5126,2024-03-12 14:55:31,Classic Burger,1,45,0,1
5126,2024-03-12 14:55:31,Chicken Nuggets,1,30,0,1
5126,2024-03-12 14:55:31,Fries,1,20,0,1
5127,2024-03-12 21:36:24,Milkshake,2,28,0,1
5127,2024-03-12 21:36:24,Ice Cream,2,18,0,1
5127,2024-03-12 21:36:24,Chicken Burger,3,55,0,1
5127,2024-03-12 21:36:24,Double Burger,3,65,0,1
5127,2024-03-12 21:36:24,Onion Rings,3,22,0,1
5128,2024-03-12 18:02:35,Ice Cream,3,18,0,1
5128,2024-03-12 18:02:35,Milkshake,2,28,0,1
5128,2024-03-12 18:02:35,Fries,1,20,0,1
5129,2024-03-12 16:35:51,Soft Drink,3,15,0,1
5129,2024-03-12 16:35:51,Ice Cream,1,18,0,1
5129,2024-03-12 16:35:51,Chicken Burger,2,55,0,1
5129,2024-03-12 16:35:51,Fries,2,20,0,1
5129,2024-03-12 16:35:51,Classic Burger,3,45,0,1
5130,2024-03-12 17:13:34,Cheese Burger,3,50,0,1
5131,2024-03-12 17:32:40,Soft Drink,2,15,0,1
5131,2024-03-12 17:32:40,Onion Rings,2,22,0,1
5131,2024-03-12 17:32:40,Milkshake,3,28,0,1
5131,2024-03-12 17:32:40,Chicken Nuggets,3,30,0,1
5131,2024-03-12 17:32:40,Chicken Burger,3,55,0,1
5132,2024-03-12 21:38:57,Classic Burger,3,45,0,1
5132,2024-03-12 21:38:57,Double Burger,2,65,0,1
5132,2024-03-12 21:38:57,Onion Rings,1,22,0,1
5132,2024-03-12 21:38:57,Soft Drink,3,15,0,1
5133,2024-03-12 14:55:41,Onion Rings,1,22,0,1
5133,2024-03-12 14:55:41,Double Burger,2,65,0,1
5133,2024-03-12 14:55:41,Fries,2,20,0,1
5133,2024-03-12 14:55:41,Chicken Burger,2,55,0,1
5134,2024-03-12 15:45:20,Soft Drink,2,15,0,1
5134,2024-03-12 15:45:20,Milkshake,3,28,0,1
5134,2024-03-12 15:45:20,Double Burger,3,65,0,1
5134,2024-03-12 15:45:20,Chicken Burger,1,55,0,1
5134,2024-03-12 15:45:20,Ice Cream,1,18,0,1
5135,2024-03-12 21:31:33,Cheese Burger,3,50,0,1
5135,2024-03-12 21:31:33,Soft Drink,3,15,0,1
5136,2024-03-12 16:20:15,Classic Burger,3,45,0,1
5137,2024-03-12 20:40:54,Onion Rings,1,22,0,1
5137,2024-03-12 20:40:54,Soft Drink,2,15,0,1
5137,2024-03-12 20:40:54,Ice Cream,2,18,0,1
5138,2024-03-13 14:17:34,Onion Rings,3,22,1,0
5138,2024-03-13 14:17:34,Fries,1,20,1,0
5138,2024-03-13 14:17:34,Ice Cream,2,18,1,0
5138,2024-03-13 14:17:34,Chicken Burger,2,55,1,0
5139,2024-03-13 20:53:02,Double Burger,2,65,1,0
5139,2024-03-13 20:53:02,Onion Rings,2,22,1,0
5139,2024-03-13 20:53:02,Classic Burger,2,45,1,0
5140,2024-03-13 18:37:53,Ice Cream,3,18,1,0
5141,2024-03-13 19:27:51,Classic Burger,2,45,1,0
5141,2024-03-13 19:27:51,Chicken Nuggets,2,30,1,0
5142,2024-03-13 16:57:58,Milkshake,1,28,1,0
5142,2024-03-13 16:57:58,Double Burger,1,65,1,0
5143,2024-03-13 13:37:46,Classic Burger,3,45,1,0
5143,2024-03-13 13:37:46,Milkshake,2,28,1,0
5144,2024-03-13 19:08:29,Ice Cream,3,18,1,0
5144,2024-03-13 19:08:29,Fries,1,20,1,0
5144,2024-03-13 19:08:29,Chicken Burger,2,55,1,0
5144,2024-03-13 19:08:29,Milkshake,2,28,1,0
5144,2024-03-13 19:08:29,Onion Rings,2,22,1,0
5145,2024-03-13 11:41:28,Classic Burger,3,45,1,0
5145,2024-03-13 11:41:28,Fries,1,20,1,0
5145,2024-03-13 11:41:28,Onion Rings,3,22,1,0
5145,2024-03-13 11:41:28,Milkshake,1,28,1,0
5145,2024-03-13 11:41:28,Chicken Burger,2,55,1,0
5146,2024-03-13 17:05:28,Cheese Burger,1,50,1,0
5146,2024-03-13 17:05:28,Onion Rings,1,22,1,0
5146,2024-03-13 17:05:28,Milkshake,2,28,1,0
5147,2024-03-13 20:43:49,Classic Burger,2,45,1,0
5147,2024-03-13 20:43:49,Double Burger,3,65,1,0
5147,2024-03-13 20:43:49,Soft Drink,2,15,1,0
5147,2024-03-13 20:43:49,Onion Rings,1,22,1,0
5147,2024-03-13 20:43:49,Chicken Nuggets,1,30,1,0
5148,2024-03-13 18:52:05,Chicken Burger,3,55,1,0
5149,2024-03-13 23:36:37,Classic Burger,1,45,1,0
5149,2024-03-13 23:36:37,Soft Drink,3,15,1,0
5150,2024-03-13 21:05:35,Chicken Burger,1,55,1,0
5150,2024-03-13 21:05:35,Double Burger,1,65,1,0
5150,2024-03-13 21:05:35,Onion Rings,3,22,1,0
5151,2024-03-13 16:07:47,Classic Burger,3,45,1,0
5151,2024-03-13 16:07:47,Onion Rings,1,22,1,0
5151,2024-03-13 16:07:47,Fries,1,20,1,0
5151,2024-03-13 16:07:47,Ice Cream,1,18,1,0
5151,2024-03-13 16:07:47,Milkshake,3,28,1,0
5152,2024-03-13 18:42:58,Chicken Nuggets,1,30,1,0
5152,2024-03-13 18:42:58,Cheese Burger,3,50,1,0
5152,2024-03-13 18:42:58,Ice Cream,3,18,1,0
5153,2024-03-13 17:21:35,Soft Drink,3,15,1,0
5153,2024-03-13 17:21:35,Chicken Nuggets,2,30,1,0
5153,2024-03-13 17:21:35,Chicken Burger,3,55,1,0
5153,2024-03-13 17:21:35,Onion Rings,1,22,1,0
5153,2024-03-13 17:21:35,Milkshake,1,28,1,0
5154,2024-03-13 13:22:14,Chicken Nuggets,3,30,1,0
5154,2024-03-13 13:22:14,Soft Drink,3,15,1,0
5154,2024-03-13 13:22:14,Ice Cream,3,18,1,0
5155,2024-03-13 15:25:53,Classic Burger,1,45,1,0
5156,2024-03-13 16:09:43,Chicken Nuggets,2,30,1,0
5156,2024-03-13 16:09:43,Soft Drink,3,15,1,0
5157,2024-03-13 11:51:26,Onion Rings,3,22,1,0
5157,2024-03-13 11:51:26,Double Burger,3,65,1,0
5157,2024-03-13 11:51:26,Cheese Burger,3,50,1,0
5157,2024-03-13 11:51:26,Chicken Burger,2,55,1,0
5157,2024-03-13 11:51:26,Soft Drink,2,15,1,0
5158,2024-03-13 18:52:18,Double Burger,3,65,1,0
5158,2024-03-13 18:52:18,Soft Drink,2,15,1,0
5158,2024-03-13 18:52:18,Cheese Burger,1,50,1,0
5159,2024-03-13 17:12:56,Ice Cream,1,18,1,0
5159,2024-03-13 17:12:56,Chicken Nuggets,3,30,1,0
5160,2024-03-13 12:06:35,Milkshake,2,28,1,0
5160,2024-03-13 12:06:35,Double Burger,1,65,1,0
5160,2024-03-13 12:06:35,Cheese Burger,1,50,1,0
5160,2024-03-13 12:06:35,Classic Burger,2,45,1,0
5160,2024-03-13 12:06:35,Ice Cream,1,18,1,0
5161,2024-03-13 19:43:14,Ice Cream,2,18,1,0
5161,2024-03-13 19:43:14,Onion Rings,1,22,1,0
5161,2024-03-13 19:43:14,Fries,2,20,1,0
5162,2024-03-13 20:31:06,Ice Cream,2,18,1,0
5162,2024-03-13 20:31:06,Double Burger,2,65,1,0
5163,2024-03-13 18:11:59,Ice Cream,1,18,1,0
5163,2024-03-13 18:11:59,Chicken Nuggets,3,30,1,0
5163,2024-03-13 18:11:59,Double Burger,1,65,1,0
5164,2024-03-13 17:30:03,Milkshake,3,28,1,0
5164,2024-03-13 17:30:03,Classic Burger,1,45,1,0
5164,2024-03-13 17:30:03,Chicken Burger,2,55,1,0
5164,2024-03-13 17:30:03,Fries,2,20,1,0
5165,2024-03-13 19:13:07,Chicken Burger,1,55,1,0
5165,2024-03-13 19:13:07,Ice Cream,2,18,1,0
5165,2024-03-13 19:13:07,Soft Drink,2,15,1,0
5165,2024-03-13 19:13:07,Onion Rings,3,22,1,0
5166,2024-03-13 20:59:11,Onion Rings,2,22,1,0
5166,2024-03-13 20:59:11,Soft Drink,1,15,1,0
5166,2024-03-13 20:59:11,Fries,3,20,1,0
5166,2024-03-13 20:59:11,Double Burger,1,65,1,0
5167,2024-03-13 18:32:19,Classic Burger,2,45,1,0
5167,2024-03-13 18:32:19,Ice Cream,1,18,1,0
5167,2024-03-13 18:32:19,Cheese Burger,2,50,1,0
5168,2024-03-13 15:25:53,Onion Rings,1,22,1,0
5168,2024-03-13 15:25:53,Cheese Burger,3,50,1,0
5168,2024-03-13 15:25:53,Fries,1,20,1,0
5168,2024-03-13 15:25:53,Classic Burger,1,45,1,0
5168,2024-03-13 15:25:53,Chicken Burger,2,55,1,0
5169,2024-03-13 18:19:02,Double Burger,3,65,1,0
5169,2024-03-13 18:19:02,Milkshake,1,28,1,0
5170,2024-03-13 21:56:39,Chicken Nuggets,2,30,1,0
5170,2024-03-13 21:56:39,Double Burger,2,65,1,0
5170,2024-03-13 21:56:39,Ice Cream,1,18,1,0
5170,2024-03-13 21:56:39,Onion Rings,1,22,1,0
5170,2024-03-13 21:56:39,Classic Burger,3,45,1,0
5171,2024-03-13 16:08:25,Cheese Burger,3,50,1,0
5171,2024-03-13 16:08:25,Fries,2,20,1,0
5171,2024-03-13 16:08:25,Onion Rings,3,22,1,0
5172,2024-03-13 23:51:48,Double Burger,3,65,1,0
5172,2024-03-13 23:51:48,Milkshake,3,28,1,0
5173,2024-03-13 16:05:08,Milkshake,3,28,1,0
5173,2024-03-13 16:05:08,Soft Drink,2,15,1,0
5173,2024-03-13 16:05:08,Ice Cream,2,18,1,0
5173,2024-03-13 16:05:08,Fries,3,20,1,0
5173,2024-03-13 16:05:08,Onion Rings,2,22,1,0
5174,2024-03-13 18:08:31,Chicken Burger,1,55,1,0
5174,2024-03-13 18:08:31,Classic Burger,1,45,1,0
5175,2024-03-13 15:59:52,Soft Drink,1,15,1,0
5175,2024-03-13 15:59:52,Milkshake,3,28,1,0
5175,2024-03-13 15:59:52,Classic Burger,2,45,1,0
5176,2024-03-13 18:45:00,Fries,3,20,1,0
5176,2024-03-13 18:45:00,Milkshake,1,28,1,0
5176,2024-03-13 18:45:00,Soft Drink,3,15,1,0
5176,2024-03-13 18:45:00,Chicken Burger,3,55,1,0
5177,2024-03-13 12:33:59,Chicken Nuggets,2,30,1,0
5177,2024-03-13 12:33:59,Chicken Burger,2,55,1,0
5177,2024-03-13 12:33:59,Onion Rings,3,22,1,0
5178,2024-03-13 16:32:32,Soft Drink,2,15,1,0
5178,2024-03-13 16:32:32,Chicken Nuggets,3,30,1,0
5178,2024-03-13 16:32:32,Double Burger,1,65,1,0
5178,2024-03-13 16:32:32,Onion Rings,1,22,1,0
5179,2024-03-13 14:55:30,Soft Drink,2,15,1,0
5179,2024-03-13 14:55:30,Chicken Nuggets,2,30,1,0
5180,2024-03-13 18:21:01,Double Burger,2,65,1,0
5180,2024-03-13 18:21:01,Fries,3,20,1,0
5180,2024-03-13 18:21:01,Milkshake,1,28,1,0
5181,2024-03-13 20:43:20,Milkshake,2,28,1,0
5181,2024-03-13 20:43:20,Onion Rings,1,22,1,0
5182,2024-03-13 19:00:23,Double Burger,3,65,1,0
5182,2024-03-13 19:00:23,Onion Rings,3,22,1,0
5182,2024-03-13 19:00:23,Chicken Burger,1,55,1,0
5182,2024-03-13 19:00:23,Cheese Burger,3,50,1,0
5182,2024-03-13 19:00:23,Soft Drink,1,15,1,0
5183,2024-03-13 10:10:51,Ice Cream,3,18,1,0
5183,2024-03-13 10:10:51,Milkshake,1,28,1,0
5183,2024-03-13 10:10:51,Chicken Burger,2,55,1,0
5184,2024-03-13 23:42:49,Cheese Burger,2,50,1,0
5184,2024-03-13 23:42:49,Fries,1,20,1,0
5184,2024-03-13 23:42:49,Soft Drink,3,15,1,0
5185,2024-03-13 18:44:15,Ice Cream,1,18,1,0
5185,2024-03-13 18:44:15,Classic Burger,3,45,1,0
5185,2024-03-13 18:44:15,Chicken Burger,2,55,1,0
5186,2024-03-13 15:50:22,Soft Drink,1,15,1,0
5186,2024-03-13 15:50:22,Fries,3,20,1,0
5186,2024-03-13 15:50:22,Double Burger,3,65,1,0
5187,2024-03-13 18:59:09,Chicken Burger,3,55,1,0
5187,2024-03-13 18:59:09,Ice Cream,2,18,1,0
5187,2024-03-13 18:59:09,Milkshake,3,28,1,0
5188,2024-03-13 18:48:35,Ice Cream,2,18,1,0
5188,2024-03-13 18:48:35,Double Burger,3,65,1,0
5189,2024-03-13 15:17:13,Chicken Burger,2,55,1,0
5189,2024-03-13 15:17:13,Milkshake,2,28,1,0
5190,2024-03-13 18:30:38,Chicken Burger,2,55,1,0
5190,2024-03-13 18:30:38,Cheese Burger,3,50,1,0
5190,2024-03-13 18:30:38,Ice Cream,2,18,1,0
5191,2024-03-13 16:14:13,Classic Burger,1,45,1,0
5192,2024-03-14 18:48:28,Onion Rings,3,22,0,0
5192,2024-03-14 18:48:28,Soft Drink,3,15,0,0
5193,2024-03-14 19:41:07,Cheese Burger,2,50,0,0
5193,2024-03-14 19:41:07,Chicken Nuggets,3,30,0,0
5193,2024-03-14 19:41:07,Onion Rings,2,22,0,0
5194,2024-03-14 19:50:58,Ice Cream,1,18,0,0
5194,2024-03-14 19:50:58,Fries,2,20,0,0
5195,2024-03-14 20:32:33,Onion Rings,2,22,0,0
5195,2024-03-14 20:32:33,Soft Drink,2,15,0,0
5196,2024-03-14 18:58:30,Milkshake,3,28,0,0
5196,2024-03-14 18:58:30,Double Burger,1,65,0,0
5196,2024-03-14 18:58:30,Cheese Burger,2,50,0,0
5196,2024-03-14 18:58:30,Classic Burger,2,45,0,0
5196,2024-03-14 18:58:30,Chicken Burger,2,55,0,0
5197,2024-03-14 16:23:55,Classic Burger,1,45,0,0
5197,2024-03-14 16:23:55,Double Burger,1,65,0,0
5197,2024-03-14 16:23:55,Chicken Nuggets,1,30,0,0
5197,2024-03-14 16:23:55,Milkshake,3,28,0,0
5198,2024-03-14 20:00:58,Double Burger,2,65,0,0
5198,2024-03-14 20:00:58,Milkshake,2,28,0,0
5198,2024-03-14 20:00:58,Chicken Burger,2,55,0,0
5198,2024-03-14 20:00:58,Fries,1,20,0,0
5198,2024-03-14 20:00:58,Chicken Nuggets,2,30,0,0
5199,2024-03-14 13:13:58,Chicken Nuggets,2,30,0,0
5199,2024-03-14 13:13:58,Chicken Burger,3,55,0,0
5199,2024-03-14 13:13:58,Soft Drink,3,15,0,0
5199,2024-03-14 13:13:58,Double Burger,1,65,0,0
5200,2024-03-14 15:29:17,Milkshake,3,28,0,0
5200,2024-03-14 15:29:17,Onion Rings,1,22,0,0
5201,2024-03-14 15:18:03,Classic Burger,1,45,0,0
5201,2024-03-14 15:18:03,Chicken Nuggets,3,30,0,0
5201,2024-03-14 15:18:03,Onion Rings,2,22,0,0
5201,2024-03-14 15:18:03,Fries,2,20,0,0
5202,2024-03-14 21:18:04,Cheese Burger,1,50,0,0
5202,2024-03-14 21:18:04,Milkshake,1,28,0,0
5202,2024-03-14 21:18:04,Onion Rings,3,22,0,0
5202,2024-03-14 21:18:04,Chicken Burger,1,55,0,0
5202,2024-03-14 21:18:04,Chicken Nuggets,2,30,0,0
5203,2024-03-14 20:53:32,Classic Burger,1,45,0,0
5203,2024-03-14 20:53:32,Chicken Burger,3,55,0,0
5203,2024-03-14 20:53:32,Soft Drink,3,15,0,0
5204,2024-03-14 19:55:59,Fries,2,20,0,0
5204,2024-03-14 19:55:59,Chicken Burger,2,55,0,0
5204,2024-03-14 19:55:59,Ice Cream,1,18,0,0
5204,2024-03-14 19:55:59,Cheese Burger,1,50,0,0
5205,2024-03-14 21:28:44,Fries,2,20,0,0
5206,2024-03-14 15:01:02,Classic Burger,1,45,0,0
5206,2024-03-14 15:01:02,Chicken Nuggets,1,30,0,0
5206,2024-03-14 15:01:02,Fries,1,20,0,0
5206,2024-03-14 15:01:02,Chicken Burger,1,55,0,0
5206,2024-03-14 15:01:02,Onion Rings,2,22,0,0
5207,2024-03-14 19:35:33,Fries,1,20,0,0
5207,2024-03-14 19:35:33,Ice Cream,2,18,0,0
5208,2024-03-14 17:14:09,Soft Drink,3,15,0,0
5209,2024-03-14 20:11:53,Classic Burger,1,45,0,0
5210,2024-03-14 17:48:03,Chicken Nuggets,2,30,0,0
5210,2024-03-14 17:48:03,Cheese Burger,3,50,0,0
5210,2024-03-14 17:48:03,Soft Drink,3,15,0,0
5211,2024-03-14 16:47:32,Onion Rings,2,22,0,0
5211,2024-03-14 16:47:32,Milkshake,2,28,0,0
5212,2024-03-14 19:22:19,Soft Drink,1,15,0,0
5212,2024-03-14 19:22:19,Ice Cream,1,18,0,0
5212,2024-03-14 19:22:19,Onion Rings,1,22,0,0
5212,2024-03-14 19:22:19,Cheese Burger,1,50,0,0
5212,2024-03-14 19:22:19,Chicken Burger,3,55,0,0
5213,2024-03-14 20:15:35,Double Burger,2,65,0,0
5213,2024-03-14 20:15:35,Ice Cream,2,18,0,0
5213,2024-03-14 20:15:35,Soft Drink,3,15,0,0
5213,2024-03-14 20:15:35,Classic Burger,3,45,0,0
5214,2024-03-14 15:19:37,Chicken Burger,3,55,0,0
5214,2024-03-14 15:19:37,Ice Cream,1,18,0,0
5214,2024-03-14 15:19:37,Classic Burger,2,45,0,0
5214,2024-03-14 15:19:37,Fries,2,20,0,0
5214,2024-03-14 15:19:37,Onion Rings,3,22,0,0
5215,2024-03-14 17:33:25,Double Burger,1,65,0,0
5215,2024-03-14 17:33:25,Chicken Nuggets,2,30,0,0
5215,2024-03-14 17:33:25,Soft Drink,1,15,0,0
5215,2024-03-14 17:33:25,Chicken Burger,3,55,0,0
5215,2024-03-14 17:33:25,Ice Cream,1,18,0,0
5216,2024-03-14 14:47:00,Cheese Burger,3,50,0,0
5216,2024-03-14 14:47:00,Onion Rings,2,22,0,0
5217,2024-03-14 10:04:19,Fries,1,20,0,0
5218,2024-03-14 18:09:08,Soft Drink,3,15,0,0
5218,2024-03-14 18:09:08,Chicken Burger,2,55,0,0
5218,2024-03-14 18:09:08,Ice Cream,3,18,0,0
5218,2024-03-14 18:09:08,Fries,3,20,0,0
5218,2024-03-14 18:09:08,Cheese Burger,1,50,0,0
5219,2024-03-14 19:49:27,Chicken Nuggets,1,30,0,0
5219,2024-03-14 19:49:27,Classic Burger,2,45,0,0
5219,2024-03-14 19:49:27,Chicken Burger,3,55,0,0
5219,2024-03-14 19:49:27,Cheese Burger,3,50,0,0
5219,2024-03-14 19:49:27,Fries,2,20,0,0
5220,2024-03-14 18:18:16,Milkshake,2,28,0,0
5221,2024-03-14 12:50:35,Chicken Nuggets,2,30,0,0
5221,2024-03-14 12:50:35,Ice Cream,2,18,0,0
5221,2024-03-14 12:50:35,Double Burger,3,65,0,0
5221,2024-03-14 12:50:35,Milkshake,1,28,0,0
5222,2024-03-14 16:43:56,Soft Drink,2,15,0,0
5222,2024-03-14 16:43:56,Milkshake,3,28,0,0
5223,2024-03-14 11:51:21,Onion Rings,2,22,0,0
5224,2024-03-14 22:07:07,Double Burger,3,65,0,0
5224,2024-03-14 22:07:07,Fries,1,20,0,0
5224,2024-03-14 22:07:07,Cheese Burger,3,50,0,0
5225,2024-03-14 14:57:00,Ice Cream,1,18,0,0
5225,2024-03-14 14:57:00,Fries,2,20,0,0
5226,2024-03-14 21:01:29,Cheese Burger,3,50,0,0
5226,2024-03-14 21:01:29,Soft Drink,1,15,0,0
5226,2024-03-14 21:01:29,Double Burger,1,65,0,0
5226,2024-03-14 21:01:29,Fries,1,20,0,0
5227,2024-03-14 20:08:16,Classic Burger,3,45,0,0
5228,2024-03-14 15:10:18,Double Burger,3,65,0,0
5229,2024-03-15 18:54:48,Chicken Burger,1,55,0,0
5229,2024-03-15 18:54:48,Double Burger,2,65,0,0
5230,2024-03-15 16:11:47,Chicken Nuggets,1,30,0,0
5231,2024-03-15 12:09:34,Soft Drink,1,15,0,0
5231,2024-03-15 12:09:34,Chicken Burger,2,55,0,0
5231,2024-03-15 12:09:34,Milkshake,3,28,0,0
5231,2024-03-15 12:09:34,Chicken Nuggets,3,30,0,0
5231,2024-03-15 12:09:34,Double Burger,3,65,0,0
5232,2024-03-15 11:02:04,Chicken Nuggets,1,30,0,0
5232,2024-03-15 11:02:04,Fries,1,20,0,0
5233,2024-03-15 18:09:24,Chicken Burger,2,55,0,0
5234,2024-03-15 16:41:43,Classic Burger,2,45,0,0
5235,2024-03-15 16:29:20,Soft Drink,1,15,0,0
5235,2024-03-15 16:29:20,Chicken Burger,1,55,0,0
5236,2024-03-15 20:27:53,Chicken Burger,3,55,0,0
5236,2024-03-15 20:27:53,Double Burger,2,65,0,0
5236,2024-03-15 20:27:53,Fries,1,20,0,0
5236,2024-03-15 20:27:53,Ice Cream,1,18,0,0
5237,2024-03-15 21:01:44,Chicken Burger,2,55,0,0
5237,2024-03-15 21:01:44,Double Burger,2,65,0,0
5237,2024-03-15 21:01:44,Ice Cream,1,18,0,0
5238,2024-03-15 17:14:15,Chicken Burger,2,55,0,0
5238,2024-03-15 17:14:15,Cheese Burger,3,50,0,0
5238,2024-03-15 17:14:15,Soft Drink,1,15,0,0
5239,2024-03-15 16:42:20,Milkshake,1,28,0,0
5239,2024-03-15 16:42:20,Cheese Burger,3,50,0,0
5239,2024-03-15 16:42:20,Ice Cream,2,18,0,0
5239,2024-03-15 16:42:20,Double Burger,3,65,0,0
5239,2024-03-15 16:42:20,Onion Rings,2,22,0,0
5240,2024-03-15 19:27:13,Milkshake,2,28,0,0
5240,2024-03-15 19:27:13,Fries,2,20,0,0
5240,2024-03-15 19:27:13,Ice Cream,1,18,0,0
5240,2024-03-15 19:27:13,Double Burger,2,65,0,0
5241,2024-03-15 13:19:08,Classic Burger,1,45,0,0
5241,2024-03-15 13:19:08,Onion Rings,1,22,0,0
5242,2024-03-15 18:02:26,Ice Cream,1,18,0,0
5242,2024-03-15 18:02:26,Onion Rings,1,22,0,0
5242,2024-03-15 18:02:26,Cheese Burger,3,50,0,0
5243,2024-03-15 19:04:56,Cheese Burger,2,50,0,0
5243,2024-03-15 19:04:56,Chicken Nuggets,1,30,0,0
5243,2024-03-15 19:04:56,Fries,3,20,0,0
5243,2024-03-15 19:04:56,Milkshake,1,28,0,0
5243,2024-03-15 19:04:56,Classic Burger,2,45,0,0
5244,2024-03-15 20:53:34,Milkshake,2,28,0,0
5244,2024-03-15 20:53:34,Chicken Burger,1,55,0,0
5244,2024-03-15 20:53:34,Cheese Burger,3,50,0,0
5244,2024-03-15 20:53:34,Onion Rings,3,22,0,0
5244,2024-03-15 20:53:34,Fries,2,20,0,0
5245,2024-03-15 12:16:41,Chicken Burger,2,55,0,0
5246,2024-03-15 15:05:45,Classic Burger,2,45,0,0
5246,2024-03-15 15:05:45,Cheese Burger,3,50,0,0
5246,2024-03-15 15:05:45,Onion Rings,2,22,0,0
5246,2024-03-15 15:05:45,Chicken Nuggets,1,30,0,0
5247,2024-03-15 15:03:33,Soft Drink,2,15,0,0
5247,2024-03-15 15:03:33,Double Burger,3,65,0,0
5247,2024-03-15 15:03:33,Cheese Burger,3,50,0,0
5247,2024-03-15 15:03:33,Chicken Burger,1,55,0,0
5248,2024-03-15 18:42:32,Milkshake,1,28,0,0
5248,2024-03-15 18:42:32,Soft Drink,2,15,0,0
5249,2024-03-15 19:09:52,Chicken Nuggets,2,30,0,0
5249,2024-03-15 19:09:52,Fries,1,20,0,0
5250,2024-03-15 22:50:49,Soft Drink,3,15,0,0
5251,2024-03-15 16:21:20,Cheese Burger,1,50,0,0
5251,2024-03-15 16:21:20,Soft Drink,2,15,0,0
5251,2024-03-15 16:21:20,Fries,2,20,0,0
5251,2024-03-15 16:21:20,Classic Burger,1,45,0,0
5251,2024-03-15 16:21:20,Onion Rings,2,22,0,0
5252,2024-03-15 16:21:10,Classic Burger,3,45,0,0
5252,2024-03-15 16:21:10,Fries,3,20,0,0
5252,2024-03-15 16:21:10,Cheese Burger,1,50,0,0
5252,2024-03-15 16:21:10,Milkshake,3,28,0,0
5253,2024-03-15 21:09:20,Cheese Burger,2,50,0,0
5253,2024-03-15 21:09:20,Chicken Nuggets,2,30,0,0
5253,2024-03-15 21:09:20,Milkshake,3,28,0,0
5253,2024-03-15 21:09:20,Classic Burger,3,45,0,0
5254,2024-03-15 18:51:32,Double Burger,1,65,0,0
5254,2024-03-15 18:51:32,Cheese Burger,3,50,0,0
5254,2024-03-15 18:51:32,Chicken Burger,2,55,0,0
5255,2024-03-15 21:30:45,Ice Cream,2,18,0,0
5256,2024-03-15 18:46:51,Fries,2,20,0,0
5256,2024-03-15 18:46:51,Onion Rings,1,22,0,0
5257,2024-03-15 14:09:26,Milkshake,3,28,0,0
5257,2024-03-15 14:09:26,Ice Cream,3,18,0,0
5257,2024-03-15 14:09:26,Soft Drink,3,15,0,0
5257,2024-03-15 14:09:26,Cheese Burger,1,50,0,0
5257,2024-03-15 14:09:26,Chicken Burger,3,55,0,0
5258,2024-03-15 14:51:57,Soft Drink,2,15,0,0
5258,2024-03-15 14:51:57,Fries,3,20,0,0
5259,2024-03-15 13:19:23,Onion Rings,3,22,0,0
5259,2024-03-15 13:19:23,Chicken Burger,2,55,0,0
5259,2024-03-15 13:19:23,Chicken Nuggets,1,30,0,0
5260,2024-03-15 19:06:20,Double Burger,2,65,0,0
5260,2024-03-15 19:06:20,Ice Cream,2,18,0,0
5260,2024-03-15 19:06:20,Soft Drink,3,15,0,0
5260,2024-03-15 19:06:20,Fries,1,20,0,0
5261,2024-03-16 23:24:13,Fries,3,20,0,0
5261,2024-03-16 23:24:13,Milkshake,3,28,0,0
5261,2024-03-16 23:24:13,Chicken Nuggets,2,30,0,0
5262,2024-03-16 20:51:23,Chicken Burger,2,55,0,0
5263,2024-03-16 21:39:18,Ice Cream,1,18,0,0
5264,2024-03-16 16:56:02,Ice Cream,3,18,0,0
5264,2024-03-16 16:56:02,Soft Drink,1,15,0,0
5264,2024-03-16 16:56:02,Double Burger,2,65,0,0
5264,2024-03-16 16:56:02,Cheese Burger,1,50,0,0
5264,2024-03-16 16:56:02,Onion Rings,1,22,0,0
5265,2024-03-16 14:45:01,Double Burger,3,65,0,0
5266,2024-03-16 20:37:02,Milkshake,1,28,0,0
5266,2024-03-16 20:37:02,Soft Drink,2,15,0,0
5266,2024-03-16 20:37:02,Fries,3,20,0,0
5266,2024-03-16 20:37:02,Ice Cream,3,18,0,0
5266,2024-03-16 20:37:02,Classic Burger,3,45,0,0
5267,2024-03-16 19:28:28,Chicken Nuggets,1,30,0,0
5267,2024-03-16 19:28:28,Ice Cream,3,18,0,0
5267,2024-03-16 19:28:28,Soft Drink,1,15,0,0
5267,2024-03-16 19:28:28,Classic Burger,2,45,0,0
5268,2024-03-16 18:14:24,Fries,3,20,0,0
5268,2024-03-16 18:14:24,Ice Cream,1,18,0,0
5268,2024-03-16 18:14:24,Milkshake,1,28,0,0
5268,2024-03-16 18:14:24,Double Burger,3,65,0,0
5268,2024-03-16 18:14:24,Chicken Burger,1,55,0,0
5269,2024-03-16 19:15:56,Chicken Nuggets,3,30,0,0
5269,2024-03-16 19:15:56,Chicken Burger,3,55,0,0
5269,2024-03-16 19:15:56,Onion Rings,1,22,0,0
5269,2024-03-16 19:15:56,Cheese Burger,3,50,0,0
5269,2024-03-16 19:15:56,Fries,2,20,0,0
5270,2024-03-16 18:24:04,Cheese Burger,2,50,0,0
5270,2024-03-16 18:24:04,Chicken Nuggets,3,30,0,0
5270,2024-03-16 18:24:04,Ice Cream,2,18,0,0
5270,2024-03-16 18:24:04,Double Burger,1,65,0,0
5270,2024-03-16 18:24:04,Fries,1,20,0,0
5271,2024-03-16 21:16:41,Chicken Burger,2,55,0,0
5272,2024-03-16 21:40:11,Double Burger,1,65,0,0
5272,2024-03-16 21:40:11,Soft Drink,2,15,0,0
5273,2024-03-16 19:14:30,Double Burger,3,65,0,0
5273,2024-03-16 19:14:30,Milkshake,2,28,0,0
5274,2024-03-16 20:30:18,Chicken Burger,2,55,0,0
5274,2024-03-16 20:30:18,Ice Cream,3,18,0,0
5274,2024-03-16 20:30:18,Cheese Burger,2,50,0,0
5274,2024-03-16 20:30:18,Classic Burger,3,45,0,0
5274,2024-03-16 20:30:18,Fries,3,20,0,0
5275,2024-03-16 19:50:19,Onion Rings,2,22,0,0
5275,2024-03-16 19:50:19,Chicken Burger,3,55,0,0
5276,2024-03-16 16:49:21,Milkshake,3,28,0,0
5277,2024-03-16 20:46:01,Chicken Nuggets,3,30,0,0
5278,2024-03-16 13:56:22,Classic Burger,2,45,0,0
5279,2024-03-16 21:24:37,Classic Burger,2,45,0,0
5279,2024-03-16 21:24:37,Chicken Nuggets,1,30,0,0
5279,2024-03-16 21:24:37,Double Burger,1,65,0,0
5279,2024-03-16 21:24:37,Chicken Burger,3,55,0,0
5279,2024-03-16 21:24:37,Ice Cream,2,18,0,0
5280,2024-03-16 14:59:31,Chicken Nuggets,2,30,0,0
5281,2024-03-16 18:21:59,Cheese Burger,1,50,0,0
5281,2024-03-16 18:21:59,Ice Cream,2,18,0,0
5281,2024-03-16 18:21:59,Fries,1,20,0,0
5282,2024-03-16 15:24:35,Cheese Burger,3,50,0,0
5282,2024-03-16 15:24:35,Soft Drink,1,15,0,0
5283,2024-03-16 19:52:03,Fries,2,20,0,0
5283,2024-03-16 19:52:03,Chicken Burger,3,55,0,0
5283,2024-03-16 19:52:03,Soft Drink,1,15,0,0
5283,2024-03-16 19:52:03,Cheese Burger,3,50,0,0
5283,2024-03-16 19:52:03,Chicken Nuggets,2,30,0,0
5284,2024-03-16 17:24:58,Ice Cream,1,18,0,0
5284,2024-03-16 17:24:58,Chicken Burger,2,55,0,0
5284,2024-03-16 17:24:58,Cheese Burger,3,50,0,0
5285,2024-03-16 13:09:24,Fries,1,20,0,0
5286,2024-03-16 19:57:45,Chicken Burger,3,55,0,0
5286,2024-03-16 19:57:45,Cheese Burger,1,50,0,0
5287,2024-03-16 16:21:10,Cheese Burger,2,50,0,0
5288,2024-03-16 20:47:08,Fries,1,20,0,0
5288,2024-03-16 20:47:08,Cheese Burger,3,50,0,0
5289,2024-03-16 18:12:38,Double Burger,3,65,0,0
5290,2024-03-16 19:10:30,Onion Rings,3,22,0,0
5290,2024-03-16 19:10:30,Chicken Nuggets,2,30,0,0
5290,2024-03-16 19:10:30,Classic Burger,3,45,0,0
5290,2024-03-16 19:10:30,Soft Drink,3,15,0,0
5291,2024-03-16 15:33:20,Chicken Burger,2,55,0,0
5291,2024-03-16 15:33:20,Fries,1,20,0,0
5291,2024-03-16 15:33:20,Ice Cream,2,18,0,0
5291,2024-03-16 15:33:20,Double Burger,2,65,0,0
5292,2024-03-16 16:16:35,Fries,2,20,0,0
5292,2024-03-16 16:16:35,Onion Rings,1,22,0,0
5292,2024-03-16 16:16:35,Chicken Nuggets,2,30,0,0
5292,2024-03-16 16:16:35,Milkshake,2,28,0,0
5293,2024-03-16 16:11:40,Ice Cream,2,18,0,0
5293,2024-03-16 16:11:40,Cheese Burger,1,50,0,0
5293,2024-03-16 16:11:40,Soft Drink,2,15,0,0
5293,2024-03-16 16:11:40,Chicken Burger,2,55,0,0
5293,2024-03-16 16:11:40,Double Burger,2,65,0,0
5294,2024-03-16 20:20:39,Fries,3,20,0,0
5294,2024-03-16 20:20:39,Soft Drink,1,15,0,0
5294,2024-03-16 20:20:39,Chicken Burger,3,55,0,0
5295,2024-03-16 23:28:25,Chicken Burger,1,55,0,0
5295,2024-03-16 23:28:25,Double Burger,1,65,0,0
5295,2024-03-16 23:28:25,Classic Burger,2,45,0,0
5296,2024-03-16 15:09:48,Chicken Nuggets,2,30,0,0
5296,2024-03-16 15:09:48,Milkshake,1,28,0,0
5296,2024-03-16 15:09:48,Chicken Burger,2,55,0,0
5297,2024-03-16 21:13:49,Ice Cream,2,18,0,0
5297,2024-03-16 21:13:49,Double Burger,1,65,0,0
5297,2024-03-16 21:13:49,Chicken Nuggets,1,30,0,0
5297,2024-03-16 21:13:49,Classic Burger,3,45,0,0
5298,2024-03-16 11:19:55,Fries,2,20,0,0
5298,2024-03-16 11:19:55,Onion Rings,1,22,0,0
5298,2024-03-16 11:19:55,Double Burger,3,65,0,0
5298,2024-03-16 11:19:55,Chicken Nuggets,3,30,0,0
5299,2024-03-16 14:35:36,Soft Drink,1,15,0,0
5299,2024-03-16 14:35:36,Chicken Nuggets,1,30,0,0
5299,2024-03-16 14:35:36,Ice Cream,2,18,0,0
5300,2024-03-16 15:01:14,Soft Drink,2,15,0,0
5300,2024-03-16 15:01:14,Onion Rings,3,22,0,0
5301,2024-03-16 13:48:58,Onion Rings,1,22,0,0
5301,2024-03-16 13:48:58,Fries,3,20,0,0
5301,2024-03-16 13:48:58,Chicken Burger,2,55,0,0
5301,2024-03-16 13:48:58,Chicken Nuggets,1,30,0,0
5301,2024-03-16 13:48:58,Soft Drink,3,15,0,0
5302,2024-03-16 13:32:55,Classic Burger,2,45,0,0
5303,2024-03-16 19:05:00,Classic Burger,1,45,0,0
5304,2024-03-16 17:35:07,Chicken Burger,3,55,0,0
5304,2024-03-16 17:35:07,Onion Rings,3,22,0,0
5304,2024-03-16 17:35:07,Cheese Burger,1,50,0,0
5304,2024-03-16 17:35:07,Soft Drink,3,15,0,0
5304,2024-03-16 17:35:07,Double Burger,3,65,0,0
5305,2024-03-16 19:10:10,Chicken Burger,3,55,0,0
5305,2024-03-16 19:10:10,Chicken Nuggets,3,30,0,0
5305,2024-03-16 19:10:10,Classic Burger,1,45,0,0
5305,2024-03-16 19:10:10,Onion Rings,3,22,0,0
5306,2024-03-16 20:13:40,Classic Burger,2,45,0,0
5306,2024-03-16 20:13:40,Double Burger,1,65,0,0
5307,2024-03-16 18:30:33,Ice Cream,2,18,0,0
5307,2024-03-16 18:30:33,Fries,1,20,0,0
5307,2024-03-16 18:30:33,Soft Drink,3,15,0,0
5307,2024-03-16 18:30:33,Chicken Burger,3,55,0,0
5308,2024-03-16 19:15:57,Chicken Nuggets,2,30,0,0
5308,2024-03-16 19:15:57,Double Burger,3,65,0,0
5308,2024-03-16 19:15:57,Milkshake,2,28,0,0
5308,2024-03-16 19:15:57,Soft Drink,1,15,0,0
5308,2024-03-16 19:15:57,Classic Burger,2,45,0,0
5309,2024-03-16 17:09:33,Onion Rings,3,22,0,0
5309,2024-03-16 17:09:33,Double Burger,1,65,0,0
5309,2024-03-16 17:09:33,Ice Cream,1,18,0,0
5309,2024-03-16 17:09:33,Cheese Burger,1,50,0,0
5309,2024-03-16 17:09:33,Milkshake,1,28,0,0
5310,2024-03-16 14:21:35,Chicken Burger,3,55,0,0
5310,2024-03-16 14:21:35,Soft Drink,1,15,0,0
5310,2024-03-16 14:21:35,Milkshake,1,28,0,0
5311,2024-03-16 21:09:45,Onion Rings,2,22,0,0
5311,2024-03-16 21:09:45,Double Burger,2,65,0,0
5311,2024-03-16 21:09:45,Ice Cream,3,18,0,0
5311,2024-03-16 21:09:45,Chicken Nuggets,3,30,0,0
5312,2024-03-16 16:54:09,Chicken Burger,1,55,0,0
5313,2024-03-16 15:42:18,Ice Cream,3,18,0,0
5314,2024-03-16 17:18:40,Soft Drink,1,15,0,0
5314,2024-03-16 17:18:40,Chicken Burger,3,55,0,0
5315,2024-03-16 15:01:25,Classic Burger,3,45,0,0
5315,2024-03-16 15:01:25,Fries,2,20,0,0
5315,2024-03-16 15:01:25,Onion Rings,1,22,0,0
5315,2024-03-16 15:01:25,Chicken Nuggets,3,30,0,0
5316,2024-03-16 16:05:47,Double Burger,2,65,0,0
5316,2024-03-16 16:05:47,Fries,3,20,0,0
5316,2024-03-16 16:05:47,Milkshake,3,28,0,0
5317,2024-03-16 19:18:12,Ice Cream,2,18,0,0
5317,2024-03-16 19:18:12,Chicken Burger,3,55,0,0
5317,2024-03-16 19:18:12,Milkshake,2,28,0,0
5317,2024-03-16 19:18:12,Fries,3,20,0,0
5317,2024-03-16 19:18:12,Soft Drink,1,15,0,0
5318,2024-03-16 19:45:10,Onion Rings,1,22,0,0
5318,2024-03-16 19:45:10,Chicken Burger,1,55,0,0
5318,2024-03-16 19:45:10,Fries,1,20,0,0
5318,2024-03-16 19:45:10,Chicken Nuggets,2,30,0,0
5319,2024-03-16 15:55:47,Milkshake,1,28,0,0
5319,2024-03-16 15:55:47,Fries,2,20,0,0
5319,2024-03-16 15:55:47,Ice Cream,1,18,0,0
5319,2024-03-16 15:55:47,Classic Burger,1,45,0,0
5320,2024-03-16 16:50:22,Ice Cream,1,18,0,0
5320,2024-03-16 16:50:22,Fries,2,20,0,0
5320,2024-03-16 16:50:22,Chicken Burger,3,55,0,0
5320,2024-03-16 16:50:22,Chicken Nuggets,2,30,0,0
5321,2024-03-16 21:28:36,Cheese Burger,1,50,0,0
5321,2024-03-16 21:28:36,Onion Rings,2,22,0,0
5321,2024-03-16 21:28:36,Ice Cream,1,18,0,0
5321,2024-03-16 21:28:36,Double Burger,3,65,0,0
5322,2024-03-16 19:49:24,Classic Burger,2,45,0,0
5322,2024-03-16 19:49:24,Chicken Burger,2,55,0,0
5322,2024-03-16 19:49:24,Cheese Burger,1,50,0,0
5322,2024-03-16 19:49:24,Milkshake,2,28,0,0
5323,2024-03-16 23:22:30,Ice Cream,1,18,0,0
5323,2024-03-16 23:22:30,Chicken Burger,1,55,0,0
5323,2024-03-16 23:22:30,Fries,1,20,0,0
5323,2024-03-16 23:22:30,Cheese Burger,3,50,0,0
5323,2024-03-16 23:22:30,Chicken Nuggets,1,30,0,0
5324,2024-03-16 21:55:26,Classic Burger,3,45,0,0
5324,2024-03-16 21:55:26,Milkshake,1,28,0,0
5325,2024-03-16 21:49:12,Onion Rings,2,22,0,0
5325,2024-03-16 21:49:12,Fries,1,20,0,0
5325,2024-03-16 21:49:12,Ice Cream,3,18,0,0
5325,2024-03-16 21:49:12,Milkshake,3,28,0,0
5326,2024-03-16 13:34:54,Cheese Burger,3,50,0,0
5326,2024-03-16 13:34:54,Milkshake,3,28,0,0
5326,2024-03-16 13:34:54,Classic Burger,2,45,0,0
5326,2024-03-16 13:34:54,Fries,2,20,0,0
5327,2024-03-16 20:06:30,Ice Cream,2,18,0,0
5327,2024-03-16 20:06:30,Chicken Nuggets,3,30,0,0
5327,2024-03-16 20:06:30,Classic Burger,2,45,0,0
5327,2024-03-16 20:06:30,Onion Rings,3,22,0,0
5328,2024-03-16 17:36:41,Classic Burger,2,45,0,0
5328,2024-03-16 17:36:41,Ice Cream,1,18,0,0
5328,2024-03-16 17:36:41,Cheese Burger,3,50,0,0
5328,2024-03-16 17:36:41,Chicken Burger,3,55,0,0
5328,2024-03-16 17:36:41,Chicken Nuggets,3,30,0,0
5329,2024-03-16 16:28:52,Onion Rings,2,22,0,0
5329,2024-03-16 16:28:52,Fries,3,20,0,0
5329,2024-03-16 16:28:52,Milkshake,2,28,0,0
5329,2024-03-16 16:28:52,Cheese Burger,2,50,0,0
5330,2024-03-16 18:04:26,Milkshake,3,28,0,0
5331,2024-03-16 20:54:39,Ice Cream,3,18,0,0
5331,2024-03-16 20:54:39,Onion Rings,1,22,0,0
5331,2024-03-16 20:54:39,Soft Drink,2,15,0,0
5331,2024-03-16 20:54:39,Double Burger,2,65,0,0
5331,2024-03-16 20:54:39,Chicken Nuggets,1,30,0,0
5332,2024-03-16 19:04:54,Fries,1,20,0,0
5333,2024-03-16 15:21:42,Classic Burger,1,45,0,0
5333,2024-03-16 15:21:42,Double Burger,1,65,0,0
5333,2024-03-16 15:21:42,Milkshake,1,28,0,0
5333,2024-03-16 15:21:42,Ice Cream,2,18,0,0
5333,2024-03-16 15:21:42,Cheese Burger,3,50,0,0
5334,2024-03-16 20:14:47,Chicken Nuggets,2,30,0,0
5334,2024-03-16 20:14:47,Chicken Burger,1,55,0,0
5334,2024-03-16 20:14:47,Soft Drink,2,15,0,0
5334,2024-03-16 20:14:47,Fries,3,20,0,0
5334,2024-03-16 20:14:47,Onion Rings,3,22,0,0
5335,2024-03-16 16:18:15,Double Burger,3,65,0,0
5335,2024-03-16 16:18:15,Onion Rings,3,22,0,0
5335,2024-03-16 16:18:15,Milkshake,3,28,0,0
5335,2024-03-16 16:18:15,Soft Drink,1,15,0,0
5336,2024-03-16 18:47:46,Chicken Burger,2,55,0,0
5336,2024-03-16 18:47:46,Classic Burger,2,45,0,0
5336,2024-03-16 18:47:46,Cheese Burger,2,50,0,0
5336,2024-03-16 18:47:46,Fries,1,20,0,0
5337,2024-03-16 17:18:44,Fries,2,20,0,0
5337,2024-03-16 17:18:44,Chicken Nuggets,1,30,0,0
5338,2024-03-16 17:33:30,Chicken Nuggets,2,30,0,0
5338,2024-03-16 17:33:30,Chicken Burger,2,55,0,0
5338,2024-03-16 17:33:30,Onion Rings,1,22,0,0
5338,2024-03-16 17:33:30,Cheese Burger,1,50,0,0
5338,2024-03-16 17:33:30,Soft Drink,1,15,0,0
5339,2024-03-17 12:50:22,Classic Burger,1,45,1,0
5340,2024-03-17 16:29:07,Milkshake,3,28,1,0
5341,2024-03-17 19:26:54,Ice Cream,1,18,1,0
5341,2024-03-17 19:26:54,Fries,3,20,1,0
5341,2024-03-17 19:26:54,Onion Rings,1,22,1,0
5342,2024-03-17 19:01:34,Fries,3,20,1,0
5342,2024-03-17 19:01:34,Double Burger,2,65,1,0
5343,2024-03-17 17:18:13,Chicken Nuggets,2,30,1,0
5343,2024-03-17 17:18:13,Soft Drink,3,15,1,0
5343,2024-03-17 17:18:13,Onion Rings,3,22,1,0
5344,2024-03-17 17:04:45,Onion Rings,1,22,1,0
5344,2024-03-17 17:04:45,Double Burger,2,65,1,0
5345,2024-03-17 19:01:27,Ice Cream,3,18,1,0
5345,2024-03-17 19:01:27,Chicken Burger,1,55,1,0
5345,2024-03-17 19:01:27,Chicken Nuggets,1,30,1,0
5345,2024-03-17 19:01:27,Cheese Burger,3,50,1,0
5346,2024-03-17 17:51:27,Ice Cream,2,18,1,0
5346,2024-03-17 17:51:27,Fries,1,20,1,0
5346,2024-03-17 17:51:27,Onion Rings,1,22,1,0
5346,2024-03-17 17:51:27,Chicken Burger,2,55,1,0
5347,2024-03-17 22:56:45,Cheese Burger,2,50,1,0
5347,2024-03-17 22:56:45,Ice Cream,3,18,1,0
5348,2024-03-17 20:48:03,Cheese Burger,1,50,1,0
5348,2024-03-17 20:48:03,Chicken Nuggets,3,30,1,0
5349,2024-03-17 20:37:35,Chicken Nuggets,1,30,1,0
5349,2024-03-17 20:37:35,Classic Burger,3,45,1,0
5350,2024-03-17 15:27:13,Chicken Burger,1,55,1,0
5350,2024-03-17 15:27:13,Classic Burger,3,45,1,0
5350,2024-03-17 15:27:13,Chicken Nuggets,3,30,1,0
5350,2024-03-17 15:27:13,Cheese Burger,2,50,1,0
5351,2024-03-17 17:40:37,Soft Drink,3,15,1,0
5351,2024-03-17 17:40:37,Classic Burger,3,45,1,0
5352,2024-03-17 17:40:57,Onion Rings,1,22,1,0
5352,2024-03-17 17:40:57,Ice Cream,3,18,1,0
5352,2024-03-17 17:40:57,Classic Burger,1,45,1,0
5352,2024-03-17 17:40:57,Soft Drink,3,15,1,0
5352,2024-03-17 17:40:57,Chicken Burger,2,55,1,0
5353,2024-03-17 14:17:12,Ice Cream,1,18,1,0
5354,2024-03-17 19:00:24,Milkshake,2,28,1,0
5354,2024-03-17 19:00:24,Fries,3,20,1,0
5354,2024-03-17 19:00:24,Chicken Nuggets,1,30,1,0
5354,2024-03-17 19:00:24,Ice Cream,3,18,1,0
5354,2024-03-17 19:00:24,Classic Burger,2,45,1,0
5355,2024-03-17 16:33:14,Double Burger,3,65,1,0
5355,2024-03-17 16:33:14,Chicken Nuggets,2,30,1,0
5355,2024-03-17 16:33:14,Fries,2,20,1,0
5356,2024-03-17 19:56:52,Classic Burger,2,45,1,0
5356,2024-03-17 19:56:52,Onion Rings,3,22,1,0
5356,2024-03-17 19:56:52,Soft Drink,3,15,1,0
5357,2024-03-17 14:27:43,Ice Cream,3,18,1,0
5357,2024-03-17 14:27:43,Cheese Burger,1,50,1,0
5358,2024-03-17 23:07:52,Soft Drink,3,15,1,0
5358,2024-03-17 23:07:52,Fries,1,20,1,0
5359,2024-03-17 15:26:56,Classic Burger,1,45,1,0
5359,2024-03-17 15:26:56,Chicken Burger,2,55,1,0
5360,2024-03-17 18:04:47,Classic Burger,3,45,1,0
5360,2024-03-17 18:04:47,Ice Cream,2,18,1,0
5361,2024-03-17 20:52:16,Cheese Burger,1,50,1,0
5361,2024-03-17 20:52:16,Ice Cream,2,18,1,0
5361,2024-03-17 20:52:16,Classic Burger,2,45,1,0
5362,2024-03-17 16:29:31,Onion Rings,3,22,1,0
5362,2024-03-17 16:29:31,Milkshake,3,28,1,0
5362,2024-03-17 16:29:31,Ice Cream,2,18,1,0
5362,2024-03-17 16:29:31,Soft Drink,2,15,1,0
5363,2024-03-17 20:13:51,Ice Cream,2,18,1,0
5363,2024-03-17 20:13:51,Double Burger,2,65,1,0
5364,2024-03-17 14:53:20,Chicken Nuggets,2,30,1,0
5364,2024-03-17 14:53:20,Fries,1,20,1,0
5364,2024-03-17 14:53:20,Ice Cream,3,18,1,0
5364,2024-03-17 14:53:20,Double Burger,3,65,1,0
5364,2024-03-17 14:53:20,Milkshake,2,28,1,0
5365,2024-03-17 22:28:42,Chicken Burger,1,55,1,0
5365,2024-03-17 22:28:42,Chicken Nuggets,2,30,1,0
5365,2024-03-17 22:28:42,Ice Cream,1,18,1,0
5365,2024-03-17 22:28:42,Fries,3,20,1,0
5365,2024-03-17 22:28:42,Soft Drink,2,15,1,0
5366,2024-03-17 18:11:23,Chicken Nuggets,1,30,1,0
5366,2024-03-17 18:11:23,Classic Burger,2,45,1,0
5366,2024-03-17 18:11:23,Fries,1,20,1,0
5366,2024-03-17 18:11:23,Double Burger,1,65,1,0
5366,2024-03-17 18:11:23,Soft Drink,1,15,1,0
5367,2024-03-17 16:05:21,Chicken Nuggets,2,30,1,0
5368,2024-03-17 17:09:02,Cheese Burger,2,50,1,0
5368,2024-03-17 17:09:02,Ice Cream,3,18,1,0
5368,2024-03-17 17:09:02,Fries,1,20,1,0
5368,2024-03-17 17:09:02,Double Burger,3,65,1,0
5368,2024-03-17 17:09:02,Onion Rings,3,22,1,0
5369,2024-03-17 20:44:48,Milkshake,2,28,1,0
5369,2024-03-17 20:44:48,Chicken Nuggets,3,30,1,0
5369,2024-03-17 20:44:48,Double Burger,3,65,1,0
5369,2024-03-17 20:44:48,Classic Burger,1,45,1,0
5369,2024-03-17 20:44:48,Fries,1,20,1,0
5370,2024-03-17 16:51:12,Onion Rings,2,22,1,0
5370,2024-03-17 16:51:12,Ice Cream,2,18,1,0
5370,2024-03-17 16:51:12,Fries,3,20,1,0
5370,2024-03-17 16:51:12,Soft Drink,3,15,1,0
5370,2024-03-17 16:51:12,Chicken Nuggets,2,30,1,0
5371,2024-03-17 15:20:40,Soft Drink,1,15,1,0
5371,2024-03-17 15:20:40,Milkshake,2,28,1,0
5371,2024-03-17 15:20:40,Classic Burger,3,45,1,0
5371,2024-03-17 15:20:40,Double Burger,2,65,1,0
5372,2024-03-17 17:55:16,Soft Drink,3,15,1,0
5373,2024-03-17 14:59:37,Ice Cream,2,18,1,0
5373,2024-03-17 14:59:37,Double Burger,1,65,1,0
5373,2024-03-17 14:59:37,Soft Drink,3,15,1,0
5374,2024-03-17 23:53:55,Double Burger,3,65,1,0
5374,2024-03-17 23:53:55,Chicken Nuggets,1,30,1,0
5375,2024-03-17 16:55:27,Chicken Burger,3,55,1,0
5375,2024-03-17 16:55:27,Double Burger,1,65,1,0
5376,2024-03-17 20:04:35,Classic Burger,1,45,1,0
5377,2024-03-17 18:40:26,Classic Burger,3,45,1,0
5377,2024-03-17 18:40:26,Milkshake,2,28,1,0
5377,2024-03-17 18:40:26,Fries,1,20,1,0
5377,2024-03-17 18:40:26,Chicken Burger,2,55,1,0
5377,2024-03-17 18:40:26,Cheese Burger,1,50,1,0
5378,2024-03-17 15:46:01,Ice Cream,2,18,1,0
5378,2024-03-17 15:46:01,Fries,3,20,1,0
5378,2024-03-17 15:46:01,Classic Burger,3,45,1,0
5378,2024-03-17 15:46:01,Onion Rings,3,22,1,0
5379,2024-03-17 17:31:37,Chicken Burger,3,55,1,0
5380,2024-03-17 20:53:59,Double Burger,2,65,1,0
5380,2024-03-17 20:53:59,Soft Drink,3,15,1,0
5380,2024-03-17 20:53:59,Milkshake,2,28,1,0
5380,2024-03-17 20:53:59,Cheese Burger,3,50,1,0
5381,2024-03-17 17:11:58,Soft Drink,2,15,1,0
5381,2024-03-17 17:11:58,Chicken Nuggets,2,30,1,0
5381,2024-03-17 17:11:58,Fries,2,20,1,0
5381,2024-03-17 17:11:58,Chicken Burger,1,55,1,0
5382,2024-03-17 21:05:49,Fries,1,20,1,0
5382,2024-03-17 21:05:49,Onion Rings,3,22,1,0
5382,2024-03-17 21:05:49,Soft Drink,2,15,1,0
5382,2024-03-17 21:05:49,Cheese Burger,1,50,1,0
5383,2024-03-17 21:17:34,Fries,2,20,1,0
5384,2024-03-17 20:49:50,Milkshake,3,28,1,0
5384,2024-03-17 20:49:50,Cheese Burger,2,50,1,0
5384,2024-03-17 20:49:50,Ice Cream,1,18,1,0
5385,2024-03-17 16:59:58,Chicken Nuggets,2,30,1,0
5385,2024-03-17 16:59:58,Chicken Burger,3,55,1,0
5385,2024-03-17 16:59:58,Double Burger,3,65,1,0
5385,2024-03-17 16:59:58,Fries,2,20,1,0
5385,2024-03-17 16:59:58,Classic Burger,3,45,1,0
5386,2024-03-17 14:18:08,Chicken Nuggets,3,30,1,0
5386,2024-03-17 14:18:08,Fries,2,20,1,0
5386,2024-03-17 14:18:08,Chicken Burger,1,55,1,0
5387,2024-03-17 16:46:05,Soft Drink,3,15,1,0
5387,2024-03-17 16:46:05,Onion Rings,2,22,1,0
5387,2024-03-17 16:46:05,Chicken Nuggets,1,30,1,0
5387,2024-03-17 16:46:05,Milkshake,3,28,1,0
5388,2024-03-17 18:24:46,Onion Rings,1,22,1,0
5388,2024-03-17 18:24:46,Chicken Burger,3,55,1,0
5388,2024-03-17 18:24:46,Ice Cream,2,18,1,0
5388,2024-03-17 18:24:46,Cheese Burger,1,50,1,0
5388,2024-03-17 18:24:46,Milkshake,2,28,1,0
5389,2024-03-17 19:07:36,Ice Cream,1,18,1,0
5389,2024-03-17 19:07:36,Soft Drink,1,15,1,0
5389,2024-03-17 19:07:36,Onion Rings,2,22,1,0
5389,2024-03-17 19:07:36,Chicken Burger,2,55,1,0
5389,2024-03-17 19:07:36,Cheese Burger,2,50,1,0
5390,2024-03-17 11:54:31,Milkshake,2,28,1,0
5390,2024-03-17 11:54:31,Double Burger,1,65,1,0
5390,2024-03-17 11:54:31,Onion Rings,1,22,1,0
5391,2024-03-17 17:27:38,Ice Cream,3,18,1,0
5391,2024-03-17 17:27:38,Chicken Burger,3,55,1,0
5391,2024-03-17 17:27:38,Cheese Burger,3,50,1,0
5391,2024-03-17 17:27:38,Onion Rings,3,22,1,0
5391,2024-03-17 17:27:38,Fries,3,20,1,0
5392,2024-03-17 18:42:31,Soft Drink,1,15,1,0
5392,2024-03-17 18:42:31,Chicken Nuggets,2,30,1,0
5392,2024-03-17 18:42:31,Double Burger,3,65,1,0
5392,2024-03-17 18:42:31,Fries,3,20,1,0
5392,2024-03-17 18:42:31,Classic Burger,1,45,1,0
5393,2024-03-17 17:55:44,Onion Rings,2,22,1,0
5393,2024-03-17 17:55:44,Double Burger,3,65,1,0
5394,2024-03-17 21:52:46,Double Burger,2,65,1,0
5394,2024-03-17 21:52:46,Classic Burger,1,45,1,0
5394,2024-03-17 21:52:46,Soft Drink,2,15,1,0
5394,2024-03-17 21:52:46,Chicken Burger,2,55,1,0
5394,2024-03-17 21:52:46,Onion Rings,1,22,1,0
5395,2024-03-17 19:03:43,Ice Cream,2,18,1,0
5396,2024-03-17 21:56:07,Milkshake,3,28,1,0
5396,2024-03-17 21:56:07,Chicken Nuggets,1,30,1,0
5396,2024-03-17 21:56:07,Classic Burger,2,45,1,0
5397,2024-03-17 17:40:17,Milkshake,3,28,1,0
5397,2024-03-17 17:40:17,Chicken Burger,2,55,1,0
5397,2024-03-17 17:40:17,Cheese Burger,3,50,1,0
5397,2024-03-17 17:40:17,Ice Cream,1,18,1,0
5397,2024-03-17 17:40:17,Fries,2,20,1,0
5398,2024-03-17 20:07:08,Milkshake,3,28,1,0
5398,2024-03-17 20:07:08,Fries,2,20,1,0
5399,2024-03-17 22:30:17,Chicken Burger,1,55,1,0
5399,2024-03-17 22:30:17,Classic Burger,2,45,1,0
5400,2024-03-17 21:12:19,Milkshake,1,28,1,0
5400,2024-03-17 21:12:19,Onion Rings,1,22,1,0
5401,2024-03-17 14:06:27,Classic Burger,2,45,1,0
5401,2024-03-17 14:06:27,Double Burger,3,65,1,0
5401,2024-03-17 14:06:27,Milkshake,2,28,1,0
5401,2024-03-17 14:06:27,Chicken Burger,1,55,1,0
5402,2024-03-17 17:10:39,Chicken Burger,2,55,1,0
5403,2024-03-17 16:15:05,Chicken Nuggets,3,30,1,0
5403,2024-03-17 16:15:05,Fries,2,20,1,0
5403,2024-03-17 16:15:05,Classic Burger,3,45,1,0
5403,2024-03-17 16:15:05,Onion Rings,2,22,1,0
5404,2024-03-17 19:38:37,Soft Drink,2,15,1,0
5404,2024-03-17 19:38:37,Fries,1,20,1,0
5404,2024-03-17 19:38:37,Onion Rings,2,22,1,0
5405,2024-03-17 20:02:16,Classic Burger,3,45,1,0
5405,2024-03-17 20:02:16,Cheese Burger,2,50,1,0
5406,2024-03-17 15:03:37,Classic Burger,1,45,1,0
5406,2024-03-17 15:03:37,Ice Cream,3,18,1,0
5406,2024-03-17 15:03:37,Cheese Burger,1,50,1,0
5407,2024-03-17 18:32:14,Fries,1,20,1,0
5407,2024-03-17 18:32:14,Classic Burger,2,45,1,0
5407,2024-03-17 18:32:14,Soft Drink,1,15,1,0
5408,2024-03-17 11:57:05,Ice Cream,1,18,1,0
5409,2024-03-17 22:05:12,Chicken Burger,3,55,1,0
5409,2024-03-17 22:05:12,Onion Rings,3,22,1,0
5409,2024-03-17 22:05:12,Chicken Nuggets,1,30,1,0
5409,2024-03-17 22:05:12,Double Burger,3,65,1,0
5409,2024-03-17 22:05:12,Milkshake,1,28,1,0
5410,2024-03-17 16:14:24,Chicken Nuggets,2,30,1,0
5410,2024-03-17 16:14:24,Cheese Burger,1,50,1,0
5411,2024-03-17 18:09:45,Onion Rings,2,22,1,0
5411,2024-03-17 18:09:45,Milkshake,3,28,1,0
5411,2024-03-17 18:09:45,Cheese Burger,1,50,1,0
5412,2024-03-17 17:13:39,Fries,2,20,1,0
5412,2024-03-17 17:13:39,Cheese Burger,2,50,1,0
5412,2024-03-17 17:13:39,Chicken Nuggets,1,30,1,0
5413,2024-03-17 21:12:35,Double Burger,3,65,1,0
5413,2024-03-17 21:12:35,Soft Drink,3,15,1,0
5413,2024-03-17 21:12:35,Classic Burger,1,45,1,0
5413,2024-03-17 21:12:35,Onion Rings,1,22,1,0
5414,2024-03-17 10:20:30,Soft Drink,2,15,1,0
5415,2024-03-17 17:52:02,Fries,3,20,1,0
5415,2024-03-17 17:52:02,Double Burger,3,65,1,0
5416,2024-03-17 17:13:58,Chicken Nuggets,1,30,1,0
5416,2024-03-17 17:13:58,Onion Rings,2,22,1,0
5416,2024-03-17 17:13:58,Classic Burger,1,45,1,0
5416,2024-03-17 17:13:58,Double Burger,1,65,1,0
5416,2024-03-17 17:13:58,Cheese Burger,2,50,1,0
5417,2024-03-17 16:25:04,Chicken Burger,3,55,1,0
5418,2024-03-17 23:46:10,Ice Cream,1,18,1,0
5418,2024-03-17 23:46:10,Double Burger,3,65,1,0
5418,2024-03-17 23:46:10,Onion Rings,1,22,1,0
5418,2024-03-17 23:46:10,Cheese Burger,2,50,1,0
5419,2024-03-17 15:52:06,Classic Burger,3,45,1,0
5419,2024-03-17 15:52:06,Ice Cream,3,18,1,0
5419,2024-03-17 15:52:06,Soft Drink,3,15,1,0
5419,2024-03-17 15:52:06,Onion Rings,3,22,1,0
5420,2024-03-17 20:32:08,Chicken Nuggets,3,30,1,0
5421,2024-03-17 19:54:04,Ice Cream,1,18,1,0
5421,2024-03-17 19:54:04,Milkshake,3,28,1,0
5421,2024-03-17 19:54:04,Fries,3,20,1,0
5421,2024-03-17 19:54:04,Chicken Burger,3,55,1,0
5422,2024-03-17 21:21:36,Milkshake,2,28,1,0
5422,2024-03-17 21:21:36,Ice Cream,1,18,1,0
5423,2024-03-17 15:43:26,Fries,2,20,1,0
5424,2024-03-18 13:19:21,Classic Burger,2,45,1,0
5424,2024-03-18 13:19:21,Chicken Burger,1,55,1,0
5425,2024-03-18 16:00:25,Milkshake,1,28,1,0
5425,2024-03-18 16:00:25,Ice Cream,2,18,1,0
5426,2024-03-18 19:28:02,Chicken Nuggets,1,30,1,0
5426,2024-03-18 19:28:02,Chicken Burger,1,55,1,0
5427,2024-03-18 20:57:55,Milkshake,2,28,1,0
5427,2024-03-18 20:57:55,Classic Burger,1,45,1,0
5427,2024-03-18 20:57:55,Ice Cream,2,18,1,0
5428,2024-03-18 15:28:45,Cheese Burger,3,50,1,0
5428,2024-03-18 15:28:45,Milkshake,3,28,1,0
5428,2024-03-18 15:28:45,Ice Cream,2,18,1,0
5428,2024-03-18 15:28:45,Soft Drink,2,15,1,0
5428,2024-03-18 15:28:45,Onion Rings,3,22,1,0
5429,2024-03-18 10:44:25,Onion Rings,2,22,1,0
5430,2024-03-18 19:57:51,Milkshake,1,28,1,0
5431,2024-03-18 14:22:24,Ice Cream,1,18,1,0
5431,2024-03-18 14:22:24,Chicken Burger,3,55,1,0
5431,2024-03-18 14:22:24,Milkshake,3,28,1,0
5431,2024-03-18 14:22:24,Cheese Burger,3,50,1,0
5432,2024-03-18 11:35:48,Classic Burger,1,45,1,0
5432,2024-03-18 11:35:48,Milkshake,1,28,1,0
5432,2024-03-18 11:35:48,Double Burger,1,65,1,0
5432,2024-03-18 11:35:48,Cheese Burger,1,50,1,0
5432,2024-03-18 11:35:48,Chicken Nuggets,1,30,1,0
5433,2024-03-18 10:35:41,Classic Burger,2,45,1,0
5433,2024-03-18 10:35:41,Ice Cream,3,18,1,0
5433,2024-03-18 10:35:41,Fries,3,20,1,0
5433,2024-03-18 10:35:41,Soft Drink,3,15,1,0
5433,2024-03-18 10:35:41,Onion Rings,1,22,1,0
5434,2024-03-18 20:12:04,Ice Cream,2,18,1,0
5434,2024-03-18 20:12:04,Chicken Burger,1,55,1,0
5434,2024-03-18 20:12:04,Cheese Burger,1,50,1,0
5434,2024-03-18 20:12:04,Fries,1,20,1,0
5435,2024-03-18 18:58:56,Soft Drink,2,15,1,0
5435,2024-03-18 18:58:56,Cheese Burger,2,50,1,0
5435,2024-03-18 18:58:56,Chicken Burger,2,55,1,0
5435,2024-03-18 18:58:56,Onion Rings,1,22,1,0
5435,2024-03-18 18:58:56,Ice Cream,3,18,1,0
5436,2024-03-18 17:32:29,Cheese Burger,1,50,1,0
5436,2024-03-18 17:32:29,Onion Rings,3,22,1,0
5436,2024-03-18 17:32:29,Classic Burger,2,45,1,0
5436,2024-03-18 17:32:29,Fries,1,20,1,0
5436,2024-03-18 17:32:29,Chicken Nuggets,1,30,1,0
5437,2024-03-18 22:52:23,Classic Burger,2,45,1,0
5437,2024-03-18 22:52:23,Onion Rings,2,22,1,0
5437,2024-03-18 22:52:23,Chicken Nuggets,3,30,1,0
5437,2024-03-18 22:52:23,Ice Cream,3,18,1,0
5438,2024-03-18 19:54:17,Milkshake,3,28,1,0
5438,2024-03-18 19:54:17,Ice Cream,1,18,1,0
5438,2024-03-18 19:54:17,Onion Rings,1,22,1,0
5438,2024-03-18 19:54:17,Chicken Nuggets,2,30,1,0
5438,2024-03-18 19:54:17,Classic Burger,2,45,1,0
5439,2024-03-18 22:34:56,Double Burger,2,65,1,0
5439,2024-03-18 22:34:56,Onion Rings,2,22,1,0
5439,2024-03-18 22:34:56,Classic Burger,1,45,1,0
5440,2024-03-18 13:44:33,Onion Rings,1,22,1,0
5440,2024-03-18 13:44:33,Chicken Nuggets,3,30,1,0
5440,2024-03-18 13:44:33,Fries,3,20,1,0
5440,2024-03-18 13:44:33,Classic Burger,3,45,1,0
5441,2024-03-18 17:27:46,Fries,1,20,1,0
5441,2024-03-18 17:27:46,Classic Burger,3,45,1,0
5441,2024-03-18 17:27:46,Onion Rings,3,22,1,0
5441,2024-03-18 17:27:46,Chicken Nuggets,2,30,1,0
5442,2024-03-18 13:09:13,Classic Burger,3,45,1,0
5442,2024-03-18 13:09:13,Double Burger,2,65,1,0
5442,2024-03-18 13:09:13,Ice Cream,3,18,1,0
5442,2024-03-18 13:09:13,Chicken Nuggets,2,30,1,0
5443,2024-03-18 17:01:08,Fries,2,20,1,0
5443,2024-03-18 17:01:08,Ice Cream,1,18,1,0
5443,2024-03-18 17:01:08,Double Burger,2,65,1,0
5443,2024-03-18 17:01:08,Milkshake,2,28,1,0
5444,2024-03-18 17:44:00,Soft Drink,2,15,1,0
5444,2024-03-18 17:44:00,Milkshake,1,28,1,0
5445,2024-03-18 19:26:02,Onion Rings,1,22,1,0
5445,2024-03-18 19:26:02,Double Burger,1,65,1,0
5446,2024-03-18 18:21:36,Chicken Nuggets,1,30,1,0
5446,2024-03-18 18:21:36,Ice Cream,1,18,1,0
5446,2024-03-18 18:21:36,Double Burger,1,65,1,0
5446,2024-03-18 18:21:36,Soft Drink,3,15,1,0
5446,2024-03-18 18:21:36,Classic Burger,2,45,1,0
5447,2024-03-18 19:18:43,Double Burger,1,65,1,0
5448,2024-03-18 20:11:02,Milkshake,1,28,1,0
5448,2024-03-18 20:11:02,Onion Rings,2,22,1,0
5449,2024-03-18 23:09:16,Onion Rings,2,22,1,0
5449,2024-03-18 23:09:16,Soft Drink,1,15,1,0
5449,2024-03-18 23:09:16,Cheese Burger,3,50,1,0
5449,2024-03-18 23:09:16,Double Burger,2,65,1,0
5450,2024-03-18 17:03:41,Fries,3,20,1,0
5450,2024-03-18 17:03:41,Double Burger,3,65,1,0
5450,2024-03-18 17:03:41,Chicken Burger,1,55,1,0
5451,2024-03-18 15:37:26,Classic Burger,3,45,1,0
5451,2024-03-18 15:37:26,Soft Drink,2,15,1,0
5451,2024-03-18 15:37:26,Fries,1,20,1,0
5451,2024-03-18 15:37:26,Milkshake,2,28,1,0
5451,2024-03-18 15:37:26,Onion Rings,2,22,1,0
5452,2024-03-18 18:54:18,Double Burger,2,65,1,0
5453,2024-03-18 15:24:36,Milkshake,1,28,1,0
5454,2024-03-18 22:36:18,Ice Cream,1,18,1,0
5454,2024-03-18 22:36:18,Cheese Burger,3,50,1,0
5454,2024-03-18 22:36:18,Fries,3,20,1,0
5454,2024-03-18 22:36:18,Chicken Nuggets,2,30,1,0
5455,2024-03-18 17:17:17,Fries,3,20,1,0
5455,2024-03-18 17:17:17,Classic Burger,2,45,1,0
5455,2024-03-18 17:17:17,Ice Cream,3,18,1,0
5455,2024-03-18 17:17:17,Chicken Nuggets,2,30,1,0
5456,2024-03-18 16:11:51,Soft Drink,3,15,1,0
5456,2024-03-18 16:11:51,Milkshake,1,28,1,0
5456,2024-03-18 16:11:51,Classic Burger,2,45,1,0
5457,2024-03-18 16:39:14,Milkshake,2,28,1,0
5458,2024-03-18 20:48:16,Double Burger,1,65,1,0
5458,2024-03-18 20:48:16,Fries,1,20,1,0
5458,2024-03-18 20:48:16,Onion Rings,3,22,1,0
5458,2024-03-18 20:48:16,Classic Burger,2,45,1,0
5458,2024-03-18 20:48:16,Ice Cream,1,18,1,0
5459,2024-03-18 17:47:46,Chicken Nuggets,1,30,1,0
5459,2024-03-18 17:47:46,Fries,2,20,1,0
5459,2024-03-18 17:47:46,Soft Drink,3,15,1,0
5460,2024-03-18 16:53:46,Ice Cream,2,18,1,0
5461,2024-03-18 22:12:40,Classic Burger,3,45,1,0
5462,2024-03-18 15:25:45,Milkshake,2,28,1,0
5462,2024-03-18 15:25:45,Chicken Burger,3,55,1,0
5462,2024-03-18 15:25:45,Double Burger,1,65,1,0
5462,2024-03-18 15:25:45,Chicken Nuggets,3,30,1,0
5463,2024-03-18 18:16:52,Onion Rings,1,22,1,0
5463,2024-03-18 18:16:52,Fries,1,20,1,0
5463,2024-03-18 18:16:52,Classic Burger,3,45,1,0
5463,2024-03-18 18:16:52,Double Burger,3,65,1,0
5463,2024-03-18 18:16:52,Chicken Nuggets,2,30,1,0
5464,2024-03-18 19:11:47,Chicken Nuggets,1,30,1,0
5464,2024-03-18 19:11:47,Milkshake,1,28,1,0
5464,2024-03-18 19:11:47,Fries,1,20,1,0
5465,2024-03-18 13:33:05,Chicken Nuggets,2,30,1,0
5466,2024-03-18 19:57:52,Classic Burger,3,45,1,0
5466,2024-03-18 19:57:52,Milkshake,3,28,1,0
5466,2024-03-18 19:57:52,Soft Drink,1,15,1,0
5466,2024-03-18 19:57:52,Chicken Burger,1,55,1,0
5466,2024-03-18 19:57:52,Double Burger,3,65,1,0
5467,2024-03-18 14:54:33,Onion Rings,1,22,1,0
5467,2024-03-18 14:54:33,Ice Cream,2,18,1,0
5467,2024-03-18 14:54:33,Fries,2,20,1,0
5468,2024-03-19 21:01:00,Fries,2,20,0,0
5468,2024-03-19 21:01:00,Cheese Burger,3,50,0,0
5468,2024-03-19 21:01:00,Ice Cream,3,18,0,0
5468,2024-03-19 21:01:00,Classic Burger,3,45,0,0
5469,2024-03-19 20:19:18,Fries,1,20,0,0
5469,2024-03-19 20:19:18,Chicken Nuggets,2,30,0,0
5469,2024-03-19 20:19:18,Chicken Burger,3,55,0,0
5469,2024-03-19 20:19:18,Milkshake,3,28,0,0
5470,2024-03-19 18:10:17,Cheese Burger,1,50,0,0
5470,2024-03-19 18:10:17,Chicken Nuggets,2,30,0,0
5470,2024-03-19 18:10:17,Classic Burger,2,45,0,0
5470,2024-03-19 18:10:17,Fries,3,20,0,0
5471,2024-03-19 17:32:38,Milkshake,3,28,0,0
5472,2024-03-19 16:47:13,Fries,3,20,0,0
5472,2024-03-19 16:47:13,Chicken Burger,3,55,0,0
5473,2024-03-19 22:31:23,Fries,1,20,0,0
5473,2024-03-19 22:31:23,Soft Drink,1,15,0,0
5473,2024-03-19 22:31:23,Cheese Burger,2,50,0,0
5473,2024-03-19 22:31:23,Chicken Nuggets,2,30,0,0
5473,2024-03-19 22:31:23,Double Burger,1,65,0,0
5474,2024-03-19 15:57:36,Cheese Burger,3,50,0,0
5474,2024-03-19 15:57:36,Chicken Nuggets,1,30,0,0
5474,2024-03-19 15:57:36,Onion Rings,2,22,0,0
5475,2024-03-19 14:10:18,Chicken Burger,1,55,0,0
5475,2024-03-19 14:10:18,Soft Drink,2,15,0,0
5475,2024-03-19 14:10:18,Cheese Burger,1,50,0,0
5475,2024-03-19 14:10:18,Ice Cream,2,18,0,0
5475,2024-03-19 14:10:18,Chicken Nuggets,3,30,0,0
5476,2024-03-19 19:38:01,Onion Rings,2,22,0,0
5476,2024-03-19 19:38:01,Milkshake,1,28,0,0
5477,2024-03-19 15:58:54,Fries,1,20,0,0
5478,2024-03-19 15:12:37,Ice Cream,3,18,0,0
5478,2024-03-19 15:12:37,Chicken Nuggets,3,30,0,0
5478,2024-03-19 15:12:37,Onion Rings,1,22,0,0
5479,2024-03-19 13:41:02,Classic Burger,3,45,0,0
5480,2024-03-19 16:41:14,Milkshake,1,28,0,0
5480,2024-03-19 16:41:14,Classic Burger,1,45,0,0
5480,2024-03-19 16:41:14,Onion Rings,2,22,0,0
5481,2024-03-19 17:35:33,Chicken Burger,3,55,0,0
5481,2024-03-19 17:35:33,Soft Drink,2,15,0,0
5482,2024-03-19 18:57:02,Ice Cream,3,18,0,0
5483,2024-03-19 20:03:04,Fries,2,20,0,0
5483,2024-03-19 20:03:04,Soft Drink,2,15,0,0
5483,2024-03-19 20:03:04,Onion Rings,2,22,0,0
5484,2024-03-19 19:56:44,Classic Burger,3,45,0,0
5484,2024-03-19 19:56:44,Onion Rings,1,22,0,0
5485,2024-03-19 17:43:35,Soft Drink,1,15,0,0
5485,2024-03-19 17:43:35,Milkshake,2,28,0,0
5485,2024-03-19 17:43:35,Ice Cream,2,18,0,0
5486,2024-03-19 17:10:41,Fries,2,20,0,0
5486,2024-03-19 17:10:41,Chicken Burger,1,55,0,0
5487,2024-03-19 19:17:01,Onion Rings,1,22,0,0
5487,2024-03-19 19:17:01,Fries,2,20,0,0
5487,2024-03-19 19:17:01,Milkshake,1,28,0,0
5487,2024-03-19 19:17:01,Chicken Nuggets,1,30,0,0
5488,2024-03-19 21:00:29,Classic Burger,3,45,0,0
5488,2024-03-19 21:00:29,Soft Drink,1,15,0,0
5489,2024-03-19 18:54:38,Double Burger,3,65,0,0
5490,2024-03-19 16:30:59,Chicken Burger,1,55,0,0
5490,2024-03-19 16:30:59,Double Burger,3,65,0,0
5491,2024-03-19 15:33:06,Chicken Nuggets,3,30,0,0
5491,2024-03-19 15:33:06,Milkshake,3,28,0,0
5491,2024-03-19 15:33:06,Onion Rings,3,22,0,0
5491,2024-03-19 15:33:06,Ice Cream,3,18,0,0
5492,2024-03-19 13:00:55,Chicken Nuggets,1,30,0,0
5492,2024-03-19 13:00:55,Milkshake,3,28,0,0
5492,2024-03-19 13:00:55,Fries,3,20,0,0
5493,2024-03-19 19:21:31,Milkshake,3,28,0,0
5493,2024-03-19 19:21:31,Cheese Burger,3,50,0,0
5493,2024-03-19 19:21:31,Chicken Burger,3,55,0,0
5493,2024-03-19 19:21:31,Fries,3,20,0,0
5493,2024-03-19 19:21:31,Soft Drink,1,15,0,0
5494,2024-03-19 19:57:58,Ice Cream,3,18,0,0
5494,2024-03-19 19:57:58,Classic Burger,3,45,0,0
5494,2024-03-19 19:57:58,Fries,2,20,0,0
5494,2024-03-19 19:57:58,Milkshake,2,28,0,0
5494,2024-03-19 19:57:58,Chicken Burger,3,55,0,0
5495,2024-03-19 19:39:27,Chicken Burger,3,55,0,0
5496,2024-03-19 17:37:19,Onion Rings,1,22,0,0
5496,2024-03-19 17:37:19,Soft Drink,2,15,0,0
5496,2024-03-19 17:37:19,Milkshake,1,28,0,0
5496,2024-03-19 17:37:19,Fries,2,20,0,0
5497,2024-03-19 22:25:12,Classic Burger,1,45,0,0
5497,2024-03-19 22:25:12,Onion Rings,3,22,0,0
5498,2024-03-19 16:01:39,Classic Burger,3,45,0,0
5499,2024-03-19 20:39:01,Fries,3,20,0,0
5499,2024-03-19 20:39:01,Milkshake,2,28,0,0
5499,2024-03-19 20:39:01,Onion Rings,2,22,0,0
5499,2024-03-19 20:39:01,Classic Burger,3,45,0,0
5500,2024-03-19 17:17:33,Chicken Nuggets,2,30,0,0
5500,2024-03-19 17:17:33,Soft Drink,3,15,0,0
5500,2024-03-19 17:17:33,Chicken Burger,1,55,0,0
5500,2024-03-19 17:17:33,Ice Cream,2,18,0,0
5500,2024-03-19 17:17:33,Cheese Burger,2,50,0,0
5501,2024-03-19 16:40:23,Onion Rings,3,22,0,0
5502,2024-03-19 19:00:38,Chicken Nuggets,2,30,0,0
5502,2024-03-19 19:00:38,Ice Cream,2,18,0,0
5502,2024-03-19 19:00:38,Classic Burger,2,45,0,0
5502,2024-03-19 19:00:38,Chicken Burger,3,55,0,0
5502,2024-03-19 19:00:38,Soft Drink,3,15,0,0
5503,2024-03-19 19:28:53,Chicken Nuggets,2,30,0,0
5504,2024-03-19 19:45:31,Fries,3,20,0,0
5504,2024-03-19 19:45:31,Classic Burger,2,45,0,0
5504,2024-03-19 19:45:31,Soft Drink,1,15,0,0
5504,2024-03-19 19:45:31,Milkshake,2,28,0,0
5505,2024-03-19 18:21:02,Soft Drink,3,15,0,0
5505,2024-03-19 18:21:02,Double Burger,2,65,0,0
5505,2024-03-19 18:21:02,Cheese Burger,2,50,0,0
5506,2024-03-19 17:15:50,Onion Rings,3,22,0,0
5506,2024-03-19 17:15:50,Ice Cream,1,18,0,0
5506,2024-03-19 17:15:50,Fries,1,20,0,0
5506,2024-03-19 17:15:50,Classic Burger,1,45,0,0
5506,2024-03-19 17:15:50,Soft Drink,1,15,0,0
5507,2024-03-19 23:56:36,Chicken Nuggets,1,30,0,0
5507,2024-03-19 23:56:36,Classic Burger,2,45,0,0
5508,2024-03-19 21:51:36,Milkshake,2,28,0,0
5508,2024-03-19 21:51:36,Soft Drink,2,15,0,0
5508,2024-03-19 21:51:36,Ice Cream,2,18,0,0
5508,2024-03-19 21:51:36,Classic Burger,2,45,0,0
5508,2024-03-19 21:51:36,Cheese Burger,3,50,0,0
5509,2024-03-19 20:18:23,Onion Rings,2,22,0,0
5510,2024-03-19 18:58:37,Fries,3,20,0,0
5510,2024-03-19 18:58:37,Chicken Burger,3,55,0,0
5510,2024-03-19 18:58:37,Ice Cream,3,18,0,0
5511,2024-03-19 21:11:24,Fries,3,20,0,0
5511,2024-03-19 21:11:24,Classic Burger,2,45,0,0
5511,2024-03-19 21:11:24,Ice Cream,3,18,0,0
5511,2024-03-19 21:11:24,Soft Drink,3,15,0,0
5511,2024-03-19 21:11:24,Onion Rings,3,22,0,0
5512,2024-03-20 17:31:42,Chicken Burger,3,55,0,0
5512,2024-03-20 17:31:42,Chicken Nuggets,2,30,0,0
5512,2024-03-20 17:31:42,Fries,3,20,0,0
5513,2024-03-20 10:27:56,Ice Cream,2,18,0,0
5513,2024-03-20 10:27:56,Chicken Burger,1,55,0,0
5513,2024-03-20 10:27:56,Onion Rings,1,22,0,0
5514,2024-03-20 18:38:34,Chicken Burger,2,55,0,0
5514,2024-03-20 18:38:34,Ice Cream,3,18,0,0
5514,2024-03-20 18:38:34,Chicken Nuggets,2,30,0,0
5514,2024-03-20 18:38:34,Double Burger,3,65,0,0
5514,2024-03-20 18:38:34,Milkshake,3,28,0,0
5515,2024-03-20 16:23:57,Milkshake,3,28,0,0
5516,2024-03-20 22:21:16,Chicken Nuggets,3,30,0,0
5516,2024-03-20 22:21:16,Double Burger,3,65,0,0
5516,2024-03-20 22:21:16,Milkshake,1,28,0,0
5516,2024-03-20 22:21:16,Classic Burger,2,45,0,0
5516,2024-03-20 22:21:16,Fries,1,20,0,0
5517,2024-03-20 18:26:07,Fries,1,20,0,0
5517,2024-03-20 18:26:07,Chicken Nuggets,2,30,0,0
5518,2024-03-20 14:03:29,Classic Burger,1,45,0,0
5518,2024-03-20 14:03:29,Soft Drink,3,15,0,0
5518,2024-03-20 14:03:29,Chicken Burger,1,55,0,0
5518,2024-03-20 14:03:29,Milkshake,2,28,0,0
5519,2024-03-20 17:07:13,Double Burger,3,65,0,0
5519,2024-03-20 17:07:13,Fries,3,20,0,0
5519,2024-03-20 17:07:13,Cheese Burger,2,50,0,0
5519,2024-03-20 17:07:13,Onion Rings,2,22,0,0
5520,2024-03-20 14:05:41,Soft Drink,3,15,0,0
5521,2024-03-20 19:37:44,Chicken Burger,1,55,0,0
5521,2024-03-20 19:37:44,Ice Cream,1,18,0,0
5522,2024-03-20 18:48:37,Chicken Burger,2,55,0,0
5522,2024-03-20 18:48:37,Milkshake,1,28,0,0
5522,2024-03-20 18:48:37,Double Burger,3,65,0,0
5523,2024-03-20 20:54:08,Cheese Burger,3,50,0,0
5523,2024-03-20 20:54:08,Double Burger,2,65,0,0
5523,2024-03-20 20:54:08,Chicken Nuggets,1,30,0,0
5523,2024-03-20 20:54:08,Fries,1,20,0,0
5524,2024-03-20 15:27:43,Milkshake,1,28,0,0
5524,2024-03-20 15:27:43,Soft Drink,1,15,0,0
5525,2024-03-20 18:16:25,Milkshake,3,28,0,0
5525,2024-03-20 18:16:25,Soft Drink,3,15,0,0
5526,2024-03-20 13:27:48,Cheese Burger,2,50,0,0
5526,2024-03-20 13:27:48,Chicken Burger,2,55,0,0
5526,2024-03-20 13:27:48,Soft Drink,1,15,0,0
5527,2024-03-20 20:41:13,Soft Drink,2,15,0,0
5527,2024-03-20 20:41:13,Double Burger,1,65,0,0
5527,2024-03-20 20:41:13,Ice Cream,3,18,0,0
5527,2024-03-20 20:41:13,Fries,1,20,0,0
5527,2024-03-20 20:41:13,Classic Burger,1,45,0,0
5528,2024-03-20 19:07:14,Fries,2,20,0,0
5529,2024-03-20 19:23:04,Soft Drink,1,15,0,0
5529,2024-03-20 19:23:04,Onion Rings,3,22,0,0
5529,2024-03-20 19:23:04,Chicken Burger,2,55,0,0
5530,2024-03-20 18:23:00,Soft Drink,1,15,0,0
5530,2024-03-20 18:23:00,Milkshake,2,28,0,0
5531,2024-03-20 19:52:00,Soft Drink,3,15,0,0
5531,2024-03-20 19:52:00,Onion Rings,1,22,0,0
5531,2024-03-20 19:52:00,Fries,2,20,0,0
5531,2024-03-20 19:52:00,Classic Burger,1,45,0,0
5531,2024-03-20 19:52:00,Cheese Burger,2,50,0,0
5532,2024-03-20 22:57:02,Ice Cream,3,18,0,0
5532,2024-03-20 22:57:02,Chicken Burger,1,55,0,0
5532,2024-03-20 22:57:02,Onion Rings,3,22,0,0
5533,2024-03-20 17:19:01,Onion Rings,2,22,0,0
5533,2024-03-20 17:19:01,Cheese Burger,1,50,0,0
5533,2024-03-20 17:19:01,Fries,2,20,0,0
5533,2024-03-20 17:19:01,Double Burger,1,65,0,0
5534,2024-03-20 18:17:58,Onion Rings,3,22,0,0
5534,2024-03-20 18:17:58,Cheese Burger,1,50,0,0
5535,2024-03-20 14:34:18,Ice Cream,3,18,0,0
5535,2024-03-20 14:34:18,Chicken Nuggets,2,30,0,0
5536,2024-03-20 15:10:21,Onion Rings,2,22,0,0
5536,2024-03-20 15:10:21,Chicken Nuggets,3,30,0,0
5536,2024-03-20 15:10:21,Soft Drink,2,15,0,0
5537,2024-03-20 18:09:37,Fries,3,20,0,0
5537,2024-03-20 18:09:37,Classic Burger,2,45,0,0
5537,2024-03-20 18:09:37,Chicken Nuggets,2,30,0,0
5538,2024-03-20 21:37:24,Chicken Burger,2,55,0,0
5539,2024-03-20 17:07:14,Soft Drink,1,15,0,0
5540,2024-03-20 17:35:52,Double Burger,2,65,0,0
5540,2024-03-20 17:35:52,Milkshake,1,28,0,0
5540,2024-03-20 17:35:52,Classic Burger,1,45,0,0
5540,2024-03-20 17:35:52,Chicken Burger,3,55,0,0
5541,2024-03-20 16:28:00,Chicken Burger,3,55,0,0
5541,2024-03-20 16:28:00,Chicken Nuggets,1,30,0,0
5541,2024-03-20 16:28:00,Cheese Burger,3,50,0,0
5542,2024-03-20 16:11:50,Chicken Burger,3,55,0,0
5543,2024-03-20 18:44:23,Chicken Burger,2,55,0,0
5544,2024-03-20 13:01:43,Ice Cream,3,18,0,0
5544,2024-03-20 13:01:43,Onion Rings,3,22,0,0
5544,2024-03-20 13:01:43,Soft Drink,3,15,0,0
5545,2024-03-20 21:14:44,Chicken Burger,2,55,0,0
5545,2024-03-20 21:14:44,Double Burger,2,65,0,0
5546,2024-03-20 16:12:12,Chicken Burger,2,55,0,0
5546,2024-03-20 16:12:12,Chicken Nuggets,3,30,0,0
5546,2024-03-20 16:12:12,Cheese Burger,1,50,0,0
5546,2024-03-20 16:12:12,Milkshake,3,28,0,0
5546,2024-03-20 16:12:12,Onion Rings,2,22,0,0
5547,2024-03-20 20:32:15,Cheese Burger,1,50,0,0
5547,2024-03-20 20:32:15,Ice Cream,3,18,0,0
5548,2024-03-20 14:16:12,Fries,3,20,0,0
5548,2024-03-20 14:16:12,Double Burger,2,65,0,0
5548,2024-03-20 14:16:12,Classic Burger,1,45,0,0
5548,2024-03-20 14:16:12,Chicken Burger,1,55,0,0
5548,2024-03-20 14:16:12,Chicken Nuggets,3,30,0,0
5549,2024-03-20 20:30:16,Onion Rings,1,22,0,0
5549,2024-03-20 20:30:16,Chicken Burger,3,55,0,0
5549,2024-03-20 20:30:16,Ice Cream,1,18,0,0
5549,2024-03-20 20:30:16,Chicken Nuggets,3,30,0,0
5550,2024-03-20 20:16:45,Soft Drink,2,15,0,0
5550,2024-03-20 20:16:45,Cheese Burger,3,50,0,0
5551,2024-03-20 19:57:53,Chicken Nuggets,1,30,0,0
5552,2024-03-20 15:25:53,Cheese Burger,3,50,0,0
5552,2024-03-20 15:25:53,Chicken Burger,1,55,0,0
5553,2024-03-20 18:59:50,Onion Rings,1,22,0,0
5553,2024-03-20 18:59:50,Ice Cream,1,18,0,0
5553,2024-03-20 18:59:50,Double Burger,2,65,0,0
5554,2024-03-20 14:38:09,Onion Rings,2,22,0,0
5555,2024-03-21 18:54:39,Onion Rings,3,22,1,0
5555,2024-03-21 18:54:39,Cheese Burger,1,50,1,0
5555,2024-03-21 18:54:39,Ice Cream,2,18,1,0
5555,2024-03-21 18:54:39,Soft Drink,2,15,1,0
5556,2024-03-21 15:43:21,Double Burger,1,65,1,0
5556,2024-03-21 15:43:21,Chicken Nuggets,1,30,1,0
5557,2024-03-21 19:48:00,Chicken Burger,1,55,1,0
5558,2024-03-21 18:34:46,Cheese Burger,2,50,1,0
5558,2024-03-21 18:34:46,Chicken Nuggets,2,30,1,0
5558,2024-03-21 18:34:46,Double Burger,3,65,1,0
5559,2024-03-21 11:01:07,Chicken Nuggets,2,30,1,0
5559,2024-03-21 11:01:07,Onion Rings,1,22,1,0
5559,2024-03-21 11:01:07,Soft Drink,2,15,1,0
5559,2024-03-21 11:01:07,Cheese Burger,1,50,1,0
5560,2024-03-21 20:44:41,Milkshake,1,28,1,0
5561,2024-03-21 17:09:36,Classic Burger,2,45,1,0
5561,2024-03-21 17:09:36,Chicken Nuggets,1,30,1,0
5562,2024-03-21 21:44:00,Milkshake,3,28,1,0
5562,2024-03-21 21:44:00,Fries,1,20,1,0
5563,2024-03-21 14:15:21,Classic Burger,1,45,1,0
5564,2024-03-21 10:22:13,Soft Drink,1,15,1,0
5564,2024-03-21 10:22:13,Double Burger,2,65,1,0
5565,2024-03-21 18:03:55,Milkshake,1,28,1,0
5565,2024-03-21 18:03:55,Onion Rings,2,22,1,0
5565,2024-03-21 18:03:55,Classic Burger,2,45,1,0
5565,2024-03-21 18:03:55,Chicken Burger,1,55,1,0
5565,2024-03-21 18:03:55,Cheese Burger,2,50,1,0
5566,2024-03-21 18:27:18,Double Burger,1,65,1,0
5566,2024-03-21 18:27:18,Cheese Burger,1,50,1,0
5566,2024-03-21 18:27:18,Soft Drink,1,15,1,0
5566,2024-03-21 18:27:18,Fries,1,20,1,0
5566,2024-03-21 18:27:18,Chicken Nuggets,1,30,1,0
5567,2024-03-21 12:12:56,Classic Burger,3,45,1,0
5567,2024-03-21 12:12:56,Soft Drink,2,15,1,0
5568,2024-03-21 15:57:02,Double Burger,3,65,1,0
5568,2024-03-21 15:57:02,Classic Burger,1,45,1,0
5568,2024-03-21 15:57:02,Fries,3,20,1,0
5568,2024-03-21 15:57:02,Soft Drink,2,15,1,0
5569,2024-03-21 23:32:22,Chicken Burger,1,55,1,0
5569,2024-03-21 23:32:22,Cheese Burger,3,50,1,0
5569,2024-03-21 23:32:22,Milkshake,3,28,1,0
5570,2024-03-21 17:26:42,Double Burger,3,65,1,0
5570,2024-03-21 17:26:42,Chicken Burger,3,55,1,0
5570,2024-03-21 17:26:42,Chicken Nuggets,3,30,1,0
5570,2024-03-21 17:26:42,Soft Drink,2,15,1,0
5570,2024-03-21 17:26:42,Ice Cream,3,18,1,0
5571,2024-03-21 20:54:35,Classic Burger,2,45,1,0
5572,2024-03-21 16:25:42,Soft Drink,1,15,1,0
5572,2024-03-21 16:25:42,Ice Cream,3,18,1,0
5572,2024-03-21 16:25:42,Double Burger,2,65,1,0
5572,2024-03-21 16:25:42,Milkshake,3,28,1,0
5573,2024-03-21 11:31:16,Milkshake,1,28,1,0
5573,2024-03-21 11:31:16,Cheese Burger,1,50,1,0
5574,2024-03-21 17:38:40,Classic Burger,3,45,1,0
5574,2024-03-21 17:38:40,Double Burger,1,65,1,0
5574,2024-03-21 17:38:40,Chicken Nuggets,1,30,1,0
5574,2024-03-21 17:38:40,Cheese Burger,2,50,1,0
5575,2024-03-21 17:21:21,Chicken Nuggets,2,30,1,0
5575,2024-03-21 17:21:21,Soft Drink,2,15,1,0
5575,2024-03-21 17:21:21,Chicken Burger,2,55,1,0
5575,2024-03-21 17:21:21,Cheese Burger,2,50,1,0
5575,2024-03-21 17:21:21,Milkshake,3,28,1,0
5576,2024-03-21 16:48:01,Classic Burger,1,45,1,0
5576,2024-03-21 16:48:01,Double Burger,3,65,1,0
5576,2024-03-21 16:48:01,Fries,1,20,1,0
5577,2024-03-21 17:30:08,Classic Burger,1,45,1,0
5577,2024-03-21 17:30:08,Double Burger,2,65,1,0
5578,2024-03-21 18:39:12,Cheese Burger,1,50,1,0
5578,2024-03-21 18:39:12,Classic Burger,1,45,1,0
5578,2024-03-21 18:39:12,Soft Drink,1,15,1,0
5579,2024-03-21 17:22:11,Chicken Burger,3,55,1,0
5580,2024-03-21 14:35:07,Chicken Burger,1,55,1,0
5581,2024-03-21 19:26:53,Double Burger,2,65,1,0
5581,2024-03-21 19:26:53,Milkshake,1,28,1,0
5581,2024-03-21 19:26:53,Classic Burger,1,45,1,0
5581,2024-03-21 19:26:53,Ice Cream,2,18,1,0
5582,2024-03-21 12:37:42,Ice Cream,1,18,1,0
5582,2024-03-21 12:37:42,Soft Drink,1,15,1,0
5582,2024-03-21 12:37:42,Onion Rings,1,22,1,0
5583,2024-03-21 11:34:24,Soft Drink,1,15,1,0
5583,2024-03-21 11:34:24,Cheese Burger,3,50,1,0
5584,2024-03-21 20:19:22,Fries,3,20,1,0
5584,2024-03-21 20:19:22,Milkshake,1,28,1,0
5585,2024-03-21 19:27:12,Chicken Nuggets,3,30,1,0
5585,2024-03-21 19:27:12,Cheese Burger,2,50,1,0
5585,2024-03-21 19:27:12,Classic Burger,3,45,1,0
5585,2024-03-21 19:27:12,Milkshake,3,28,1,0
5586,2024-03-21 17:41:52,Soft Drink,2,15,1,0
5586,2024-03-21 17:41:52,Double Burger,3,65,1,0
5586,2024-03-21 17:41:52,Cheese Burger,2,50,1,0
5586,2024-03-21 17:41:52,Ice Cream,2,18,1,0
5586,2024-03-21 17:41:52,Milkshake,2,28,1,0
5587,2024-03-21 13:19:12,Cheese Burger,1,50,1,0
5587,2024-03-21 13:19:12,Chicken Burger,2,55,1,0
5587,2024-03-21 13:19:12,Onion Rings,1,22,1,0
5588,2024-03-21 15:12:23,Chicken Burger,1,55,1,0
5588,2024-03-21 15:12:23,Soft Drink,2,15,1,0
5588,2024-03-21 15:12:23,Onion Rings,1,22,1,0
5588,2024-03-21 15:12:23,Double Burger,3,65,1,0
5589,2024-03-21 17:10:08,Double Burger,2,65,1,0
5589,2024-03-21 17:10:08,Chicken Nuggets,3,30,1,0
5589,2024-03-21 17:10:08,Classic Burger,3,45,1,0
5589,2024-03-21 17:10:08,Chicken Burger,2,55,1,0
5589,2024-03-21 17:10:08,Soft Drink,3,15,1,0
5590,2024-03-21 13:47:14,Cheese Burger,2,50,1,0
5590,2024-03-21 13:47:14,Fries,2,20,1,0
5590,2024-03-21 13:47:14,Double Burger,1,65,1,0
5590,2024-03-21 13:47:14,Ice Cream,2,18,1,0
5591,2024-03-21 15:00:27,Cheese Burger,3,50,1,0
5591,2024-03-21 15:00:27,Soft Drink,1,15,1,0
5591,2024-03-21 15:00:27,Onion Rings,3,22,1,0
5592,2024-03-21 19:39:32,Ice Cream,2,18,1,0
5592,2024-03-21 19:39:32,Classic Burger,1,45,1,0
5592,2024-03-21 19:39:32,Chicken Nuggets,2,30,1,0
5592,2024-03-21 19:39:32,Onion Rings,2,22,1,0
5593,2024-03-21 22:53:37,Onion Rings,1,22,1,0
5593,2024-03-21 22:53:37,Classic Burger,3,45,1,0
5593,2024-03-21 22:53:37,Milkshake,2,28,1,0
5593,2024-03-21 22:53:37,Fries,2,20,1,0
5594,2024-03-21 16:14:54,Chicken Burger,2,55,1,0
5594,2024-03-21 16:14:54,Chicken Nuggets,3,30,1,0
5595,2024-03-21 20:10:39,Onion Rings,1,22,1,0
5595,2024-03-21 20:10:39,Soft Drink,2,15,1,0
5595,2024-03-21 20:10:39,Cheese Burger,2,50,1,0
5596,2024-03-21 12:48:26,Onion Rings,3,22,1,0
5597,2024-03-21 19:13:08,Cheese Burger,2,50,1,0
5597,2024-03-21 19:13:08,Ice Cream,2,18,1,0
5597,2024-03-21 19:13:08,Chicken Burger,1,55,1,0
5598,2024-03-21 15:22:28,Soft Drink,3,15,1,0
5598,2024-03-21 15:22:28,Cheese Burger,2,50,1,0
5599,2024-03-21 18:17:07,Chicken Burger,2,55,1,0
5600,2024-03-21 17:17:29,Ice Cream,1,18,1,0
5601,2024-03-21 21:57:18,Chicken Nuggets,2,30,1,0
5601,2024-03-21 21:57:18,Soft Drink,1,15,1,0
5602,2024-03-21 15:41:55,Chicken Nuggets,2,30,1,0
5602,2024-03-21 15:41:55,Chicken Burger,1,55,1,0
5602,2024-03-21 15:41:55,Milkshake,2,28,1,0
5602,2024-03-21 15:41:55,Soft Drink,1,15,1,0
5602,2024-03-21 15:41:55,Cheese Burger,2,50,1,0
5603,2024-03-22 17:39:51,Onion Rings,3,22,1,0
5603,2024-03-22 17:39:51,Chicken Burger,2,55,1,0
5604,2024-03-22 15:25:56,Cheese Burger,3,50,1,0
5604,2024-03-22 15:25:56,Classic Burger,2,45,1,0
5604,2024-03-22 15:25:56,Fries,1,20,1,0
5604,2024-03-22 15:25:56,Milkshake,3,28,1,0
5605,2024-03-22 17:05:28,Cheese Burger,1,50,1,0
5605,2024-03-22 17:05:28,Chicken Burger,1,55,1,0
5606,2024-03-22 17:05:11,Cheese Burger,3,50,1,0
5606,2024-03-22 17:05:11,Ice Cream,2,18,1,0
5606,2024-03-22 17:05:11,Classic Burger,3,45,1,0
5606,2024-03-22 17:05:11,Soft Drink,3,15,1,0
5606,2024-03-22 17:05:11,Double Burger,3,65,1,0
5607,2024-03-22 18:12:55,Chicken Nuggets,3,30,1,0
5607,2024-03-22 18:12:55,Chicken Burger,3,55,1,0
5608,2024-03-22 18:56:13,Classic Burger,1,45,1,0
5608,2024-03-22 18:56:13,Double Burger,2,65,1,0
5608,2024-03-22 18:56:13,Onion Rings,1,22,1,0
5608,2024-03-22 18:56:13,Soft Drink,2,15,1,0
5609,2024-03-22 20:03:55,Onion Rings,3,22,1,0
5609,2024-03-22 20:03:55,Fries,3,20,1,0
5609,2024-03-22 20:03:55,Classic Burger,1,45,1,0
5609,2024-03-22 20:03:55,Milkshake,3,28,1,0
5610,2024-03-22 20:54:26,Soft Drink,2,15,1,0
5610,2024-03-22 20:54:26,Milkshake,2,28,1,0
5611,2024-03-22 14:46:38,Fries,2,20,1,0
5611,2024-03-22 14:46:38,Classic Burger,2,45,1,0
5612,2024-03-22 20:24:40,Double Burger,1,65,1,0
5612,2024-03-22 20:24:40,Chicken Nuggets,1,30,1,0
5612,2024-03-22 20:24:40,Milkshake,3,28,1,0
5612,2024-03-22 20:24:40,Classic Burger,2,45,1,0
5613,2024-03-22 14:15:09,Ice Cream,1,18,1,0
5613,2024-03-22 14:15:09,Chicken Burger,2,55,1,0
5613,2024-03-22 14:15:09,Milkshake,2,28,1,0
5613,2024-03-22 14:15:09,Chicken Nuggets,3,30,1,0
5614,2024-03-22 19:20:57,Cheese Burger,3,50,1,0
5614,2024-03-22 19:20:57,Soft Drink,3,15,1,0
5615,2024-03-22 19:19:48,Cheese Burger,2,50,1,0
5615,2024-03-22 19:19:48,Double Burger,3,65,1,0
5616,2024-03-22 12:58:56,Classic Burger,2,45,1,0
5616,2024-03-22 12:58:56,Fries,3,20,1,0
5616,2024-03-22 12:58:56,Chicken Nuggets,2,30,1,0
5617,2024-03-22 18:30:03,Cheese Burger,3,50,1,0
5617,2024-03-22 18:30:03,Fries,3,20,1,0
5617,2024-03-22 18:30:03,Soft Drink,2,15,1,0
5617,2024-03-22 18:30:03,Milkshake,2,28,1,0
5617,2024-03-22 18:30:03,Onion Rings,3,22,1,0
5618,2024-03-22 16:17:20,Milkshake,1,28,1,0
5618,2024-03-22 16:17:20,Onion Rings,3,22,1,0
5618,2024-03-22 16:17:20,Classic Burger,3,45,1,0
5618,2024-03-22 16:17:20,Double Burger,3,65,1,0
5619,2024-03-22 15:44:19,Ice Cream,3,18,1,0
5620,2024-03-22 22:32:14,Ice Cream,1,18,1,0
5620,2024-03-22 22:32:14,Fries,1,20,1,0
5621,2024-03-22 16:34:22,Double Burger,2,65,1,0
5621,2024-03-22 16:34:22,Cheese Burger,1,50,1,0
5621,2024-03-22 16:34:22,Soft Drink,1,15,1,0
5621,2024-03-22 16:34:22,Chicken Nuggets,1,30,1,0
5621,2024-03-22 16:34:22,Classic Burger,1,45,1,0
5622,2024-03-22 15:39:01,Soft Drink,2,15,1,0
5622,2024-03-22 15:39:01,Ice Cream,3,18,1,0
5623,2024-03-22 18:35:29,Cheese Burger,3,50,1,0
5623,2024-03-22 18:35:29,Soft Drink,3,15,1,0
5623,2024-03-22 18:35:29,Fries,2,20,1,0
5623,2024-03-22 18:35:29,Chicken Nuggets,3,30,1,0
5624,2024-03-22 20:41:44,Ice Cream,3,18,1,0
5624,2024-03-22 20:41:44,Soft Drink,2,15,1,0
5624,2024-03-22 20:41:44,Fries,1,20,1,0
5624,2024-03-22 20:41:44,Onion Rings,3,22,1,0
5625,2024-03-22 17:28:32,Milkshake,3,28,1,0
5625,2024-03-22 17:28:32,Classic Burger,1,45,1,0
5625,2024-03-22 17:28:32,Double Burger,1,65,1,0
5625,2024-03-22 17:28:32,Fries,3,20,1,0
5625,2024-03-22 17:28:32,Ice Cream,1,18,1,0
5626,2024-03-22 21:55:20,Cheese Burger,2,50,1,0
5626,2024-03-22 21:55:20,Chicken Nuggets,2,30,1,0
5627,2024-03-22 19:24:44,Soft Drink,1,15,1,0
5627,2024-03-22 19:24:44,Cheese Burger,3,50,1,0
5627,2024-03-22 19:24:44,Milkshake,3,28,1,0
5627,2024-03-22 19:24:44,Onion Rings,3,22,1,0
5627,2024-03-22 19:24:44,Classic Burger,2,45,1,0
5628,2024-03-22 11:07:56,Onion Rings,3,22,1,0
5628,2024-03-22 11:07:56,Classic Burger,1,45,1,0
5628,2024-03-22 11:07:56,Fries,1,20,1,0
5628,2024-03-22 11:07:56,Ice Cream,1,18,1,0
5628,2024-03-22 11:07:56,Cheese Burger,1,50,1,0
5629,2024-03-22 16:09:07,Onion Rings,3,22,1,0
5629,2024-03-22 16:09:07,Milkshake,3,28,1,0
5629,2024-03-22 16:09:07,Chicken Burger,1,55,1,0
5630,2024-03-22 16:50:06,Onion Rings,1,22,1,0
5631,2024-03-22 19:47:10,Cheese Burger,3,50,1,0
5632,2024-03-22 10:09:18,Milkshake,3,28,1,0
5632,2024-03-22 10:09:18,Fries,3,20,1,0
5632,2024-03-22 10:09:18,Chicken Nuggets,1,30,1,0
5632,2024-03-22 10:09:18,Onion Rings,2,22,1,0
5633,2024-03-22 23:50:42,Milkshake,2,28,1,0
5633,2024-03-22 23:50:42,Double Burger,1,65,1,0
5634,2024-03-22 19:22:23,Chicken Nuggets,1,30,1,0
5635,2024-03-22 18:51:04,Soft Drink,2,15,1,0
5635,2024-03-22 18:51:04,Ice Cream,3,18,1,0
5635,2024-03-22 18:51:04,Classic Burger,1,45,1,0
5636,2024-03-22 21:46:49,Cheese Burger,1,50,1,0
5636,2024-03-22 21:46:49,Onion Rings,1,22,1,0
5637,2024-03-22 23:04:47,Chicken Burger,1,55,1,0
5638,2024-03-22 20:44:44,Cheese Burger,2,50,1,0
5638,2024-03-22 20:44:44,Onion Rings,1,22,1,0
5638,2024-03-22 20:44:44,Soft Drink,1,15,1,0
5639,2024-03-22 20:34:17,Fries,1,20,1,0
5639,2024-03-22 20:34:17,Classic Burger,3,45,1,0
5639,2024-03-22 20:34:17,Soft Drink,1,15,1,0
5639,2024-03-22 20:34:17,Ice Cream,3,18,1,0
5640,2024-03-22 18:32:37,Fries,1,20,1,0
5640,2024-03-22 18:32:37,Cheese Burger,1,50,1,0
5640,2024-03-22 18:32:37,Double Burger,1,65,1,0
5640,2024-03-22 18:32:37,Soft Drink,3,15,1,0
5640,2024-03-22 18:32:37,Chicken Nuggets,2,30,1,0
5641,2024-03-22 17:56:37,Classic Burger,2,45,1,0
5641,2024-03-22 17:56:37,Ice Cream,3,18,1,0
5641,2024-03-22 17:56:37,Chicken Nuggets,1,30,1,0
5641,2024-03-22 17:56:37,Chicken Burger,3,55,1,0
5641,2024-03-22 17:56:37,Fries,1,20,1,0
5642,2024-03-22 16:18:09,Chicken Nuggets,2,30,1,0
5643,2024-03-22 15:49:15,Chicken Burger,2,55,1,0
5643,2024-03-22 15:49:15,Onion Rings,1,22,1,0
5644,2024-03-22 15:21:29,Cheese Burger,2,50,1,0
5644,2024-03-22 15:21:29,Chicken Nuggets,1,30,1,0
5644,2024-03-22 15:21:29,Double Burger,1,65,1,0
5644,2024-03-22 15:21:29,Chicken Burger,3,55,1,0
5645,2024-03-22 13:48:24,Milkshake,3,28,1,0
5645,2024-03-22 13:48:24,Chicken Burger,3,55,1,0
5645,2024-03-22 13:48:24,Classic Burger,3,45,1,0
5646,2024-03-22 17:45:24,Onion Rings,3,22,1,0
5646,2024-03-22 17:45:24,Classic Burger,1,45,1,0
5647,2024-03-22 12:33:10,Double Burger,3,65,1,0
5647,2024-03-22 12:33:10,Soft Drink,1,15,1,0
5647,2024-03-22 12:33:10,Chicken Nuggets,2,30,1,0
5647,2024-03-22 12:33:10,Ice Cream,2,18,1,0
5647,2024-03-22 12:33:10,Cheese Burger,2,50,1,0
5648,2024-03-22 18:53:44,Double Burger,2,65,1,0
5648,2024-03-22 18:53:44,Chicken Burger,3,55,1,0
5648,2024-03-22 18:53:44,Classic Burger,3,45,1,0
5648,2024-03-22 18:53:44,Chicken Nuggets,3,30,1,0
5648,2024-03-22 18:53:44,Milkshake,2,28,1,0
5649,2024-03-22 17:20:55,Classic Burger,3,45,1,0
5649,2024-03-22 17:20:55,Fries,2,20,1,0
5649,2024-03-22 17:20:55,Chicken Nuggets,1,30,1,0
5649,2024-03-22 17:20:55,Milkshake,2,28,1,0
5650,2024-03-22 18:44:24,Double Burger,2,65,1,0
5651,2024-03-23 23:02:30,Cheese Burger,3,50,0,0
5651,2024-03-23 23:02:30,Soft Drink,3,15,0,0
5651,2024-03-23 23:02:30,Milkshake,1,28,0,0
5651,2024-03-23 23:02:30,Classic Burger,2,45,0,0
5652,2024-03-23 22:54:14,Chicken Nuggets,1,30,0,0
5652,2024-03-23 22:54:14,Classic Burger,1,45,0,0
5652,2024-03-23 22:54:14,Double Burger,1,65,0,0
5652,2024-03-23 22:54:14,Chicken Burger,1,55,0,0
5652,2024-03-23 22:54:14,Ice Cream,1,18,0,0
5653,2024-03-23 14:57:13,Classic Burger,1,45,0,0
5654,2024-03-23 18:52:46,Fries,1,20,0,0
5655,2024-03-23 16:20:22,Soft Drink,2,15,0,0
5656,2024-03-23 14:35:43,Double Burger,3,65,0,0
5656,2024-03-23 14:35:43,Ice Cream,1,18,0,0
5656,2024-03-23 14:35:43,Cheese Burger,2,50,0,0
5657,2024-03-23 13:03:54,Onion Rings,1,22,0,0
5657,2024-03-23 13:03:54,Soft Drink,2,15,0,0
5657,2024-03-23 13:03:54,Ice Cream,1,18,0,0
5658,2024-03-23 19:36:30,Milkshake,2,28,0,0
5658,2024-03-23 19:36:30,Cheese Burger,2,50,0,0
5659,2024-03-23 15:09:38,Soft Drink,1,15,0,0
5659,2024-03-23 15:09:38,Chicken Burger,2,55,0,0
5659,2024-03-23 15:09:38,Fries,1,20,0,0
5659,2024-03-23 15:09:38,Double Burger,1,65,0,0
5660,2024-03-23 20:19:40,Cheese Burger,1,50,0,0
5660,2024-03-23 20:19:40,Double Burger,1,65,0,0
5660,2024-03-23 20:19:40,Fries,2,20,0,0
5661,2024-03-23 20:53:17,Milkshake,2,28,0,0
5662,2024-03-23 22:26:00,Milkshake,2,28,0,0
5662,2024-03-23 22:26:00,Onion Rings,2,22,0,0
5662,2024-03-23 22:26:00,Cheese Burger,2,50,0,0
5663,2024-03-23 15:33:13,Soft Drink,1,15,0,0
5663,2024-03-23 15:33:13,Double Burger,3,65,0,0
5663,2024-03-23 15:33:13,Chicken Nuggets,2,30,0,0
5664,2024-03-23 19:40:55,Chicken Burger,3,55,0,0
5664,2024-03-23 19:40:55,Cheese Burger,2,50,0,0
5664,2024-03-23 19:40:55,Ice Cream,1,18,0,0
5664,2024-03-23 19:40:55,Milkshake,1,28,0,0
5664,2024-03-23 19:40:55,Classic Burger,2,45,0,0
5665,2024-03-23 19:35:15,Chicken Nuggets,2,30,0,0
5665,2024-03-23 19:35:15,Soft Drink,1,15,0,0
5665,2024-03-23 19:35:15,Onion Rings,3,22,0,0
5665,2024-03-23 19:35:15,Chicken Burger,1,55,0,0
5665,2024-03-23 19:35:15,Milkshake,1,28,0,0
5666,2024-03-23 16:50:31,Onion Rings,2,22,0,0
5666,2024-03-23 16:50:31,Double Burger,2,65,0,0
5667,2024-03-23 15:11:21,Chicken Nuggets,1,30,0,0
5668,2024-03-23 22:26:40,Chicken Burger,3,55,0,0
5668,2024-03-23 22:26:40,Fries,1,20,0,0
5668,2024-03-23 22:26:40,Ice Cream,2,18,0,0
5668,2024-03-23 22:26:40,Onion Rings,1,22,0,0
5669,2024-03-23 18:53:45,Soft Drink,3,15,0,0
5670,2024-03-23 19:30:31,Soft Drink,1,15,0,0
5671,2024-03-23 15:35:35,Soft Drink,2,15,0,0
5671,2024-03-23 15:35:35,Ice Cream,2,18,0,0
5671,2024-03-23 15:35:35,Chicken Nuggets,3,30,0,0
5671,2024-03-23 15:35:35,Chicken Burger,2,55,0,0
5671,2024-03-23 15:35:35,Cheese Burger,1,50,0,0
5672,2024-03-23 14:46:09,Double Burger,3,65,0,0
5672,2024-03-23 14:46:09,Fries,2,20,0,0
5672,2024-03-23 14:46:09,Classic Burger,2,45,0,0
5672,2024-03-23 14:46:09,Soft Drink,3,15,0,0
5673,2024-03-23 16:40:56,Chicken Nuggets,1,30,0,0
5673,2024-03-23 16:40:56,Cheese Burger,2,50,0,0
5673,2024-03-23 16:40:56,Soft Drink,1,15,0,0
5673,2024-03-23 16:40:56,Classic Burger,3,45,0,0
5673,2024-03-23 16:40:56,Onion Rings,1,22,0,0
5674,2024-03-23 17:32:06,Classic Burger,2,45,0,0
5675,2024-03-23 14:34:00,Classic Burger,2,45,0,0
5675,2024-03-23 14:34:00,Soft Drink,3,15,0,0
5675,2024-03-23 14:34:00,Cheese Burger,2,50,0,0
5675,2024-03-23 14:34:00,Ice Cream,3,18,0,0
5675,2024-03-23 14:34:00,Chicken Nuggets,1,30,0,0
5676,2024-03-23 17:25:35,Soft Drink,1,15,0,0
5676,2024-03-23 17:25:35,Ice Cream,1,18,0,0
5676,2024-03-23 17:25:35,Milkshake,2,28,0,0
5676,2024-03-23 17:25:35,Classic Burger,1,45,0,0
5677,2024-03-23 12:08:51,Onion Rings,1,22,0,0
5677,2024-03-23 12:08:51,Classic Burger,1,45,0,0
5677,2024-03-23 12:08:51,Fries,1,20,0,0
5678,2024-03-23 14:18:02,Chicken Nuggets,1,30,0,0
5678,2024-03-23 14:18:02,Double Burger,3,65,0,0
5678,2024-03-23 14:18:02,Fries,3,20,0,0
5678,2024-03-23 14:18:02,Ice Cream,2,18,0,0
5678,2024-03-23 14:18:02,Classic Burger,3,45,0,0
5679,2024-03-23 20:45:08,Classic Burger,3,45,0,0
5679,2024-03-23 20:45:08,Ice Cream,2,18,0,0
5679,2024-03-23 20:45:08,Onion Rings,3,22,0,0
5680,2024-03-23 19:20:22,Fries,3,20,0,0
5680,2024-03-23 19:20:22,Chicken Burger,3,55,0,0
5680,2024-03-23 19:20:22,Chicken Nuggets,2,30,0,0
5681,2024-03-23 16:33:50,Onion Rings,2,22,0,0
5681,2024-03-23 16:33:50,Chicken Burger,3,55,0,0
5681,2024-03-23 16:33:50,Milkshake,3,28,0,0
5682,2024-03-23 14:04:57,Milkshake,2,28,0,0
5682,2024-03-23 14:04:57,Soft Drink,1,15,0,0
5682,2024-03-23 14:04:57,Onion Rings,1,22,0,0
5683,2024-03-23 14:42:07,Cheese Burger,2,50,0,0
5683,2024-03-23 14:42:07,Onion Rings,3,22,0,0
5683,2024-03-23 14:42:07,Fries,2,20,0,0
5683,2024-03-23 14:42:07,Double Burger,3,65,0,0
5684,2024-03-23 16:09:38,Soft Drink,2,15,0,0
5684,2024-03-23 16:09:38,Milkshake,2,28,0,0
5685,2024-03-23 19:27:49,Fries,3,20,0,0
5686,2024-03-23 20:18:24,Cheese Burger,2,50,0,0
5686,2024-03-23 20:18:24,Classic Burger,3,45,0,0
5686,2024-03-23 20:18:24,Ice Cream,1,18,0,0
5686,2024-03-23 20:18:24,Fries,1,20,0,0
5687,2024-03-23 16:05:17,Cheese Burger,1,50,0,0
5687,2024-03-23 16:05:17,Double Burger,3,65,0,0
5688,2024-03-23 14:42:16,Fries,3,20,0,0
5688,2024-03-23 14:42:16,Cheese Burger,1,50,0,0
5688,2024-03-23 14:42:16,Classic Burger,2,45,0,0
5688,2024-03-23 14:42:16,Chicken Nuggets,1,30,0,0
5688,2024-03-23 14:42:16,Onion Rings,2,22,0,0
5689,2024-03-23 18:24:42,Classic Burger,1,45,0,0
5689,2024-03-23 18:24:42,Cheese Burger,2,50,0,0
5689,2024-03-23 18:24:42,Chicken Burger,3,55,0,0
5690,2024-03-23 15:22:36,Onion Rings,2,22,0,0
5691,2024-03-23 16:48:24,Onion Rings,1,22,0,0
5691,2024-03-23 16:48:24,Milkshake,3,28,0,0
5691,2024-03-23 16:48:24,Soft Drink,2,15,0,0
5691,2024-03-23 16:48:24,Double Burger,1,65,0,0
5692,2024-03-23 21:59:47,Chicken Nuggets,1,30,0,0
5692,2024-03-23 21:59:47,Onion Rings,1,22,0,0
5692,2024-03-23 21:59:47,Ice Cream,1,18,0,0
5693,2024-03-23 20:35:15,Chicken Nuggets,3,30,0,0
5693,2024-03-23 20:35:15,Soft Drink,3,15,0,0
5693,2024-03-23 20:35:15,Classic Burger,3,45,0,0
5693,2024-03-23 20:35:15,Cheese Burger,2,50,0,0
5694,2024-03-23 18:29:35,Classic Burger,1,45,0,0
5694,2024-03-23 18:29:35,Chicken Nuggets,2,30,0,0
5694,2024-03-23 18:29:35,Onion Rings,2,22,0,0
5695,2024-03-23 14:40:34,Chicken Burger,2,55,0,0
5696,2024-03-23 18:42:26,Double Burger,3,65,0,0
5696,2024-03-23 18:42:26,Soft Drink,1,15,0,0
5696,2024-03-23 18:42:26,Onion Rings,3,22,0,0
5696,2024-03-23 18:42:26,Classic Burger,3,45,0,0
5697,2024-03-23 21:36:59,Cheese Burger,2,50,0,0
5697,2024-03-23 21:36:59,Classic Burger,3,45,0,0
5697,2024-03-23 21:36:59,Soft Drink,1,15,0,0
5698,2024-03-23 16:37:21,Cheese Burger,1,50,0,0
5698,2024-03-23 16:37:21,Fries,1,20,0,0
5698,2024-03-23 16:37:21,Chicken Nuggets,2,30,0,0
5699,2024-03-23 22:31:32,Fries,3,20,0,0
5699,2024-03-23 22:31:32,Ice Cream,3,18,0,0
5700,2024-03-23 21:43:30,Fries,3,20,0,0
5700,2024-03-23 21:43:30,Soft Drink,2,15,0,0
5700,2024-03-23 21:43:30,Chicken Nuggets,2,30,0,0
5701,2024-03-23 22:40:01,Milkshake,2,28,0,0
5701,2024-03-23 22:40:01,Cheese Burger,2,50,0,0
5701,2024-03-23 22:40:01,Classic Burger,1,45,0,0
5701,2024-03-23 22:40:01,Fries,1,20,0,0
5701,2024-03-23 22:40:01,Chicken Nuggets,1,30,0,0
5702,2024-03-23 18:17:58,Classic Burger,3,45,0,0
5702,2024-03-23 18:17:58,Double Burger,2,65,0,0
5702,2024-03-23 18:17:58,Cheese Burger,1,50,0,0
5702,2024-03-23 18:17:58,Milkshake,3,28,0,0
5703,2024-03-23 19:28:28,Classic Burger,2,45,0,0
5703,2024-03-23 19:28:28,Milkshake,2,28,0,0
5703,2024-03-23 19:28:28,Cheese Burger,3,50,0,0
5703,2024-03-23 19:28:28,Fries,3,20,0,0
5704,2024-03-23 22:01:31,Milkshake,1,28,0,0
5704,2024-03-23 22:01:31,Chicken Burger,3,55,0,0
5704,2024-03-23 22:01:31,Double Burger,2,65,0,0
5705,2024-03-23 19:28:30,Classic Burger,3,45,0,0
5705,2024-03-23 19:28:30,Fries,3,20,0,0
5705,2024-03-23 19:28:30,Chicken Nuggets,3,30,0,0
5705,2024-03-23 19:28:30,Cheese Burger,3,50,0,0
5705,2024-03-23 19:28:30,Double Burger,3,65,0,0
5706,2024-03-23 16:44:00,Ice Cream,3,18,0,0
5707,2024-03-23 16:55:01,Chicken Burger,2,55,0,0
5707,2024-03-23 16:55:01,Cheese Burger,3,50,0,0
5708,2024-03-23 18:56:50,Milkshake,2,28,0,0
5708,2024-03-23 18:56:50,Cheese Burger,2,50,0,0
5708,2024-03-23 18:56:50,Fries,1,20,0,0
5708,2024-03-23 18:56:50,Classic Burger,1,45,0,0
5708,2024-03-23 18:56:50,Chicken Burger,2,55,0,0
5709,2024-03-23 14:21:35,Chicken Nuggets,1,30,0,0
5709,2024-03-23 14:21:35,Soft Drink,1,15,0,0
5710,2024-03-23 17:40:30,Onion Rings,2,22,0,0
5711,2024-03-23 21:53:31,Ice Cream,1,18,0,0
5711,2024-03-23 21:53:31,Fries,1,20,0,0
5711,2024-03-23 21:53:31,Classic Burger,3,45,0,0
5711,2024-03-23 21:53:31,Chicken Burger,3,55,0,0
5711,2024-03-23 21:53:31,Chicken Nuggets,3,30,0,0
5712,2024-03-23 11:01:18,Classic Burger,2,45,0,0
5712,2024-03-23 11:01:18,Fries,3,20,0,0
5712,2024-03-23 11:01:18,Onion Rings,3,22,0,0
5713,2024-03-23 22:19:40,Milkshake,3,28,0,0
5713,2024-03-23 22:19:40,Chicken Burger,2,55,0,0
5713,2024-03-23 22:19:40,Ice Cream,1,18,0,0
5713,2024-03-23 22:19:40,Chicken Nuggets,1,30,0,0
5713,2024-03-23 22:19:40,Fries,3,20,0,0
5714,2024-03-23 21:50:24,Classic Burger,1,45,0,0
5714,2024-03-23 21:50:24,Double Burger,3,65,0,0
5714,2024-03-23 21:50:24,Chicken Burger,2,55,0,0
5714,2024-03-23 21:50:24,Fries,1,20,0,0
5715,2024-03-23 16:34:55,Classic Burger,2,45,0,0
5715,2024-03-23 16:34:55,Soft Drink,2,15,0,0
5715,2024-03-23 16:34:55,Ice Cream,3,18,0,0
5715,2024-03-23 16:34:55,Cheese Burger,1,50,0,0
5716,2024-03-23 19:22:08,Milkshake,2,28,0,0
5716,2024-03-23 19:22:08,Double Burger,1,65,0,0
5716,2024-03-23 19:22:08,Ice Cream,3,18,0,0
5716,2024-03-23 19:22:08,Chicken Nuggets,2,30,0,0
5716,2024-03-23 19:22:08,Fries,2,20,0,0
5717,2024-03-24 21:51:45,Double Burger,3,65,0,0
5718,2024-03-24 20:26:50,Milkshake,3,28,0,0
5719,2024-03-24 13:56:59,Chicken Nuggets,2,30,0,0
5719,2024-03-24 13:56:59,Ice Cream,1,18,0,0
5719,2024-03-24 13:56:59,Cheese Burger,2,50,0,0
5719,2024-03-24 13:56:59,Double Burger,2,65,0,0
5719,2024-03-24 13:56:59,Soft Drink,1,15,0,0
5720,2024-03-24 19:06:25,Milkshake,3,28,0,0
5720,2024-03-24 19:06:25,Chicken Nuggets,1,30,0,0
5721,2024-03-24 17:37:07,Double Burger,3,65,0,0
5721,2024-03-24 17:37:07,Chicken Nuggets,1,30,0,0
5721,2024-03-24 17:37:07,Chicken Burger,1,55,0,0
5722,2024-03-24 18:47:35,Milkshake,3,28,0,0
5723,2024-03-24 15:09:58,Ice Cream,1,18,0,0
5723,2024-03-24 15:09:58,Cheese Burger,1,50,0,0
5724,2024-03-24 23:25:31,Fries,3,20,0,0
5724,2024-03-24 23:25:31,Milkshake,2,28,0,0
5724,2024-03-24 23:25:31,Double Burger,2,65,0,0
5725,2024-03-24 21:33:06,Chicken Burger,2,55,0,0
5725,2024-03-24 21:33:06,Fries,1,20,0,0
5725,2024-03-24 21:33:06,Cheese Burger,3,50,0,0
5726,2024-03-24 15:13:33,Classic Burger,3,45,0,0
5727,2024-03-24 13:15:51,Double Burger,1,65,0,0
5727,2024-03-24 13:15:51,Fries,2,20,0,0
5727,2024-03-24 13:15:51,Onion Rings,1,22,0,0
5727,2024-03-24 13:15:51,Ice Cream,2,18,0,0
5728,2024-03-24 16:22:49,Double Burger,2,65,0,0
5728,2024-03-24 16:22:49,Chicken Burger,1,55,0,0
5729,2024-03-24 19:40:39,Double Burger,1,65,0,0
5729,2024-03-24 19:40:39,Onion Rings,1,22,0,0
5729,2024-03-24 19:40:39,Chicken Burger,2,55,0,0
5729,2024-03-24 19:40:39,Ice Cream,1,18,0,0
5729,2024-03-24 19:40:39,Fries,2,20,0,0
5730,2024-03-24 18:45:58,Double Burger,1,65,0,0
5730,2024-03-24 18:45:58,Classic Burger,2,45,0,0
5730,2024-03-24 18:45:58,Ice Cream,3,18,0,0
5730,2024-03-24 18:45:58,Milkshake,2,28,0,0
5731,2024-03-24 21:37:00,Fries,2,20,0,0
5731,2024-03-24 21:37:00,Onion Rings,1,22,0,0
5731,2024-03-24 21:37:00,Chicken Burger,3,55,0,0
5731,2024-03-24 21:37:00,Double Burger,1,65,0,0
5731,2024-03-24 21:37:00,Cheese Burger,3,50,0,0
5732,2024-03-24 20:52:57,Classic Burger,2,45,0,0
5733,2024-03-24 20:08:06,Chicken Burger,1,55,0,0
5733,2024-03-24 20:08:06,Milkshake,1,28,0,0
5733,2024-03-24 20:08:06,Soft Drink,2,15,0,0
5734,2024-03-24 18:55:59,Milkshake,1,28,0,0
5734,2024-03-24 18:55:59,Double Burger,2,65,0,0
5735,2024-03-24 13:57:43,Ice Cream,1,18,0,0
5735,2024-03-24 13:57:43,Chicken Burger,3,55,0,0
5735,2024-03-24 13:57:43,Double Burger,3,65,0,0
5736,2024-03-24 17:07:17,Soft Drink,3,15,0,0
5736,2024-03-24 17:07:17,Milkshake,1,28,0,0
5736,2024-03-24 17:07:17,Onion Rings,1,22,0,0
5736,2024-03-24 17:07:17,Double Burger,1,65,0,0
5737,2024-03-24 21:07:15,Double Burger,3,65,0,0
5737,2024-03-24 21:07:15,Ice Cream,2,18,0,0
5738,2024-03-24 17:34:08,Chicken Burger,3,55,0,0
5739,2024-03-24 19:44:17,Soft Drink,2,15,0,0
5739,2024-03-24 19:44:17,Chicken Nuggets,3,30,0,0
5740,2024-03-24 17:01:57,Fries,3,20,0,0
5740,2024-03-24 17:01:57,Classic Burger,3,45,0,0
5740,2024-03-24 17:01:57,Ice Cream,3,18,0,0
5740,2024-03-24 17:01:57,Onion Rings,3,22,0,0
5740,2024-03-24 17:01:57,Soft Drink,3,15,0,0
5741,2024-03-24 14:11:22,Onion Rings,3,22,0,0
5741,2024-03-24 14:11:22,Classic Burger,3,45,0,0
5741,2024-03-24 14:11:22,Milkshake,2,28,0,0
5741,2024-03-24 14:11:22,Chicken Burger,2,55,0,0
5742,2024-03-24 17:01:45,Onion Rings,3,22,0,0
5742,2024-03-24 17:01:45,Double Burger,1,65,0,0
5743,2024-03-24 18:46:54,Milkshake,1,28,0,0
5743,2024-03-24 18:46:54,Chicken Nuggets,3,30,0,0
5743,2024-03-24 18:46:54,Classic Burger,2,45,0,0
5743,2024-03-24 18:46:54,Fries,3,20,0,0
5744,2024-03-24 16:43:32,Chicken Nuggets,2,30,0,0
5744,2024-03-24 16:43:32,Onion Rings,2,22,0,0
5745,2024-03-24 17:14:25,Ice Cream,2,18,0,0
5745,2024-03-24 17:14:25,Soft Drink,1,15,0,0
5745,2024-03-24 17:14:25,Onion Rings,2,22,0,0
5745,2024-03-24 17:14:25,Chicken Burger,2,55,0,0
5745,2024-03-24 17:14:25,Cheese Burger,1,50,0,0
5746,2024-03-24 15:13:47,Soft Drink,3,15,0,0
5747,2024-03-24 21:58:26,Chicken Nuggets,2,30,0,0
5747,2024-03-24 21:58:26,Double Burger,1,65,0,0
5747,2024-03-24 21:58:26,Classic Burger,3,45,0,0
5748,2024-03-24 17:27:26,Cheese Burger,2,50,0,0
5748,2024-03-24 17:27:26,Ice Cream,1,18,0,0
5749,2024-03-24 22:34:21,Onion Rings,2,22,0,0
5749,2024-03-24 22:34:21,Ice Cream,1,18,0,0
5750,2024-03-24 22:34:10,Classic Burger,2,45,0,0
5750,2024-03-24 22:34:10,Soft Drink,1,15,0,0
5750,2024-03-24 22:34:10,Fries,3,20,0,0
5750,2024-03-24 22:34:10,Milkshake,3,28,0,0
5750,2024-03-24 22:34:10,Cheese Burger,3,50,0,0
5751,2024-03-24 17:33:44,Cheese Burger,3,50,0,0
5751,2024-03-24 17:33:44,Classic Burger,1,45,0,0
5751,2024-03-24 17:33:44,Ice Cream,3,18,0,0
5752,2024-03-24 14:34:56,Fries,1,20,0,0
5752,2024-03-24 14:34:56,Classic Burger,1,45,0,0
5752,2024-03-24 14:34:56,Soft Drink,1,15,0,0
5752,2024-03-24 14:34:56,Milkshake,2,28,0,0
5753,2024-03-24 11:10:01,Cheese Burger,2,50,0,0
5753,2024-03-24 11:10:01,Double Burger,2,65,0,0
5753,2024-03-24 11:10:01,Chicken Nuggets,1,30,0,0
5754,2024-03-24 13:17:08,Cheese Burger,3,50,0,0
5755,2024-03-24 13:48:42,Double Burger,3,65,0,0
5755,2024-03-24 13:48:42,Chicken Nuggets,1,30,0,0
5755,2024-03-24 13:48:42,Onion Rings,3,22,0,0
5755,2024-03-24 13:48:42,Cheese Burger,1,50,0,0
5756,2024-03-24 22:45:44,Ice Cream,3,18,0,0
5756,2024-03-24 22:45:44,Chicken Nuggets,2,30,0,0
5757,2024-03-24 18:50:50,Ice Cream,1,18,0,0
5757,2024-03-24 18:50:50,Fries,3,20,0,0
5758,2024-03-24 19:40:58,Milkshake,3,28,0,0
5759,2024-03-24 11:33:16,Classic Burger,2,45,0,0
5759,2024-03-24 11:33:16,Chicken Nuggets,2,30,0,0
5759,2024-03-24 11:33:16,Ice Cream,1,18,0,0
5760,2024-03-24 14:18:02,Ice Cream,1,18,0,0
5760,2024-03-24 14:18:02,Milkshake,3,28,0,0
5761,2024-03-24 20:05:20,Classic Burger,3,45,0,0
5762,2024-03-24 18:14:27,Ice Cream,1,18,0,0
5763,2024-03-24 17:50:25,Onion Rings,3,22,0,0
5763,2024-03-24 17:50:25,Soft Drink,1,15,0,0
5763,2024-03-24 17:50:25,Chicken Burger,2,55,0,0
5763,2024-03-24 17:50:25,Fries,2,20,0,0
5763,2024-03-24 17:50:25,Cheese Burger,2,50,0,0
5764,2024-03-24 19:09:19,Milkshake,1,28,0,0
5764,2024-03-24 19:09:19,Onion Rings,2,22,0,0
5764,2024-03-24 19:09:19,Ice Cream,2,18,0,0
5765,2024-03-24 22:08:55,Double Burger,3,65,0,0
5766,2024-03-24 17:09:39,Soft Drink,3,15,0,0
5766,2024-03-24 17:09:39,Chicken Burger,1,55,0,0
5766,2024-03-24 17:09:39,Ice Cream,1,18,0,0
5767,2024-03-24 18:31:30,Double Burger,3,65,0,0
5768,2024-03-24 18:33:07,Cheese Burger,3,50,0,0
5769,2024-03-24 23:20:47,Onion Rings,1,22,0,0
5769,2024-03-24 23:20:47,Cheese Burger,1,50,0,0
5769,2024-03-24 23:20:47,Milkshake,3,28,0,0
5769,2024-03-24 23:20:47,Chicken Nuggets,1,30,0,0
5769,2024-03-24 23:20:47,Double Burger,2,65,0,0
5770,2024-03-24 11:57:52,Chicken Burger,1,55,0,0
5770,2024-03-24 11:57:52,Milkshake,3,28,0,0
5771,2024-03-24 20:38:18,Fries,3,20,0,0
5772,2024-03-24 17:25:59,Milkshake,3,28,0,0
5772,2024-03-24 17:25:59,Ice Cream,1,18,0,0
5773,2024-03-24 19:25:24,Chicken Nuggets,3,30,0,0
5774,2024-03-24 16:31:04,Chicken Nuggets,2,30,0,0
5774,2024-03-24 16:31:04,Chicken Burger,1,55,0,0
5774,2024-03-24 16:31:04,Milkshake,2,28,0,0
5774,2024-03-24 16:31:04,Double Burger,1,65,0,0
5774,2024-03-24 16:31:04,Soft Drink,3,15,0,0
5775,2024-03-24 17:18:33,Soft Drink,2,15,0,0
5775,2024-03-24 17:18:33,Milkshake,1,28,0,0
5776,2024-03-24 20:54:12,Chicken Burger,3,55,0,0
5776,2024-03-24 20:54:12,Classic Burger,3,45,0,0
5776,2024-03-24 20:54:12,Fries,3,20,0,0
5776,2024-03-24 20:54:12,Onion Rings,1,22,0,0
5777,2024-03-24 23:13:46,Ice Cream,2,18,0,0
5778,2024-03-24 20:03:28,Soft Drink,1,15,0,0
5778,2024-03-24 20:03:28,Cheese Burger,1,50,0,0
5778,2024-03-24 20:03:28,Ice Cream,2,18,0,0
5779,2024-03-24 15:45:08,Chicken Nuggets,2,30,0,0
5779,2024-03-24 15:45:08,Fries,1,20,0,0
5779,2024-03-24 15:45:08,Classic Burger,3,45,0,0
5779,2024-03-24 15:45:08,Soft Drink,2,15,0,0
5779,2024-03-24 15:45:08,Chicken Burger,2,55,0,0
5780,2024-03-24 16:10:21,Onion Rings,1,22,0,0
5780,2024-03-24 16:10:21,Chicken Burger,1,55,0,0
5780,2024-03-24 16:10:21,Chicken Nuggets,3,30,0,0
5780,2024-03-24 16:10:21,Milkshake,2,28,0,0
5780,2024-03-24 16:10:21,Classic Burger,2,45,0,0
5781,2024-03-24 16:28:11,Fries,3,20,0,0
5781,2024-03-24 16:28:11,Classic Burger,1,45,0,0
5782,2024-03-24 12:18:08,Double Burger,3,65,0,0
5783,2024-03-24 17:51:57,Milkshake,3,28,0,0
5783,2024-03-24 17:51:57,Cheese Burger,2,50,0,0
5784,2024-03-24 20:33:04,Soft Drink,2,15,0,0
5784,2024-03-24 20:33:04,Cheese Burger,2,50,0,0
5785,2024-03-24 14:38:22,Fries,1,20,0,0
5785,2024-03-24 14:38:22,Ice Cream,3,18,0,0
5786,2024-03-24 21:46:59,Chicken Nuggets,1,30,0,0
5787,2024-03-25 22:32:36,Fries,1,20,1,0
5788,2024-03-25 20:04:10,Soft Drink,1,15,1,0
5788,2024-03-25 20:04:10,Classic Burger,2,45,1,0
5788,2024-03-25 20:04:10,Fries,2,20,1,0
5788,2024-03-25 20:04:10,Ice Cream,3,18,1,0
5789,2024-03-25 18:27:07,Cheese Burger,2,50,1,0
5789,2024-03-25 18:27:07,Soft Drink,3,15,1,0
5789,2024-03-25 18:27:07,Fries,1,20,1,0
5789,2024-03-25 18:27:07,Chicken Nuggets,3,30,1,0
5789,2024-03-25 18:27:07,Onion Rings,2,22,1,0
5790,2024-03-25 17:59:43,Double Burger,1,65,1,0
5790,2024-03-25 17:59:43,Cheese Burger,3,50,1,0
5790,2024-03-25 17:59:43,Chicken Burger,2,55,1,0
5790,2024-03-25 17:59:43,Milkshake,1,28,1,0
5791,2024-03-25 18:39:30,Chicken Nuggets,2,30,1,0
5791,2024-03-25 18:39:30,Fries,1,20,1,0
5791,2024-03-25 18:39:30,Cheese Burger,2,50,1,0
5791,2024-03-25 18:39:30,Ice Cream,2,18,1,0
5792,2024-03-25 16:15:01,Chicken Nuggets,1,30,1,0
5792,2024-03-25 16:15:01,Cheese Burger,3,50,1,0
5792,2024-03-25 16:15:01,Ice Cream,2,18,1,0
5793,2024-03-25 11:00:14,Onion Rings,3,22,1,0
5793,2024-03-25 11:00:14,Double Burger,3,65,1,0
5793,2024-03-25 11:00:14,Soft Drink,1,15,1,0
5793,2024-03-25 11:00:14,Chicken Burger,3,55,1,0
5794,2024-03-25 23:20:43,Milkshake,3,28,1,0
5794,2024-03-25 23:20:43,Chicken Nuggets,2,30,1,0
5795,2024-03-25 18:55:27,Cheese Burger,2,50,1,0
5795,2024-03-25 18:55:27,Milkshake,1,28,1,0
5795,2024-03-25 18:55:27,Double Burger,2,65,1,0
5795,2024-03-25 18:55:27,Soft Drink,2,15,1,0
5795,2024-03-25 18:55:27,Classic Burger,2,45,1,0
5796,2024-03-25 19:00:30,Chicken Nuggets,2,30,1,0
5796,2024-03-25 19:00:30,Double Burger,1,65,1,0
5796,2024-03-25 19:00:30,Chicken Burger,3,55,1,0
5796,2024-03-25 19:00:30,Ice Cream,1,18,1,0
5797,2024-03-25 17:28:49,Milkshake,1,28,1,0
5797,2024-03-25 17:28:49,Chicken Burger,3,55,1,0
5797,2024-03-25 17:28:49,Cheese Burger,2,50,1,0
5797,2024-03-25 17:28:49,Onion Rings,1,22,1,0
5798,2024-03-25 15:04:17,Chicken Burger,2,55,1,0
5798,2024-03-25 15:04:17,Fries,1,20,1,0
5798,2024-03-25 15:04:17,Ice Cream,3,18,1,0
5798,2024-03-25 15:04:17,Chicken Nuggets,2,30,1,0
5799,2024-03-25 17:30:08,Onion Rings,1,22,1,0
5799,2024-03-25 17:30:08,Ice Cream,1,18,1,0
5799,2024-03-25 17:30:08,Soft Drink,2,15,1,0
5799,2024-03-25 17:30:08,Classic Burger,2,45,1,0
5800,2024-03-25 13:58:58,Milkshake,1,28,1,0
5800,2024-03-25 13:58:58,Fries,1,20,1,0
5800,2024-03-25 13:58:58,Ice Cream,2,18,1,0
5800,2024-03-25 13:58:58,Onion Rings,2,22,1,0
5800,2024-03-25 13:58:58,Classic Burger,3,45,1,0
5801,2024-03-25 23:44:33,Fries,2,20,1,0
5801,2024-03-25 23:44:33,Soft Drink,3,15,1,0
5801,2024-03-25 23:44:33,Onion Rings,3,22,1,0
5801,2024-03-25 23:44:33,Cheese Burger,3,50,1,0
5801,2024-03-25 23:44:33,Double Burger,2,65,1,0
5802,2024-03-25 14:26:55,Soft Drink,3,15,1,0
5802,2024-03-25 14:26:55,Chicken Burger,1,55,1,0
5802,2024-03-25 14:26:55,Onion Rings,1,22,1,0
5803,2024-03-25 14:35:59,Fries,1,20,1,0
5804,2024-03-25 16:22:37,Fries,3,20,1,0
5804,2024-03-25 16:22:37,Ice Cream,1,18,1,0
5804,2024-03-25 16:22:37,Classic Burger,2,45,1,0
5804,2024-03-25 16:22:37,Soft Drink,2,15,1,0
5804,2024-03-25 16:22:37,Onion Rings,2,22,1,0
5805,2024-03-25 21:53:01,Milkshake,3,28,1,0
5805,2024-03-25 21:53:01,Cheese Burger,3,50,1,0
5805,2024-03-25 21:53:01,Double Burger,2,65,1,0
5805,2024-03-25 21:53:01,Chicken Nuggets,1,30,1,0
5806,2024-03-25 18:46:44,Chicken Nuggets,1,30,1,0
5806,2024-03-25 18:46:44,Chicken Burger,2,55,1,0
5806,2024-03-25 18:46:44,Fries,3,20,1,0
5806,2024-03-25 18:46:44,Double Burger,3,65,1,0
5806,2024-03-25 18:46:44,Cheese Burger,3,50,1,0
5807,2024-03-25 14:24:30,Ice Cream,3,18,1,0
5807,2024-03-25 14:24:30,Milkshake,2,28,1,0
5807,2024-03-25 14:24:30,Fries,3,20,1,0
5807,2024-03-25 14:24:30,Chicken Nuggets,3,30,1,0
5808,2024-03-25 21:36:37,Soft Drink,1,15,1,0
5808,2024-03-25 21:36:37,Ice Cream,2,18,1,0
5809,2024-03-25 20:11:49,Chicken Nuggets,3,30,1,0
5809,2024-03-25 20:11:49,Milkshake,2,28,1,0
5809,2024-03-25 20:11:49,Soft Drink,2,15,1,0
5809,2024-03-25 20:11:49,Double Burger,1,65,1,0
5810,2024-03-25 19:37:54,Classic Burger,1,45,1,0
5810,2024-03-25 19:37:54,Soft Drink,1,15,1,0
5810,2024-03-25 19:37:54,Cheese Burger,3,50,1,0
5810,2024-03-25 19:37:54,Onion Rings,3,22,1,0
5810,2024-03-25 19:37:54,Chicken Nuggets,2,30,1,0
5811,2024-03-25 20:17:10,Fries,1,20,1,0
5811,2024-03-25 20:17:10,Milkshake,2,28,1,0
5812,2024-03-25 23:16:11,Onion Rings,1,22,1,0
5812,2024-03-25 23:16:11,Classic Burger,1,45,1,0
5812,2024-03-25 23:16:11,Ice Cream,2,18,1,0
5812,2024-03-25 23:16:11,Soft Drink,1,15,1,0
5813,2024-03-25 23:50:32,Soft Drink,1,15,1,0
5813,2024-03-25 23:50:32,Fries,1,20,1,0
5813,2024-03-25 23:50:32,Milkshake,2,28,1,0
5814,2024-03-25 15:25:54,Cheese Burger,3,50,1,0
5815,2024-03-25 22:35:09,Classic Burger,1,45,1,0
5815,2024-03-25 22:35:09,Onion Rings,2,22,1,0
5815,2024-03-25 22:35:09,Cheese Burger,3,50,1,0
5816,2024-03-25 19:45:00,Chicken Burger,3,55,1,0
5816,2024-03-25 19:45:00,Cheese Burger,1,50,1,0
5816,2024-03-25 19:45:00,Milkshake,2,28,1,0
5816,2024-03-25 19:45:00,Classic Burger,3,45,1,0
5816,2024-03-25 19:45:00,Soft Drink,1,15,1,0
5817,2024-03-25 19:20:45,Cheese Burger,1,50,1,0
5817,2024-03-25 19:20:45,Chicken Burger,1,55,1,0
5818,2024-03-25 12:45:10,Chicken Burger,3,55,1,0
5818,2024-03-25 12:45:10,Onion Rings,2,22,1,0
5819,2024-03-25 17:32:18,Fries,1,20,1,0
5819,2024-03-25 17:32:18,Double Burger,1,65,1,0
5819,2024-03-25 17:32:18,Cheese Burger,1,50,1,0
5820,2024-03-25 15:50:39,Cheese Burger,1,50,1,0
5821,2024-03-25 20:35:46,Chicken Nuggets,3,30,1,0
5821,2024-03-25 20:35:46,Soft Drink,3,15,1,0
5821,2024-03-25 20:35:46,Onion Rings,1,22,1,0
5821,2024-03-25 20:35:46,Chicken Burger,3,55,1,0
5821,2024-03-25 20:35:46,Ice Cream,1,18,1,0
5822,2024-03-25 21:18:56,Fries,3,20,1,0
5822,2024-03-25 21:18:56,Classic Burger,3,45,1,0
5822,2024-03-25 21:18:56,Cheese Burger,3,50,1,0
5823,2024-03-25 11:49:49,Chicken Burger,2,55,1,0
5823,2024-03-25 11:49:49,Soft Drink,1,15,1,0
5824,2024-03-25 17:00:08,Chicken Nuggets,1,30,1,0
5825,2024-03-25 21:18:12,Milkshake,1,28,1,0
5825,2024-03-25 21:18:12,Chicken Burger,1,55,1,0
5825,2024-03-25 21:18:12,Cheese Burger,3,50,1,0
5826,2024-03-25 17:24:53,Chicken Burger,1,55,1,0
5827,2024-03-25 20:11:16,Chicken Nuggets,1,30,1,0
5827,2024-03-25 20:11:16,Soft Drink,3,15,1,0
5827,2024-03-25 20:11:16,Double Burger,3,65,1,0
5828,2024-03-25 19:14:47,Classic Burger,3,45,1,0
5828,2024-03-25 19:14:47,Onion Rings,2,22,1,0
5829,2024-03-25 19:33:24,Milkshake,3,28,1,0
5829,2024-03-25 19:33:24,Ice Cream,2,18,1,0
5829,2024-03-25 19:33:24,Chicken Burger,1,55,1,0
5829,2024-03-25 19:33:24,Cheese Burger,2,50,1,0
5829,2024-03-25 19:33:24,Chicken Nuggets,3,30,1,0
5830,2024-03-25 17:47:19,Double Burger,1,65,1,0
5830,2024-03-25 17:47:19,Chicken Nuggets,1,30,1,0
5830,2024-03-25 17:47:19,Fries,3,20,1,0
5830,2024-03-25 17:47:19,Ice Cream,2,18,1,0
5830,2024-03-25 17:47:19,Soft Drink,3,15,1,0
5831,2024-03-25 14:55:11,Milkshake,2,28,1,0
5832,2024-03-25 14:11:10,Soft Drink,3,15,1,0
5832,2024-03-25 14:11:10,Chicken Nuggets,3,30,1,0
5833,2024-03-25 20:48:57,Fries,2,20,1,0
5833,2024-03-25 20:48:57,Cheese Burger,3,50,1,0
5833,2024-03-25 20:48:57,Double Burger,1,65,1,0
5833,2024-03-25 20:48:57,Ice Cream,3,18,1,0
5833,2024-03-25 20:48:57,Milkshake,1,28,1,0
5834,2024-03-25 18:25:35,Double Burger,3,65,1,0
5834,2024-03-25 18:25:35,Ice Cream,1,18,1,0
5835,2024-03-25 17:00:11,Chicken Burger,2,55,1,0
5836,2024-03-25 16:56:44,Classic Burger,3,45,1,0
5836,2024-03-25 16:56:44,Milkshake,1,28,1,0
5836,2024-03-25 16:56:44,Cheese Burger,3,50,1,0
5836,2024-03-25 16:56:44,Chicken Burger,1,55,1,0
5837,2024-03-25 17:56:25,Ice Cream,2,18,1,0
5837,2024-03-25 17:56:25,Onion Rings,3,22,1,0
5837,2024-03-25 17:56:25,Double Burger,2,65,1,0
5837,2024-03-25 17:56:25,Fries,2,20,1,0
5837,2024-03-25 17:56:25,Classic Burger,1,45,1,0
5838,2024-03-25 21:47:04,Ice Cream,3,18,1,0
5838,2024-03-25 21:47:04,Classic Burger,3,45,1,0
5838,2024-03-25 21:47:04,Onion Rings,3,22,1,0
5839,2024-03-25 16:56:07,Ice Cream,1,18,1,0
5839,2024-03-25 16:56:07,Onion Rings,2,22,1,0
5839,2024-03-25 16:56:07,Double Burger,1,65,1,0
5840,2024-03-26 18:38:22,Chicken Burger,1,55,1,0
5840,2024-03-26 18:38:22,Fries,2,20,1,0
5840,2024-03-26 18:38:22,Onion Rings,1,22,1,0
5840,2024-03-26 18:38:22,Cheese Burger,3,50,1,0
5840,2024-03-26 18:38:22,Chicken Nuggets,3,30,1,0
5841,2024-03-26 22:46:09,Double Burger,1,65,1,0
5841,2024-03-26 22:46:09,Ice Cream,3,18,1,0
5841,2024-03-26 22:46:09,Classic Burger,3,45,1,0
5842,2024-03-26 17:12:27,Double Burger,2,65,1,0
5842,2024-03-26 17:12:27,Milkshake,1,28,1,0
5843,2024-03-26 18:34:25,Chicken Burger,2,55,1,0
5843,2024-03-26 18:34:25,Classic Burger,2,45,1,0
5843,2024-03-26 18:34:25,Chicken Nuggets,3,30,1,0
5843,2024-03-26 18:34:25,Milkshake,1,28,1,0
5844,2024-03-26 14:24:43,Chicken Nuggets,1,30,1,0
5844,2024-03-26 14:24:43,Milkshake,3,28,1,0
5845,2024-03-26 17:26:32,Double Burger,3,65,1,0
5846,2024-03-26 19:29:07,Soft Drink,3,15,1,0
5846,2024-03-26 19:29:07,Onion Rings,1,22,1,0
5847,2024-03-26 13:03:31,Cheese Burger,2,50,1,0
5847,2024-03-26 13:03:31,Double Burger,1,65,1,0
5847,2024-03-26 13:03:31,Soft Drink,3,15,1,0
5847,2024-03-26 13:03:31,Onion Rings,1,22,1,0
5847,2024-03-26 13:03:31,Fries,2,20,1,0
5848,2024-03-26 18:08:12,Milkshake,3,28,1,0
5848,2024-03-26 18:08:12,Ice Cream,2,18,1,0
5849,2024-03-26 18:49:57,Double Burger,2,65,1,0
5849,2024-03-26 18:49:57,Chicken Burger,3,55,1,0
5849,2024-03-26 18:49:57,Milkshake,3,28,1,0
5849,2024-03-26 18:49:57,Classic Burger,1,45,1,0
5849,2024-03-26 18:49:57,Onion Rings,3,22,1,0
5850,2024-03-26 18:58:28,Chicken Nuggets,1,30,1,0
5850,2024-03-26 18:58:28,Milkshake,3,28,1,0
5850,2024-03-26 18:58:28,Chicken Burger,3,55,1,0
5850,2024-03-26 18:58:28,Double Burger,3,65,1,0
5850,2024-03-26 18:58:28,Cheese Burger,3,50,1,0
5851,2024-03-26 21:19:53,Fries,2,20,1,0
5851,2024-03-26 21:19:53,Cheese Burger,1,50,1,0
5851,2024-03-26 21:19:53,Chicken Nuggets,1,30,1,0
5851,2024-03-26 21:19:53,Ice Cream,3,18,1,0
5852,2024-03-26 19:50:52,Cheese Burger,1,50,1,0
5852,2024-03-26 19:50:52,Onion Rings,2,22,1,0
5852,2024-03-26 19:50:52,Chicken Nuggets,3,30,1,0
5852,2024-03-26 19:50:52,Ice Cream,3,18,1,0
5853,2024-03-26 22:51:10,Milkshake,1,28,1,0
5853,2024-03-26 22:51:10,Chicken Nuggets,3,30,1,0
5854,2024-03-26 15:08:31,Onion Rings,1,22,1,0
5854,2024-03-26 15:08:31,Fries,2,20,1,0
5855,2024-03-26 18:20:00,Chicken Nuggets,1,30,1,0
5855,2024-03-26 18:20:00,Chicken Burger,1,55,1,0
5855,2024-03-26 18:20:00,Soft Drink,1,15,1,0
5855,2024-03-26 18:20:00,Onion Rings,1,22,1,0
5855,2024-03-26 18:20:00,Fries,2,20,1,0
5856,2024-03-26 18:31:16,Onion Rings,1,22,1,0
5856,2024-03-26 18:31:16,Cheese Burger,1,50,1,0
5856,2024-03-26 18:31:16,Milkshake,2,28,1,0
5857,2024-03-26 14:03:51,Cheese Burger,3,50,1,0
5857,2024-03-26 14:03:51,Chicken Nuggets,3,30,1,0
5858,2024-03-26 20:24:34,Chicken Burger,2,55,1,0
5858,2024-03-26 20:24:34,Cheese Burger,2,50,1,0
5859,2024-03-26 23:01:18,Onion Rings,2,22,1,0
5859,2024-03-26 23:01:18,Ice Cream,2,18,1,0
5860,2024-03-26 17:51:44,Chicken Nuggets,1,30,1,0
5860,2024-03-26 17:51:44,Fries,1,20,1,0
5860,2024-03-26 17:51:44,Chicken Burger,2,55,1,0
5861,2024-03-26 19:48:39,Soft Drink,3,15,1,0
5861,2024-03-26 19:48:39,Onion Rings,1,22,1,0
5862,2024-03-26 18:35:47,Soft Drink,1,15,1,0
5862,2024-03-26 18:35:47,Ice Cream,1,18,1,0
5862,2024-03-26 18:35:47,Cheese Burger,1,50,1,0
5862,2024-03-26 18:35:47,Fries,2,20,1,0
5863,2024-03-26 15:31:45,Cheese Burger,2,50,1,0
5863,2024-03-26 15:31:45,Double Burger,2,65,1,0
5863,2024-03-26 15:31:45,Fries,2,20,1,0
5863,2024-03-26 15:31:45,Ice Cream,3,18,1,0
5863,2024-03-26 15:31:45,Milkshake,3,28,1,0
5864,2024-03-26 12:48:29,Ice Cream,1,18,1,0
5864,2024-03-26 12:48:29,Fries,3,20,1,0
5864,2024-03-26 12:48:29,Milkshake,3,28,1,0
5864,2024-03-26 12:48:29,Chicken Nuggets,1,30,1,0
5864,2024-03-26 12:48:29,Soft Drink,1,15,1,0
5865,2024-03-26 15:36:44,Soft Drink,3,15,1,0
5865,2024-03-26 15:36:44,Ice Cream,1,18,1,0
5865,2024-03-26 15:36:44,Fries,2,20,1,0
5865,2024-03-26 15:36:44,Cheese Burger,2,50,1,0
5866,2024-03-26 13:26:43,Chicken Nuggets,1,30,1,0
5866,2024-03-26 13:26:43,Ice Cream,1,18,1,0
5866,2024-03-26 13:26:43,Double Burger,3,65,1,0
5866,2024-03-26 13:26:43,Classic Burger,3,45,1,0
5867,2024-03-26 23:01:40,Chicken Burger,1,55,1,0
5867,2024-03-26 23:01:40,Fries,2,20,1,0
5867,2024-03-26 23:01:40,Onion Rings,1,22,1,0
5867,2024-03-26 23:01:40,Ice Cream,2,18,1,0
5868,2024-03-26 17:03:24,Chicken Burger,2,55,1,0
5868,2024-03-26 17:03:24,Soft Drink,2,15,1,0
5868,2024-03-26 17:03:24,Ice Cream,2,18,1,0
5868,2024-03-26 17:03:24,Milkshake,2,28,1,0
5869,2024-03-26 16:34:44,Onion Rings,1,22,1,0
5869,2024-03-26 16:34:44,Cheese Burger,2,50,1,0
5869,2024-03-26 16:34:44,Chicken Burger,1,55,1,0
5869,2024-03-26 16:34:44,Chicken Nuggets,2,30,1,0
5870,2024-03-26 20:33:26,Classic Burger,3,45,1,0
5870,2024-03-26 20:33:26,Chicken Burger,2,55,1,0
5870,2024-03-26 20:33:26,Fries,3,20,1,0
5870,2024-03-26 20:33:26,Onion Rings,3,22,1,0
5871,2024-03-26 14:21:10,Ice Cream,1,18,1,0
5872,2024-03-26 15:16:05,Ice Cream,3,18,1,0
5872,2024-03-26 15:16:05,Soft Drink,3,15,1,0
5873,2024-03-26 18:25:24,Milkshake,2,28,1,0
5874,2024-03-26 21:52:43,Cheese Burger,2,50,1,0
5874,2024-03-26 21:52:43,Milkshake,3,28,1,0
5874,2024-03-26 21:52:43,Double Burger,1,65,1,0
5875,2024-03-26 19:28:05,Ice Cream,1,18,1,0
5875,2024-03-26 19:28:05,Chicken Burger,2,55,1,0
5875,2024-03-26 19:28:05,Milkshake,1,28,1,0
5875,2024-03-26 19:28:05,Double Burger,1,65,1,0
5876,2024-03-26 18:46:20,Milkshake,2,28,1,0
5876,2024-03-26 18:46:20,Onion Rings,1,22,1,0
5876,2024-03-26 18:46:20,Double Burger,1,65,1,0
5876,2024-03-26 18:46:20,Cheese Burger,2,50,1,0
5877,2024-03-26 18:25:06,Classic Burger,3,45,1,0
5877,2024-03-26 18:25:06,Double Burger,1,65,1,0
5877,2024-03-26 18:25:06,Milkshake,3,28,1,0
5878,2024-03-26 19:51:47,Double Burger,1,65,1,0
5879,2024-03-26 18:20:38,Fries,3,20,1,0
5880,2024-03-27 18:46:11,Double Burger,3,65,1,0
5880,2024-03-27 18:46:11,Soft Drink,1,15,1,0
5881,2024-03-27 16:20:39,Milkshake,2,28,1,0
5881,2024-03-27 16:20:39,Classic Burger,3,45,1,0
5881,2024-03-27 16:20:39,Cheese Burger,2,50,1,0
5882,2024-03-27 23:43:31,Fries,2,20,1,0
5882,2024-03-27 23:43:31,Chicken Nuggets,2,30,1,0
5882,2024-03-27 23:43:31,Double Burger,1,65,1,0
5882,2024-03-27 23:43:31,Chicken Burger,3,55,1,0
5883,2024-03-27 17:23:28,Double Burger,2,65,1,0
5883,2024-03-27 17:23:28,Soft Drink,1,15,1,0
5884,2024-03-27 13:48:16,Ice Cream,3,18,1,0
5884,2024-03-27 13:48:16,Cheese Burger,2,50,1,0
5884,2024-03-27 13:48:16,Chicken Nuggets,2,30,1,0
5884,2024-03-27 13:48:16,Onion Rings,3,22,1,0
5885,2024-03-27 17:30:49,Cheese Burger,1,50,1,0
5885,2024-03-27 17:30:49,Classic Burger,1,45,1,0
5885,2024-03-27 17:30:49,Fries,1,20,1,0
5886,2024-03-27 19:44:16,Soft Drink,1,15,1,0
5886,2024-03-27 19:44:16,Cheese Burger,3,50,1,0
5887,2024-03-27 23:36:34,Double Burger,1,65,1,0
5887,2024-03-27 23:36:34,Fries,1,20,1,0
5887,2024-03-27 23:36:34,Chicken Burger,2,55,1,0
5887,2024-03-27 23:36:34,Soft Drink,3,15,1,0
5887,2024-03-27 23:36:34,Cheese Burger,1,50,1,0
5888,2024-03-27 16:25:38,Ice Cream,2,18,1,0
5888,2024-03-27 16:25:38,Soft Drink,3,15,1,0
5888,2024-03-27 16:25:38,Classic Burger,2,45,1,0
5888,2024-03-27 16:25:38,Cheese Burger,3,50,1,0
5889,2024-03-27 13:41:45,Double Burger,2,65,1,0
5889,2024-03-27 13:41:45,Fries,2,20,1,0
5889,2024-03-27 13:41:45,Chicken Nuggets,1,30,1,0
5890,2024-03-27 20:02:45,Onion Rings,1,22,1,0
5891,2024-03-27 13:13:04,Classic Burger,3,45,1,0
5891,2024-03-27 13:13:04,Milkshake,1,28,1,0
5892,2024-03-27 16:00:56,Ice Cream,3,18,1,0
5892,2024-03-27 16:00:56,Onion Rings,1,22,1,0
5892,2024-03-27 16:00:56,Classic Burger,3,45,1,0
5893,2024-03-27 17:38:00,Milkshake,3,28,1,0
5894,2024-03-27 17:15:26,Onion Rings,3,22,1,0
5895,2024-03-27 20:09:43,Cheese Burger,2,50,1,0
5895,2024-03-27 20:09:43,Milkshake,2,28,1,0
5895,2024-03-27 20:09:43,Chicken Burger,1,55,1,0
5895,2024-03-27 20:09:43,Soft Drink,3,15,1,0
5896,2024-03-27 15:03:09,Fries,3,20,1,0
5896,2024-03-27 15:03:09,Classic Burger,3,45,1,0
5896,2024-03-27 15:03:09,Onion Rings,1,22,1,0
5897,2024-03-27 17:34:36,Cheese Burger,2,50,1,0
5897,2024-03-27 17:34:36,Onion Rings,3,22,1,0
5897,2024-03-27 17:34:36,Milkshake,3,28,1,0
5898,2024-03-27 17:56:27,Classic Burger,1,45,1,0
5898,2024-03-27 17:56:27,Double Burger,3,65,1,0
5899,2024-03-27 18:35:45,Fries,3,20,1,0
5900,2024-03-27 18:01:06,Double Burger,1,65,1,0
5900,2024-03-27 18:01:06,Onion Rings,2,22,1,0
5900,2024-03-27 18:01:06,Soft Drink,3,15,1,0
5900,2024-03-27 18:01:06,Chicken Burger,1,55,1,0
5901,2024-03-27 19:02:10,Ice Cream,1,18,1,0
5901,2024-03-27 19:02:10,Fries,2,20,1,0
5901,2024-03-27 19:02:10,Onion Rings,3,22,1,0
5901,2024-03-27 19:02:10,Double Burger,2,65,1,0
5901,2024-03-27 19:02:10,Chicken Nuggets,1,30,1,0
5902,2024-03-27 20:29:48,Cheese Burger,2,50,1,0
5902,2024-03-27 20:29:48,Chicken Nuggets,1,30,1,0
5902,2024-03-27 20:29:48,Onion Rings,1,22,1,0
5903,2024-03-27 19:13:33,Fries,3,20,1,0
5904,2024-03-27 19:36:21,Chicken Burger,1,55,1,0
5904,2024-03-27 19:36:21,Milkshake,2,28,1,0
5904,2024-03-27 19:36:21,Onion Rings,3,22,1,0
5904,2024-03-27 19:36:21,Chicken Nuggets,3,30,1,0
5904,2024-03-27 19:36:21,Cheese Burger,2,50,1,0
5905,2024-03-27 13:25:57,Ice Cream,3,18,1,0
5905,2024-03-27 13:25:57,Onion Rings,2,22,1,0
5905,2024-03-27 13:25:57,Chicken Nuggets,3,30,1,0
5905,2024-03-27 13:25:57,Double Burger,2,65,1,0
5905,2024-03-27 13:25:57,Milkshake,2,28,1,0
5906,2024-03-27 18:07:44,Soft Drink,1,15,1,0
5906,2024-03-27 18:07:44,Chicken Burger,3,55,1,0
5906,2024-03-27 18:07:44,Ice Cream,2,18,1,0
5907,2024-03-27 19:13:17,Onion Rings,1,22,1,0
5907,2024-03-27 19:13:17,Chicken Nuggets,2,30,1,0
5907,2024-03-27 19:13:17,Double Burger,3,65,1,0
5908,2024-03-27 20:26:20,Double Burger,2,65,1,0
5908,2024-03-27 20:26:20,Ice Cream,2,18,1,0
5908,2024-03-27 20:26:20,Onion Rings,1,22,1,0
5908,2024-03-27 20:26:20,Chicken Nuggets,1,30,1,0
5909,2024-03-27 15:27:50,Cheese Burger,3,50,1,0
5909,2024-03-27 15:27:50,Soft Drink,1,15,1,0
5909,2024-03-27 15:27:50,Chicken Burger,3,55,1,0
5909,2024-03-27 15:27:50,Chicken Nuggets,3,30,1,0
5910,2024-03-27 16:11:05,Onion Rings,3,22,1,0
5910,2024-03-27 16:11:05,Classic Burger,3,45,1,0
5910,2024-03-27 16:11:05,Chicken Nuggets,3,30,1,0
5910,2024-03-27 16:11:05,Double Burger,2,65,1,0
5911,2024-03-27 16:01:22,Chicken Nuggets,3,30,1,0
5911,2024-03-27 16:01:22,Milkshake,3,28,1,0
5911,2024-03-27 16:01:22,Classic Burger,3,45,1,0
5911,2024-03-27 16:01:22,Onion Rings,3,22,1,0
5911,2024-03-27 16:01:22,Soft Drink,3,15,1,0
5912,2024-03-27 19:39:22,Double Burger,3,65,1,0
5912,2024-03-27 19:39:22,Fries,2,20,1,0
5912,2024-03-27 19:39:22,Soft Drink,1,15,1,0
5913,2024-03-27 21:50:49,Ice Cream,1,18,1,0
5913,2024-03-27 21:50:49,Milkshake,3,28,1,0
5913,2024-03-27 21:50:49,Cheese Burger,2,50,1,0
5914,2024-03-27 16:37:05,Classic Burger,2,45,1,0
5914,2024-03-27 16:37:05,Onion Rings,2,22,1,0
5914,2024-03-27 16:37:05,Soft Drink,3,15,1,0
5915,2024-03-27 20:11:07,Soft Drink,2,15,1,0
5915,2024-03-27 20:11:07,Cheese Burger,3,50,1,0
5916,2024-03-27 18:50:43,Double Burger,1,65,1,0
5916,2024-03-27 18:50:43,Cheese Burger,2,50,1,0
5916,2024-03-27 18:50:43,Ice Cream,1,18,1,0
5916,2024-03-27 18:50:43,Soft Drink,1,15,1,0
5917,2024-03-27 17:15:24,Fries,3,20,1,0
5918,2024-03-27 17:43:57,Milkshake,1,28,1,0
5918,2024-03-27 17:43:57,Soft Drink,3,15,1,0
5919,2024-03-27 20:17:11,Chicken Nuggets,2,30,1,0
5920,2024-03-27 18:40:09,Fries,1,20,1,0
5920,2024-03-27 18:40:09,Chicken Nuggets,3,30,1,0
5920,2024-03-27 18:40:09,Milkshake,1,28,1,0
5920,2024-03-27 18:40:09,Classic Burger,1,45,1,0
5920,2024-03-27 18:40:09,Ice Cream,2,18,1,0
5921,2024-03-27 23:09:50,Soft Drink,2,15,1,0
5921,2024-03-27 23:09:50,Ice Cream,3,18,1,0
5921,2024-03-27 23:09:50,Fries,1,20,1,0
5921,2024-03-27 23:09:50,Chicken Burger,2,55,1,0
5921,2024-03-27 23:09:50,Classic Burger,1,45,1,0
5922,2024-03-28 15:31:29,Soft Drink,2,15,0,0
5922,2024-03-28 15:31:29,Cheese Burger,3,50,0,0
5923,2024-03-28 17:38:35,Fries,2,20,0,0
5924,2024-03-28 18:56:54,Fries,3,20,0,0
5924,2024-03-28 18:56:54,Cheese Burger,3,50,0,0
5924,2024-03-28 18:56:54,Soft Drink,1,15,0,0
5925,2024-03-28 23:24:13,Onion Rings,2,22,0,0
5925,2024-03-28 23:24:13,Cheese Burger,1,50,0,0
5925,2024-03-28 23:24:13,Soft Drink,2,15,0,0
5925,2024-03-28 23:24:13,Classic Burger,3,45,0,0
5926,2024-03-28 17:48:29,Classic Burger,1,45,0,0
5926,2024-03-28 17:48:29,Soft Drink,3,15,0,0
5927,2024-03-28 14:00:29,Ice Cream,1,18,0,0
5927,2024-03-28 14:00:29,Double Burger,3,65,0,0
5927,2024-03-28 14:00:29,Chicken Nuggets,1,30,0,0
5927,2024-03-28 14:00:29,Cheese Burger,3,50,0,0
5927,2024-03-28 14:00:29,Soft Drink,2,15,0,0
5928,2024-03-28 18:10:59,Ice Cream,3,18,0,0
5929,2024-03-28 11:19:34,Soft Drink,2,15,0,0
5929,2024-03-28 11:19:34,Ice Cream,1,18,0,0
5929,2024-03-28 11:19:34,Milkshake,3,28,0,0
5929,2024-03-28 11:19:34,Cheese Burger,3,50,0,0
5929,2024-03-28 11:19:34,Chicken Nuggets,2,30,0,0
5930,2024-03-28 17:22:33,Ice Cream,1,18,0,0
5930,2024-03-28 17:22:33,Soft Drink,2,15,0,0
5930,2024-03-28 17:22:33,Chicken Nuggets,1,30,0,0
5930,2024-03-28 17:22:33,Chicken Burger,3,55,0,0
5930,2024-03-28 17:22:33,Onion Rings,2,22,0,0
5931,2024-03-28 18:25:46,Double Burger,3,65,0,0
5931,2024-03-28 18:25:46,Soft Drink,3,15,0,0
5931,2024-03-28 18:25:46,Cheese Burger,2,50,0,0
5932,2024-03-28 20:07:36,Soft Drink,1,15,0,0
5932,2024-03-28 20:07:36,Classic Burger,1,45,0,0
5932,2024-03-28 20:07:36,Onion Rings,3,22,0,0
5933,2024-03-28 20:55:36,Cheese Burger,1,50,0,0
5933,2024-03-28 20:55:36,Ice Cream,1,18,0,0
5933,2024-03-28 20:55:36,Chicken Burger,3,55,0,0
5933,2024-03-28 20:55:36,Double Burger,1,65,0,0
5933,2024-03-28 20:55:36,Chicken Nuggets,3,30,0,0
5934,2024-03-28 16:00:37,Onion Rings,2,22,0,0
5934,2024-03-28 16:00:37,Cheese Burger,2,50,0,0
5934,2024-03-28 16:00:37,Soft Drink,1,15,0,0
5935,2024-03-28 17:47:16,Chicken Burger,1,55,0,0
5936,2024-03-28 15:06:11,Classic Burger,2,45,0,0
5936,2024-03-28 15:06:11,Chicken Burger,1,55,0,0
5936,2024-03-28 15:06:11,Chicken Nuggets,2,30,0,0
5936,2024-03-28 15:06:11,Double Burger,3,65,0,0
5936,2024-03-28 15:06:11,Cheese Burger,3,50,0,0
5937,2024-03-28 14:14:41,Chicken Nuggets,3,30,0,0
5937,2024-03-28 14:14:41,Ice Cream,2,18,0,0
5937,2024-03-28 14:14:41,Fries,2,20,0,0
5937,2024-03-28 14:14:41,Double Burger,1,65,0,0
5938,2024-03-28 18:04:49,Cheese Burger,3,50,0,0
5938,2024-03-28 18:04:49,Milkshake,2,28,0,0
5939,2024-03-28 14:06:38,Chicken Nuggets,3,30,0,0
5939,2024-03-28 14:06:38,Double Burger,2,65,0,0
5940,2024-03-28 16:00:00,Cheese Burger,1,50,0,0
5940,2024-03-28 16:00:00,Double Burger,2,65,0,0
5940,2024-03-28 16:00:00,Soft Drink,1,15,0,0
5941,2024-03-28 15:31:53,Double Burger,3,65,0,0
5941,2024-03-28 15:31:53,Chicken Burger,3,55,0,0
5942,2024-03-28 19:13:16,Classic Burger,2,45,0,0
5942,2024-03-28 19:13:16,Soft Drink,1,15,0,0
5942,2024-03-28 19:13:16,Cheese Burger,3,50,0,0
5942,2024-03-28 19:13:16,Milkshake,3,28,0,0
5942,2024-03-28 19:13:16,Onion Rings,3,22,0,0
5943,2024-03-28 23:56:09,Ice Cream,3,18,0,0
5943,2024-03-28 23:56:09,Milkshake,2,28,0,0
5943,2024-03-28 23:56:09,Onion Rings,1,22,0,0
5943,2024-03-28 23:56:09,Soft Drink,3,15,0,0
5944,2024-03-28 14:57:23,Onion Rings,1,22,0,0
5945,2024-03-28 12:01:15,Fries,1,20,0,0
5945,2024-03-28 12:01:15,Chicken Nuggets,1,30,0,0
5946,2024-03-28 17:36:45,Chicken Burger,3,55,0,0
5946,2024-03-28 17:36:45,Soft Drink,1,15,0,0
5947,2024-03-28 18:09:44,Ice Cream,2,18,0,0
5947,2024-03-28 18:09:44,Chicken Nuggets,3,30,0,0
5947,2024-03-28 18:09:44,Fries,2,20,0,0
5947,2024-03-28 18:09:44,Double Burger,1,65,0,0
5947,2024-03-28 18:09:44,Classic Burger,2,45,0,0
5948,2024-03-28 18:29:18,Classic Burger,2,45,0,0
5949,2024-03-28 16:00:59,Soft Drink,3,15,0,0
5949,2024-03-28 16:00:59,Chicken Burger,2,55,0,0
5949,2024-03-28 16:00:59,Ice Cream,2,18,0,0
5949,2024-03-28 16:00:59,Cheese Burger,3,50,0,0
5949,2024-03-28 16:00:59,Chicken Nuggets,1,30,0,0
5950,2024-03-28 17:42:22,Chicken Burger,2,55,0,0
5950,2024-03-28 17:42:22,Classic Burger,1,45,0,0
5951,2024-03-28 19:45:39,Ice Cream,1,18,0,0
5951,2024-03-28 19:45:39,Onion Rings,3,22,0,0
5951,2024-03-28 19:45:39,Double Burger,3,65,0,0
5951,2024-03-28 19:45:39,Chicken Burger,2,55,0,0
5952,2024-03-28 21:10:40,Ice Cream,3,18,0,0
5952,2024-03-28 21:10:40,Onion Rings,3,22,0,0
5952,2024-03-28 21:10:40,Chicken Burger,2,55,0,0
5952,2024-03-28 21:10:40,Double Burger,2,65,0,0
5952,2024-03-28 21:10:40,Cheese Burger,2,50,0,0
5953,2024-03-28 12:55:51,Fries,1,20,0,0
5954,2024-03-28 16:31:39,Double Burger,2,65,0,0
5954,2024-03-28 16:31:39,Chicken Burger,2,55,0,0
5954,2024-03-28 16:31:39,Cheese Burger,3,50,0,0
5955,2024-03-28 18:57:16,Onion Rings,2,22,0,0
5955,2024-03-28 18:57:16,Double Burger,3,65,0,0
5955,2024-03-28 18:57:16,Milkshake,3,28,0,0
5955,2024-03-28 18:57:16,Soft Drink,2,15,0,0
5956,2024-03-29 17:03:17,Chicken Burger,1,55,1,0
5957,2024-03-29 19:09:43,Ice Cream,2,18,1,0
5957,2024-03-29 19:09:43,Soft Drink,2,15,1,0
5958,2024-03-29 16:53:09,Fries,1,20,1,0
5958,2024-03-29 16:53:09,Chicken Burger,2,55,1,0
5958,2024-03-29 16:53:09,Chicken Nuggets,2,30,1,0
5958,2024-03-29 16:53:09,Ice Cream,3,18,1,0
5958,2024-03-29 16:53:09,Soft Drink,2,15,1,0
5959,2024-03-29 12:12:23,Classic Burger,3,45,1,0
5959,2024-03-29 12:12:23,Onion Rings,1,22,1,0
5959,2024-03-29 12:12:23,Double Burger,3,65,1,0
5959,2024-03-29 12:12:23,Ice Cream,1,18,1,0
5959,2024-03-29 12:12:23,Soft Drink,3,15,1,0
5960,2024-03-29 16:07:40,Soft Drink,1,15,1,0
5960,2024-03-29 16:07:40,Cheese Burger,1,50,1,0
5961,2024-03-29 21:17:23,Ice Cream,3,18,1,0
5961,2024-03-29 21:17:23,Onion Rings,3,22,1,0
5961,2024-03-29 21:17:23,Double Burger,2,65,1,0
5962,2024-03-29 16:12:06,Classic Burger,1,45,1,0
5963,2024-03-29 15:04:09,Double Burger,3,65,1,0
5964,2024-03-29 20:24:09,Double Burger,2,65,1,0
5965,2024-03-29 17:50:47,Ice Cream,2,18,1,0
5965,2024-03-29 17:50:47,Onion Rings,2,22,1,0
5966,2024-03-29 16:18:41,Onion Rings,1,22,1,0
5966,2024-03-29 16:18:41,Cheese Burger,2,50,1,0
5966,2024-03-29 16:18:41,Double Burger,2,65,1,0
5966,2024-03-29 16:18:41,Classic Burger,1,45,1,0
5967,2024-03-29 18:27:23,Cheese Burger,2,50,1,0
5967,2024-03-29 18:27:23,Onion Rings,3,22,1,0
5967,2024-03-29 18:27:23,Milkshake,2,28,1,0
5967,2024-03-29 18:27:23,Classic Burger,2,45,1,0
5967,2024-03-29 18:27:23,Chicken Burger,3,55,1,0
5968,2024-03-29 20:44:14,Soft Drink,1,15,1,0
5968,2024-03-29 20:44:14,Cheese Burger,3,50,1,0
5968,2024-03-29 20:44:14,Chicken Burger,1,55,1,0
5968,2024-03-29 20:44:14,Ice Cream,1,18,1,0
5968,2024-03-29 20:44:14,Milkshake,1,28,1,0
5969,2024-03-29 23:46:47,Chicken Burger,3,55,1,0
5969,2024-03-29 23:46:47,Fries,2,20,1,0
5969,2024-03-29 23:46:47,Ice Cream,3,18,1,0
5969,2024-03-29 23:46:47,Chicken Nuggets,1,30,1,0
5970,2024-03-29 20:22:15,Double Burger,1,65,1,0
5970,2024-03-29 20:22:15,Chicken Burger,2,55,1,0
5971,2024-03-29 21:22:37,Soft Drink,2,15,1,0
5972,2024-03-29 16:22:02,Classic Burger,3,45,1,0
5972,2024-03-29 16:22:02,Fries,1,20,1,0
5972,2024-03-29 16:22:02,Chicken Burger,2,55,1,0
5973,2024-03-29 14:47:58,Milkshake,2,28,1,0
5973,2024-03-29 14:47:58,Double Burger,1,65,1,0
5973,2024-03-29 14:47:58,Ice Cream,2,18,1,0
5974,2024-03-29 18:55:13,Chicken Burger,2,55,1,0
5974,2024-03-29 18:55:13,Soft Drink,1,15,1,0
5975,2024-03-29 18:26:53,Onion Rings,3,22,1,0
5976,2024-03-29 14:56:12,Onion Rings,1,22,1,0
5977,2024-03-29 17:31:08,Double Burger,3,65,1,0
5977,2024-03-29 17:31:08,Cheese Burger,3,50,1,0
5977,2024-03-29 17:31:08,Milkshake,3,28,1,0
5978,2024-03-29 19:59:48,Milkshake,1,28,1,0
5979,2024-03-29 19:47:24,Cheese Burger,2,50,1,0
5979,2024-03-29 19:47:24,Milkshake,1,28,1,0
5979,2024-03-29 19:47:24,Classic Burger,3,45,1,0
5980,2024-03-29 19:36:24,Onion Rings,2,22,1,0
5980,2024-03-29 19:36:24,Double Burger,3,65,1,0
5981,2024-03-29 18:05:17,Chicken Burger,2,55,1,0
5981,2024-03-29 18:05:17,Classic Burger,3,45,1,0
5981,2024-03-29 18:05:17,Ice Cream,3,18,1,0
5982,2024-03-29 16:33:26,Classic Burger,3,45,1,0
5983,2024-03-29 16:16:07,Double Burger,3,65,1,0
5984,2024-03-29 14:07:13,Chicken Nuggets,3,30,1,0
5984,2024-03-29 14:07:13,Ice Cream,3,18,1,0
5984,2024-03-29 14:07:13,Soft Drink,3,15,1,0
5985,2024-03-29 23:48:46,Double Burger,2,65,1,0
5985,2024-03-29 23:48:46,Chicken Nuggets,1,30,1,0
5986,2024-03-29 18:58:28,Soft Drink,3,15,1,0
5986,2024-03-29 18:58:28,Classic Burger,1,45,1,0
5986,2024-03-29 18:58:28,Cheese Burger,2,50,1,0
5987,2024-03-29 17:55:32,Ice Cream,1,18,1,0
5987,2024-03-29 17:55:32,Classic Burger,2,45,1,0
5987,2024-03-29 17:55:32,Chicken Nuggets,3,30,1,0
5987,2024-03-29 17:55:32,Milkshake,1,28,1,0
5987,2024-03-29 17:55:32,Chicken Burger,1,55,1,0
5988,2024-03-29 15:56:38,Ice Cream,3,18,1,0
5989,2024-03-29 23:10:37,Chicken Burger,1,55,1,0
5990,2024-03-29 14:29:48,Onion Rings,1,22,1,0
5990,2024-03-29 14:29:48,Chicken Nuggets,1,30,1,0
5990,2024-03-29 14:29:48,Fries,2,20,1,0
5990,2024-03-29 14:29:48,Soft Drink,2,15,1,0
5991,2024-03-29 16:49:49,Chicken Nuggets,3,30,1,0
5992,2024-03-29 19:35:35,Onion Rings,1,22,1,0
5993,2024-03-29 19:09:25,Classic Burger,3,45,1,0
5994,2024-03-29 20:08:25,Milkshake,1,28,1,0
5994,2024-03-29 20:08:25,Fries,2,20,1,0
5994,2024-03-29 20:08:25,Cheese Burger,2,50,1,0
5994,2024-03-29 20:08:25,Chicken Burger,3,55,1,0
5995,2024-03-29 23:49:11,Ice Cream,2,18,1,0
5995,2024-03-29 23:49:11,Onion Rings,1,22,1,0
5995,2024-03-29 23:49:11,Milkshake,2,28,1,0
5995,2024-03-29 23:49:11,Soft Drink,1,15,1,0
5995,2024-03-29 23:49:11,Chicken Nuggets,3,30,1,0
5996,2024-03-29 19:32:28,Fries,2,20,1,0
5996,2024-03-29 19:32:28,Onion Rings,1,22,1,0
5997,2024-03-29 14:14:24,Classic Burger,2,45,1,0
5997,2024-03-29 14:14:24,Chicken Nuggets,2,30,1,0
5997,2024-03-29 14:14:24,Double Burger,3,65,1,0
5997,2024-03-29 14:14:24,Milkshake,3,28,1,0
5997,2024-03-29 14:14:24,Cheese Burger,1,50,1,0
5998,2024-03-29 17:41:37,Double Burger,3,65,1,0
5998,2024-03-29 17:41:37,Fries,3,20,1,0
5999,2024-03-29 18:42:26,Ice Cream,2,18,1,0
5999,2024-03-29 18:42:26,Chicken Burger,3,55,1,0
5999,2024-03-29 18:42:26,Double Burger,2,65,1,0
6000,2024-03-29 23:56:25,Milkshake,3,28,1,0
6000,2024-03-29 23:56:25,Onion Rings,1,22,1,0
6000,2024-03-29 23:56:25,Chicken Nuggets,2,30,1,0
6001,2024-03-30 20:43:42,Double Burger,2,65,1,0
6001,2024-03-30 20:43:42,Classic Burger,3,45,1,0
6001,2024-03-30 20:43:42,Chicken Nuggets,2,30,1,0
6001,2024-03-30 20:43:42,Fries,2,20,1,0
6002,2024-03-30 17:29:53,Chicken Nuggets,2,30,1,0
6003,2024-03-30 15:02:03,Chicken Nuggets,3,30,1,0
6004,2024-03-30 20:23:12,Chicken Burger,2,55,1,0
6004,2024-03-30 20:23:12,Ice Cream,2,18,1,0
6005,2024-03-30 19:47:38,Milkshake,1,28,1,0
6005,2024-03-30 19:47:38,Ice Cream,3,18,1,0
6006,2024-03-30 20:43:51,Double Burger,1,65,1,0
6006,2024-03-30 20:43:51,Cheese Burger,2,50,1,0
6006,2024-03-30 20:43:51,Ice Cream,2,18,1,0
6007,2024-03-30 17:45:06,Double Burger,3,65,1,0
6007,2024-03-30 17:45:06,Ice Cream,3,18,1,0
6007,2024-03-30 17:45:06,Cheese Burger,1,50,1,0
6008,2024-03-30 16:17:01,Onion Rings,1,22,1,0
6008,2024-03-30 16:17:01,Milkshake,3,28,1,0
6008,2024-03-30 16:17:01,Soft Drink,3,15,1,0
6008,2024-03-30 16:17:01,Ice Cream,3,18,1,0
6008,2024-03-30 16:17:01,Chicken Burger,2,55,1,0
6009,2024-03-30 13:03:26,Milkshake,2,28,1,0
6009,2024-03-30 13:03:26,Soft Drink,1,15,1,0
6009,2024-03-30 13:03:26,Cheese Burger,1,50,1,0
6009,2024-03-30 13:03:26,Ice Cream,1,18,1,0
6010,2024-03-30 20:52:43,Cheese Burger,1,50,1,0
6010,2024-03-30 20:52:43,Classic Burger,1,45,1,0
6010,2024-03-30 20:52:43,Double Burger,3,65,1,0
6010,2024-03-30 20:52:43,Chicken Burger,1,55,1,0
6010,2024-03-30 20:52:43,Milkshake,2,28,1,0
6011,2024-03-30 19:17:31,Classic Burger,3,45,1,0
6012,2024-03-30 15:19:53,Fries,2,20,1,0
6012,2024-03-30 15:19:53,Classic Burger,1,45,1,0
6012,2024-03-30 15:19:53,Chicken Nuggets,3,30,1,0
6012,2024-03-30 15:19:53,Ice Cream,2,18,1,0
6013,2024-03-30 16:38:07,Double Burger,3,65,1,0
6014,2024-03-30 16:06:21,Onion Rings,2,22,1,0
6015,2024-03-30 13:42:25,Classic Burger,1,45,1,0
6015,2024-03-30 13:42:25,Double Burger,2,65,1,0
6015,2024-03-30 13:42:25,Chicken Burger,2,55,1,0
6016,2024-03-30 15:39:52,Chicken Nuggets,3,30,1,0
6016,2024-03-30 15:39:52,Milkshake,1,28,1,0
6016,2024-03-30 15:39:52,Onion Rings,3,22,1,0
6016,2024-03-30 15:39:52,Double Burger,3,65,1,0
6017,2024-03-30 14:19:30,Fries,2,20,1,0
6018,2024-03-30 16:34:15,Soft Drink,1,15,1,0
6018,2024-03-30 16:34:15,Chicken Nuggets,1,30,1,0
6019,2024-03-30 15:44:52,Milkshake,2,28,1,0
6019,2024-03-30 15:44:52,Double Burger,1,65,1,0
6019,2024-03-30 15:44:52,Chicken Nuggets,3,30,1,0
6019,2024-03-30 15:44:52,Chicken Burger,1,55,1,0
6020,2024-03-30 13:04:42,Onion Rings,3,22,1,0
6020,2024-03-30 13:04:42,Double Burger,1,65,1,0
6020,2024-03-30 13:04:42,Soft Drink,2,15,1,0
6020,2024-03-30 13:04:42,Chicken Burger,2,55,1,0
6020,2024-03-30 13:04:42,Milkshake,1,28,1,0
6021,2024-03-30 23:48:32,Double Burger,2,65,1,0
6021,2024-03-30 23:48:32,Soft Drink,3,15,1,0
6022,2024-03-30 21:27:11,Ice Cream,1,18,1,0
6022,2024-03-30 21:27:11,Cheese Burger,2,50,1,0
6022,2024-03-30 21:27:11,Double Burger,1,65,1,0
6023,2024-03-30 15:52:59,Chicken Burger,3,55,1,0
6023,2024-03-30 15:52:59,Cheese Burger,2,50,1,0
6024,2024-03-30 18:26:13,Ice Cream,1,18,1,0
6024,2024-03-30 18:26:13,Classic Burger,3,45,1,0
6024,2024-03-30 18:26:13,Cheese Burger,1,50,1,0
6025,2024-03-30 19:43:28,Chicken Burger,3,55,1,0
6025,2024-03-30 19:43:28,Soft Drink,1,15,1,0
6025,2024-03-30 19:43:28,Double Burger,3,65,1,0
6025,2024-03-30 19:43:28,Ice Cream,1,18,1,0
6026,2024-03-30 21:47:14,Double Burger,2,65,1,0
6027,2024-03-30 15:50:33,Chicken Nuggets,1,30,1,0
6027,2024-03-30 15:50:33,Cheese Burger,3,50,1,0
6028,2024-03-30 21:22:24,Chicken Burger,1,55,1,0
6028,2024-03-30 21:22:24,Soft Drink,2,15,1,0
6028,2024-03-30 21:22:24,Milkshake,2,28,1,0
6028,2024-03-30 21:22:24,Fries,1,20,1,0
6029,2024-03-30 16:45:28,Milkshake,3,28,1,0
6030,2024-03-30 13:54:02,Milkshake,2,28,1,0
6030,2024-03-30 13:54:02,Classic Burger,2,45,1,0
6031,2024-03-30 20:31:31,Fries,3,20,1,0
6031,2024-03-30 20:31:31,Classic Burger,1,45,1,0
6031,2024-03-30 20:31:31,Milkshake,3,28,1,0
6032,2024-03-30 21:53:10,Chicken Burger,3,55,1,0
6033,2024-03-30 23:11:20,Fries,1,20,1,0
6033,2024-03-30 23:11:20,Ice Cream,3,18,1,0
6033,2024-03-30 23:11:20,Chicken Burger,1,55,1,0
6034,2024-03-30 14:48:20,Cheese Burger,3,50,1,0
6034,2024-03-30 14:48:20,Chicken Nuggets,3,30,1,0
6034,2024-03-30 14:48:20,Ice Cream,1,18,1,0
6034,2024-03-30 14:48:20,Soft Drink,3,15,1,0
6035,2024-03-30 20:09:07,Chicken Burger,1,55,1,0
6036,2024-03-30 16:55:59,Double Burger,3,65,1,0
6036,2024-03-30 16:55:59,Milkshake,2,28,1,0
6036,2024-03-30 16:55:59,Chicken Burger,3,55,1,0
6036,2024-03-30 16:55:59,Cheese Burger,2,50,1,0
6037,2024-03-30 20:12:10,Cheese Burger,1,50,1,0
6038,2024-03-30 13:47:52,Chicken Nuggets,1,30,1,0
6038,2024-03-30 13:47:52,Onion Rings,3,22,1,0
6038,2024-03-30 13:47:52,Chicken Burger,2,55,1,0
6038,2024-03-30 13:47:52,Soft Drink,2,15,1,0
6038,2024-03-30 13:47:52,Double Burger,3,65,1,0
6039,2024-03-30 14:54:14,Onion Rings,2,22,1,0
6039,2024-03-30 14:54:14,Chicken Burger,1,55,1,0
6039,2024-03-30 14:54:14,Milkshake,1,28,1,0
6040,2024-03-30 15:38:41,Fries,2,20,1,0
6040,2024-03-30 15:38:41,Soft Drink,1,15,1,0
6040,2024-03-30 15:38:41,Ice Cream,2,18,1,0
6040,2024-03-30 15:38:41,Classic Burger,2,45,1,0
6040,2024-03-30 15:38:41,Onion Rings,2,22,1,0
6041,2024-03-30 18:21:08,Double Burger,3,65,1,0
6042,2024-03-30 16:24:30,Onion Rings,2,22,1,0
6043,2024-03-30 19:09:38,Chicken Nuggets,1,30,1,0
6043,2024-03-30 19:09:38,Milkshake,2,28,1,0
6043,2024-03-30 19:09:38,Onion Rings,1,22,1,0
6043,2024-03-30 19:09:38,Double Burger,3,65,1,0
6044,2024-03-30 21:35:54,Fries,3,20,1,0
6044,2024-03-30 21:35:54,Chicken Burger,1,55,1,0
6045,2024-03-30 19:39:15,Onion Rings,2,22,1,0
6046,2024-03-30 22:43:33,Ice Cream,2,18,1,0
6046,2024-03-30 22:43:33,Milkshake,2,28,1,0
6046,2024-03-30 22:43:33,Chicken Burger,2,55,1,0
6046,2024-03-30 22:43:33,Double Burger,3,65,1,0
6047,2024-03-30 19:53:17,Chicken Nuggets,3,30,1,0
6048,2024-03-30 14:25:43,Soft Drink,1,15,1,0
6048,2024-03-30 14:25:43,Onion Rings,2,22,1,0
6049,2024-03-30 22:25:27,Ice Cream,3,18,1,0
6049,2024-03-30 22:25:27,Milkshake,1,28,1,0
6050,2024-03-30 16:26:29,Cheese Burger,2,50,1,0
6050,2024-03-30 16:26:29,Milkshake,3,28,1,0
6050,2024-03-30 16:26:29,Classic Burger,3,45,1,0
6051,2024-03-30 20:15:39,Chicken Nuggets,2,30,1,0
6051,2024-03-30 20:15:39,Classic Burger,1,45,1,0
6052,2024-03-30 22:03:36,Chicken Nuggets,2,30,1,0
6052,2024-03-30 22:03:36,Double Burger,2,65,1,0
6052,2024-03-30 22:03:36,Fries,1,20,1,0
6053,2024-03-30 19:30:41,Chicken Burger,2,55,1,0
6054,2024-03-30 13:13:04,Chicken Nuggets,2,30,1,0
6054,2024-03-30 13:13:04,Soft Drink,2,15,1,0
6054,2024-03-30 13:13:04,Milkshake,1,28,1,0
6054,2024-03-30 13:13:04,Chicken Burger,2,55,1,0
6055,2024-03-30 15:27:45,Cheese Burger,1,50,1,0
6055,2024-03-30 15:27:45,Onion Rings,1,22,1,0
6055,2024-03-30 15:27:45,Fries,2,20,1,0
6055,2024-03-30 15:27:45,Classic Burger,1,45,1,0
6056,2024-03-30 21:03:25,Classic Burger,1,45,1,0
6056,2024-03-30 21:03:25,Chicken Burger,3,55,1,0
6056,2024-03-30 21:03:25,Ice Cream,3,18,1,0
6056,2024-03-30 21:03:25,Chicken Nuggets,2,30,1,0
6056,2024-03-30 21:03:25,Milkshake,3,28,1,0
6057,2024-03-30 17:44:37,Fries,3,20,1,0
6057,2024-03-30 17:44:37,Onion Rings,3,22,1,0
6058,2024-03-30 18:01:52,Fries,2,20,1,0
6058,2024-03-30 18:01:52,Chicken Burger,1,55,1,0
6059,2024-03-30 20:26:01,Milkshake,2,28,1,0
6059,2024-03-30 20:26:01,Chicken Nuggets,1,30,1,0
6059,2024-03-30 20:26:01,Onion Rings,3,22,1,0
6059,2024-03-30 20:26:01,Fries,2,20,1,0
6060,2024-03-30 20:01:26,Onion Rings,3,22,1,0
6060,2024-03-30 20:01:26,Double Burger,1,65,1,0
6060,2024-03-30 20:01:26,Classic Burger,1,45,1,0
6060,2024-03-30 20:01:26,Soft Drink,3,15,1,0
6060,2024-03-30 20:01:26,Ice Cream,1,18,1,0
6061,2024-03-30 18:07:18,Soft Drink,2,15,1,0
6062,2024-03-30 17:45:54,Milkshake,2,28,1,0
6062,2024-03-30 17:45:54,Soft Drink,3,15,1,0
6062,2024-03-30 17:45:54,Ice Cream,3,18,1,0
6063,2024-03-30 17:35:17,Soft Drink,2,15,1,0
6063,2024-03-30 17:35:17,Cheese Burger,2,50,1,0
6063,2024-03-30 17:35:17,Classic Burger,3,45,1,0
6063,2024-03-30 17:35:17,Onion Rings,3,22,1,0
6064,2024-03-30 20:55:59,Classic Burger,1,45,1,0
6064,2024-03-30 20:55:59,Chicken Burger,3,55,1,0
6065,2024-03-30 19:46:48,Ice Cream,3,18,1,0
6065,2024-03-30 19:46:48,Cheese Burger,2,50,1,0
6065,2024-03-30 19:46:48,Classic Burger,2,45,1,0
6065,2024-03-30 19:46:48,Fries,3,20,1,0
6065,2024-03-30 19:46:48,Milkshake,3,28,1,0
6066,2024-03-30 17:31:02,Chicken Nuggets,2,30,1,0
6066,2024-03-30 17:31:02,Cheese Burger,1,50,1,0
6066,2024-03-30 17:31:02,Ice Cream,2,18,1,0
6066,2024-03-30 17:31:02,Fries,3,20,1,0
6066,2024-03-30 17:31:02,Double Burger,3,65,1,0
6067,2024-03-30 21:58:02,Chicken Burger,3,55,1,0
6068,2024-03-30 17:49:51,Milkshake,1,28,1,0
6068,2024-03-30 17:49:51,Classic Burger,2,45,1,0
6069,2024-03-30 15:16:36,Milkshake,3,28,1,0
6069,2024-03-30 15:16:36,Onion Rings,1,22,1,0
6070,2024-03-30 15:18:05,Milkshake,3,28,1,0
6070,2024-03-30 15:18:05,Ice Cream,1,18,1,0
6070,2024-03-30 15:18:05,Chicken Nuggets,1,30,1,0
6070,2024-03-30 15:18:05,Soft Drink,1,15,1,0
6071,2024-03-30 15:40:26,Fries,3,20,1,0
6071,2024-03-30 15:40:26,Chicken Burger,3,55,1,0
6071,2024-03-30 15:40:26,Onion Rings,2,22,1,0
6071,2024-03-30 15:40:26,Ice Cream,2,18,1,0
6071,2024-03-30 15:40:26,Chicken Nuggets,2,30,1,0
6072,2024-03-30 17:59:31,Chicken Nuggets,2,30,1,0
6072,2024-03-30 17:59:31,Double Burger,2,65,1,0
6073,2024-03-30 21:29:11,Milkshake,2,28,1,0
6074,2024-03-30 15:25:54,Chicken Burger,2,55,1,0
6074,2024-03-30 15:25:54,Ice Cream,3,18,1,0
6074,2024-03-30 15:25:54,Onion Rings,3,22,1,0
6074,2024-03-30 15:25:54,Fries,1,20,1,0
6074,2024-03-30 15:25:54,Soft Drink,3,15,1,0
6075,2024-03-30 18:16:05,Cheese Burger,1,50,1,0
6075,2024-03-30 18:16:05,Chicken Burger,2,55,1,0
6075,2024-03-30 18:16:05,Chicken Nuggets,3,30,1,0
6076,2024-03-30 16:32:45,Milkshake,3,28,1,0
6076,2024-03-30 16:32:45,Fries,1,20,1,0
6076,2024-03-30 16:32:45,Cheese Burger,3,50,1,0
6076,2024-03-30 16:32:45,Classic Burger,3,45,1,0
6076,2024-03-30 16:32:45,Chicken Nuggets,2,30,1,0
6077,2024-03-30 17:44:27,Double Burger,1,65,1,0
6077,2024-03-30 17:44:27,Ice Cream,2,18,1,0
6077,2024-03-30 17:44:27,Classic Burger,1,45,1,0
6077,2024-03-30 17:44:27,Fries,1,20,1,0
6077,2024-03-30 17:44:27,Onion Rings,2,22,1,0
6078,2024-03-30 13:55:41,Fries,3,20,1,0
6079,2024-03-30 17:24:00,Classic Burger,1,45,1,0
6079,2024-03-30 17:24:00,Ice Cream,2,18,1,0
6079,2024-03-30 17:24:00,Soft Drink,3,15,1,0
6079,2024-03-30 17:24:00,Onion Rings,2,22,1,0
6080,2024-03-30 17:47:20,Milkshake,2,28,1,0
6081,2024-03-30 19:37:22,Classic Burger,3,45,1,0
6082,2024-03-31 18:38:14,Fries,3,20,0,0
6082,2024-03-31 18:38:14,Cheese Burger,1,50,0,0
6082,2024-03-31 18:38:14,Chicken Nuggets,2,30,0,0
6083,2024-03-31 18:18:41,Chicken Burger,3,55,0,0
6083,2024-03-31 18:18:41,Fries,2,20,0,0
6083,2024-03-31 18:18:41,Double Burger,3,65,0,0
6083,2024-03-31 18:18:41,Classic Burger,2,45,0,0
6084,2024-03-31 17:42:10,Onion Rings,1,22,0,0
6084,2024-03-31 17:42:10,Milkshake,1,28,0,0
6084,2024-03-31 17:42:10,Soft Drink,3,15,0,0
6085,2024-03-31 16:57:42,Milkshake,3,28,0,0
6085,2024-03-31 16:57:42,Ice Cream,2,18,0,0
6086,2024-03-31 18:51:34,Onion Rings,2,22,0,0
6086,2024-03-31 18:51:34,Chicken Nuggets,1,30,0,0
6086,2024-03-31 18:51:34,Double Burger,2,65,0,0
6086,2024-03-31 18:51:34,Milkshake,2,28,0,0
6087,2024-03-31 19:05:15,Cheese Burger,3,50,0,0
6087,2024-03-31 19:05:15,Chicken Nuggets,3,30,0,0
6087,2024-03-31 19:05:15,Chicken Burger,3,55,0,0
6088,2024-03-31 12:45:07,Chicken Nuggets,3,30,0,0
6089,2024-03-31 16:46:26,Milkshake,1,28,0,0
6090,2024-03-31 17:11:31,Chicken Nuggets,3,30,0,0
6091,2024-03-31 18:09:52,Cheese Burger,2,50,0,0
6091,2024-03-31 18:09:52,Onion Rings,2,22,0,0
6092,2024-03-31 21:36:57,Ice Cream,1,18,0,0
6093,2024-03-31 15:48:46,Fries,1,20,0,0
6093,2024-03-31 15:48:46,Onion Rings,3,22,0,0
6093,2024-03-31 15:48:46,Cheese Burger,2,50,0,0
6094,2024-03-31 16:21:26,Milkshake,3,28,0,0
6094,2024-03-31 16:21:26,Cheese Burger,1,50,0,0
6095,2024-03-31 16:54:30,Chicken Burger,2,55,0,0
6095,2024-03-31 16:54:30,Classic Burger,3,45,0,0
6095,2024-03-31 16:54:30,Double Burger,3,65,0,0
6095,2024-03-31 16:54:30,Onion Rings,3,22,0,0
6096,2024-03-31 15:27:31,Onion Rings,3,22,0,0
6096,2024-03-31 15:27:31,Fries,2,20,0,0
6096,2024-03-31 15:27:31,Cheese Burger,3,50,0,0
6096,2024-03-31 15:27:31,Milkshake,3,28,0,0
6097,2024-03-31 16:56:36,Classic Burger,2,45,0,0
6097,2024-03-31 16:56:36,Chicken Burger,3,55,0,0
6097,2024-03-31 16:56:36,Ice Cream,2,18,0,0
6098,2024-03-31 20:18:35,Chicken Nuggets,1,30,0,0
6098,2024-03-31 20:18:35,Chicken Burger,2,55,0,0
6098,2024-03-31 20:18:35,Onion Rings,1,22,0,0
6098,2024-03-31 20:18:35,Cheese Burger,2,50,0,0
6098,2024-03-31 20:18:35,Milkshake,1,28,0,0
6099,2024-03-31 14:42:28,Chicken Burger,2,55,0,0
6099,2024-03-31 14:42:28,Onion Rings,3,22,0,0
6099,2024-03-31 14:42:28,Soft Drink,3,15,0,0
6100,2024-03-31 19:11:47,Double Burger,1,65,0,0
6100,2024-03-31 19:11:47,Chicken Nuggets,3,30,0,0
6100,2024-03-31 19:11:47,Classic Burger,2,45,0,0
6100,2024-03-31 19:11:47,Chicken Burger,3,55,0,0
6100,2024-03-31 19:11:47,Ice Cream,1,18,0,0
6101,2024-03-31 12:18:38,Onion Rings,3,22,0,0
6101,2024-03-31 12:18:38,Ice Cream,3,18,0,0
6101,2024-03-31 12:18:38,Classic Burger,1,45,0,0
6102,2024-03-31 16:30:23,Fries,1,20,0,0
6103,2024-03-31 17:26:18,Classic Burger,3,45,0,0
6104,2024-03-31 23:37:40,Double Burger,3,65,0,0
6104,2024-03-31 23:37:40,Fries,1,20,0,0
6104,2024-03-31 23:37:40,Milkshake,3,28,0,0
6104,2024-03-31 23:37:40,Ice Cream,1,18,0,0
6105,2024-03-31 17:37:19,Chicken Nuggets,2,30,0,0
6105,2024-03-31 17:37:19,Ice Cream,1,18,0,0
6105,2024-03-31 17:37:19,Fries,1,20,0,0
6106,2024-03-31 11:14:15,Chicken Burger,3,55,0,0
6106,2024-03-31 11:14:15,Double Burger,3,65,0,0
6106,2024-03-31 11:14:15,Soft Drink,1,15,0,0
6107,2024-03-31 12:27:44,Double Burger,3,65,0,0
6108,2024-03-31 18:38:41,Cheese Burger,3,50,0,0
6108,2024-03-31 18:38:41,Ice Cream,2,18,0,0
6109,2024-03-31 19:01:15,Chicken Nuggets,3,30,0,0
6109,2024-03-31 19:01:15,Cheese Burger,2,50,0,0
6109,2024-03-31 19:01:15,Chicken Burger,3,55,0,0
6110,2024-03-31 19:54:26,Milkshake,1,28,0,0
6111,2024-03-31 18:36:10,Double Burger,1,65,0,0
6111,2024-03-31 18:36:10,Chicken Burger,1,55,0,0
6112,2024-03-31 21:59:04,Fries,3,20,0,0
6112,2024-03-31 21:59:04,Cheese Burger,3,50,0,0
6112,2024-03-31 21:59:04,Milkshake,1,28,0,0
6112,2024-03-31 21:59:04,Classic Burger,1,45,0,0
6112,2024-03-31 21:59:04,Chicken Nuggets,2,30,0,0
6113,2024-03-31 16:40:46,Fries,2,20,0,0
6113,2024-03-31 16:40:46,Milkshake,2,28,0,0
6113,2024-03-31 16:40:46,Double Burger,1,65,0,0
6114,2024-03-31 20:12:54,Ice Cream,3,18,0,0
6114,2024-03-31 20:12:54,Onion Rings,1,22,0,0
6114,2024-03-31 20:12:54,Milkshake,2,28,0,0
6114,2024-03-31 20:12:54,Cheese Burger,1,50,0,0
6115,2024-03-31 13:56:33,Milkshake,2,28,0,0
6115,2024-03-31 13:56:33,Soft Drink,3,15,0,0
6115,2024-03-31 13:56:33,Ice Cream,2,18,0,0
6115,2024-03-31 13:56:33,Fries,3,20,0,0
6116,2024-03-31 15:18:20,Milkshake,1,28,0,0
6116,2024-03-31 15:18:20,Chicken Burger,3,55,0,0
6116,2024-03-31 15:18:20,Cheese Burger,3,50,0,0
6116,2024-03-31 15:18:20,Soft Drink,1,15,0,0
6116,2024-03-31 15:18:20,Ice Cream,2,18,0,0
6117,2024-03-31 12:07:38,Soft Drink,2,15,0,0
6117,2024-03-31 12:07:38,Classic Burger,1,45,0,0
6118,2024-03-31 17:56:04,Fries,2,20,0,0
6118,2024-03-31 17:56:04,Cheese Burger,1,50,0,0
6119,2024-03-31 17:06:35,Fries,3,20,0,0
6119,2024-03-31 17:06:35,Chicken Burger,2,55,0,0
6119,2024-03-31 17:06:35,Milkshake,3,28,0,0
6119,2024-03-31 17:06:35,Onion Rings,1,22,0,0
6120,2024-03-31 18:41:55,Onion Rings,3,22,0,0
6120,2024-03-31 18:41:55,Double Burger,1,65,0,0
6120,2024-03-31 18:41:55,Chicken Burger,3,55,0,0
6120,2024-03-31 18:41:55,Classic Burger,2,45,0,0
6120,2024-03-31 18:41:55,Cheese Burger,2,50,0,0
6121,2024-03-31 18:43:22,Double Burger,1,65,0,0
6121,2024-03-31 18:43:22,Cheese Burger,1,50,0,0
6121,2024-03-31 18:43:22,Chicken Nuggets,2,30,0,0
6121,2024-03-31 18:43:22,Fries,1,20,0,0
6121,2024-03-31 18:43:22,Milkshake,3,28,0,0
6122,2024-03-31 15:09:38,Chicken Burger,3,55,0,0
6123,2024-03-31 17:56:04,Classic Burger,2,45,0,0
6124,2024-03-31 13:56:37,Double Burger,3,65,0,0
6124,2024-03-31 13:56:37,Onion Rings,3,22,0,0
6124,2024-03-31 13:56:37,Milkshake,2,28,0,0
6124,2024-03-31 13:56:37,Chicken Nuggets,1,30,0,0
6124,2024-03-31 13:56:37,Fries,3,20,0,0
6125,2024-03-31 22:03:37,Chicken Nuggets,2,30,0,0
6126,2024-03-31 17:09:45,Milkshake,1,28,0,0
6126,2024-03-31 17:09:45,Fries,1,20,0,0
6127,2024-03-31 16:05:30,Fries,3,20,0,0
6127,2024-03-31 16:05:30,Soft Drink,3,15,0,0
6127,2024-03-31 16:05:30,Chicken Nuggets,2,30,0,0
6128,2024-03-31 22:54:32,Classic Burger,3,45,0,0
6128,2024-03-31 22:54:32,Fries,2,20,0,0
6128,2024-03-31 22:54:32,Onion Rings,3,22,0,0
6128,2024-03-31 22:54:32,Soft Drink,1,15,0,0
6129,2024-03-31 14:17:32,Milkshake,2,28,0,0
6129,2024-03-31 14:17:32,Classic Burger,3,45,0,0
6129,2024-03-31 14:17:32,Double Burger,1,65,0,0
6129,2024-03-31 14:17:32,Fries,1,20,0,0
6129,2024-03-31 14:17:32,Onion Rings,3,22,0,0
6130,2024-03-31 14:41:24,Fries,3,20,0,0
6130,2024-03-31 14:41:24,Chicken Burger,1,55,0,0
6131,2024-03-31 14:11:21,Soft Drink,3,15,0,0
6131,2024-03-31 14:11:21,Fries,1,20,0,0
6132,2024-03-31 17:37:22,Onion Rings,3,22,0,0
6133,2024-03-31 19:48:08,Milkshake,1,28,0,0
6133,2024-03-31 19:48:08,Fries,1,20,0,0
6134,2024-03-31 20:42:06,Chicken Nuggets,1,30,0,0
6134,2024-03-31 20:42:06,Classic Burger,2,45,0,0
6134,2024-03-31 20:42:06,Chicken Burger,1,55,0,0
6134,2024-03-31 20:42:06,Cheese Burger,1,50,0,0
6135,2024-03-31 23:45:11,Milkshake,2,28,0,0
6135,2024-03-31 23:45:11,Fries,2,20,0,0
6135,2024-03-31 23:45:11,Cheese Burger,2,50,0,0
6135,2024-03-31 23:45:11,Chicken Burger,3,55,0,0
6135,2024-03-31 23:45:11,Ice Cream,1,18,0,0
6136,2024-03-31 11:23:26,Classic Burger,1,45,0,0
6136,2024-03-31 11:23:26,Onion Rings,1,22,0,0
6136,2024-03-31 11:23:26,Double Burger,2,65,0,0
6137,2024-03-31 19:37:11,Chicken Nuggets,1,30,0,0
6137,2024-03-31 19:37:11,Ice Cream,3,18,0,0
6137,2024-03-31 19:37:11,Double Burger,3,65,0,0
6137,2024-03-31 19:37:11,Chicken Burger,3,55,0,0
6138,2024-03-31 16:29:23,Cheese Burger,2,50,0,0
6138,2024-03-31 16:29:23,Fries,1,20,0,0
6138,2024-03-31 16:29:23,Chicken Nuggets,1,30,0,0
6138,2024-03-31 16:29:23,Milkshake,1,28,0,0
6139,2024-03-31 16:01:23,Ice Cream,1,18,0,0
6140,2024-03-31 16:03:48,Chicken Burger,3,55,0,0
6140,2024-03-31 16:03:48,Chicken Nuggets,1,30,0,0
6140,2024-03-31 16:03:48,Fries,1,20,0,0
6140,2024-03-31 16:03:48,Onion Rings,2,22,0,0
6140,2024-03-31 16:03:48,Double Burger,3,65,0,0
6141,2024-03-31 15:12:37,Chicken Nuggets,2,30,0,0
6141,2024-03-31 15:12:37,Milkshake,1,28,0,0
6142,2024-03-31 23:14:21,Milkshake,2,28,0,0
6142,2024-03-31 23:14:21,Chicken Nuggets,3,30,0,0
6142,2024-03-31 23:14:21,Double Burger,2,65,0,0
6142,2024-03-31 23:14:21,Chicken Burger,1,55,0,0
6142,2024-03-31 23:14:21,Onion Rings,1,22,0,0
6143,2024-03-31 20:26:41,Soft Drink,1,15,0,0
6143,2024-03-31 20:26:41,Classic Burger,1,45,0,0
6143,2024-03-31 20:26:41,Double Burger,1,65,0,0
6143,2024-03-31 20:26:41,Ice Cream,1,18,0,0
6143,2024-03-31 20:26:41,Milkshake,3,28,0,0
6144,2024-03-31 18:20:00,Fries,3,20,0,0
6144,2024-03-31 18:20:00,Onion Rings,3,22,0,0
6144,2024-03-31 18:20:00,Cheese Burger,3,50,0,0
6145,2024-03-31 22:24:28,Classic Burger,3,45,0,0
6145,2024-03-31 22:24:28,Soft Drink,2,15,0,0
6145,2024-03-31 22:24:28,Cheese Burger,2,50,0,0
6145,2024-03-31 22:24:28,Onion Rings,2,22,0,0
6145,2024-03-31 22:24:28,Ice Cream,1,18,0,0
6146,2024-03-31 13:50:21,Fries,2,20,0,0
6146,2024-03-31 13:50:21,Double Burger,3,65,0,0
6146,2024-03-31 13:50:21,Soft Drink,2,15,0,0
6146,2024-03-31 13:50:21,Ice Cream,3,18,0,0
6146,2024-03-31 13:50:21,Cheese Burger,2,50,0,0
6147,2024-03-31 14:35:00,Ice Cream,2,18,0,0
6147,2024-03-31 14:35:00,Chicken Nuggets,3,30,0,0
6147,2024-03-31 14:35:00,Fries,1,20,0,0
6147,2024-03-31 14:35:00,Double Burger,3,65,0,0
6147,2024-03-31 14:35:00,Soft Drink,3,15,0,0
6148,2024-03-31 11:23:10,Double Burger,3,65,0,0
6149,2024-03-31 15:40:13,Milkshake,2,28,0,0
6149,2024-03-31 15:40:13,Double Burger,2,65,0,0
6149,2024-03-31 15:40:13,Soft Drink,1,15,0,0
6149,2024-03-31 15:40:13,Classic Burger,3,45,0,0
6150,2024-03-31 18:28:58,Ice Cream,2,18,0,0
6150,2024-03-31 18:28:58,Double Burger,3,65,0,0
6150,2024-03-31 18:28:58,Chicken Nuggets,1,30,0,0
6150,2024-03-31 18:28:58,Onion Rings,3,22,0,0
6150,2024-03-31 18:28:58,Chicken Burger,2,55,0,0
6151,2024-03-31 18:37:17,Onion Rings,3,22,0,0
6152,2024-03-31 18:57:11,Ice Cream,3,18,0,0
6152,2024-03-31 18:57:11,Cheese Burger,3,50,0,0
6152,2024-03-31 18:57:11,Classic Burger,1,45,0,0
6152,2024-03-31 18:57:11,Double Burger,3,65,0,0
6152,2024-03-31 18:57:11,Chicken Burger,1,55,0,0
6153,2024-03-31 13:48:00,Classic Burger,3,45,0,0
6153,2024-03-31 13:48:00,Soft Drink,1,15,0,0
6153,2024-03-31 13:48:00,Chicken Nuggets,1,30,0,0
6153,2024-03-31 13:48:00,Ice Cream,3,18,0,0
6154,2024-03-31 20:42:06,Classic Burger,1,45,0,0
6154,2024-03-31 20:42:06,Chicken Nuggets,2,30,0,0
6154,2024-03-31 20:42:06,Onion Rings,2,22,0,0
6155,2024-03-31 18:52:01,Ice Cream,1,18,0,0
6155,2024-03-31 18:52:01,Onion Rings,2,22,0,0
6155,2024-03-31 18:52:01,Soft Drink,3,15,0,0
6156,2024-03-31 20:40:29,Fries,2,20,0,0
6156,2024-03-31 20:40:29,Chicken Nuggets,1,30,0,0
6157,2024-03-31 12:30:30,Chicken Burger,2,55,0,0
6157,2024-03-31 12:30:30,Fries,2,20,0,0
6157,2024-03-31 12:30:30,Double Burger,1,65,0,0
6157,2024-03-31 12:30:30,Chicken Nuggets,1,30,0,0
6157,2024-03-31 12:30:30,Onion Rings,3,22,0,0
6158,2024-03-31 18:19:29,Cheese Burger,2,50,0,0
